  CHK     include/config/kernel.release
  GEN     ./Makefile
  CHK     include/generated/uapi/linux/version.h
  CC      scripts/mod/empty.o
  CC      scripts/mod/devicetable-offsets.s
  CHK     scripts/mod/devicetable-offsets.h
  Using .. as source for kernel
  MKELF   scripts/mod/elfconfig.h
  HOSTCC  scripts/mod/modpost.o
  HOSTCC  scripts/mod/file2alias.o
  HOSTCC  scripts/mod/sumversion.o
  CHK     include/generated/utsrelease.h
../scripts/mod/modpost.c: In function ‘match’:
../scripts/mod/modpost.c:794:30: warning: assignment discards ‘const’ qualifier from pointer target type [-Wdiscarded-qualifiers]
  794 |                         here = strstr(sym, bare);
      |                              ^
  CHK     include/generated/timeconst.h
  CC      kernel/bounds.s
  CHK     include/generated/bounds.h
  CC      arch/arm64/kernel/asm-offsets.s
  CHK     include/generated/asm-offsets.h
  CALL    ../scripts/checksyscalls.sh
  HOSTLD  scripts/mod/modpost
  VDSOC   arch/arm64/kernel/vdso/vgettimeofday.o
  VDSOL   arch/arm64/kernel/vdso/vdso.so.dbg
  VDSOSYM include/generated/vdso-offsets.h
  CHK     include/generated/compile.h
  CC      init/main.o
  CC      arch/arm64/net/bpf_jit_comp.o
  CC      init/do_mounts.o
  CC      init/do_mounts_rd.o
  CC      init/do_mounts_initrd.o
  CC      init/do_mounts_md.o
  CC      init/do_mounts_dm.o
  CC      init/noinitramfs.o
  CC      init/initramfs.o
  CC      arch/arm64/mm/dma-mapping.o
  CC      init/calibrate.o
  CC      certs/system_keyring.o
  CC      arch/arm64/crypto/sha1-ce-glue.o
  CC      arch/arm64/kernel/debug-monitors.o
  CC      init/init_task.o
  CC      arch/arm64/mm/extable.o
  CC      mm/filemap.o
  CC      kernel/fork.o
  CC      init/version.o
  CC      mm/mempool.o
  CC      arch/arm64/mm/fault.o
  LD      certs/built-in.o
  CC      arch/arm64/mm/init.o
  CC      mm/oom_kill.o
  CC      kernel/exec_domain.o
  CC      arch/arm64/crypto/sha2-ce-glue.o
  CC      kernel/panic.o
  CC      arch/arm64/kernel/irq.o
  CC      arch/arm64/kernel/fpsimd.o
  LD      arch/arm64/net/built-in.o
  CC      arch/arm64/mm/copypage.o
  CC      kernel/cpu.o
  CC      security/integrity/iint.o
  LD      init/mounts.o
  LD      init/built-in.o
  CC      arch/arm64/mm/flush.o
  CC      mm/maccess.o
  CC      arch/arm64/crypto/ghash-ce-glue.o
  CC      security/keys/gc.o
  CC      arch/arm64/mm/ioremap.o
  CC      arch/arm64/mm/mmap.o
  CC      mm/page_alloc.o
  CC      arch/arm64/kernel/process.o
  CC      mm/page-writeback.o
  CC      kernel/exit.o
  CC      fs/open.o
  LD      security/integrity/integrity.o
  LD      security/integrity/built-in.o
  CC      security/pfe/pfk.o
  CC      crypto/api.o
  CC      security/keys/key.o
  CC      security/pfe/pfk_kc.o
  CC      arch/arm64/kernel/ptrace.o
  CC      arch/arm64/mm/pgd.o
  CC      arch/arm64/crypto/poly-hash-ce-glue.o
  CC      security/pfe/pfk_ice.o
  CC      security/selinux/avc.o
  CC      security/smack/smack_lsm.o
  CC      arch/arm64/mm/mmu.o
  CC      mm/readahead.o
  CC      arch/arm64/kernel/setup.o
  CC      arch/arm64/mm/context.o
  CC      block/bio.o
  CC      arch/arm64/crypto/aes-ce-glue.o
  CC      crypto/cipher.o
  CC      security/pfe/pfk_ext4.o
  CC      fs/read_write.o
  CC      security/keys/keyring.o
  CC      fs/file_table.o
  CC      security/keys/keyctl.o
  CC      arch/arm64/crypto/aes-ce-ccm-glue.o
  CC      kernel/softirq.o
  CC      security/selinux/hooks.o
  CC      security/pfe/pfk_ecryptfs.o
  CC      crypto/compress.o
  CC      arch/arm64/mm/pageattr.o
  CC      arch/arm64/kernel/signal.o
  CC      security/commoncap.o
  CC      security/smack/smack_access.o
  CC      mm/swap.o
  CC      drivers/acpi/tables.o
  CC      mm/truncate.o
  CC      security/keys/permission.o
  CC      mm/vmscan.o
  CC      fs/super.o
  CC      arch/arm64/crypto/aes-glue-ce.o
  LD      arch/arm64/mm/built-in.o
  CC      crypto/memneq.o
  CC      fs/char_dev.o
  CC      block/elevator.o
  LD      security/pfe/built-in.o
  CC      fs/stat.o
  CC      arch/arm64/kernel/sys.o
  CC      block/blk-core.o
  CC      kernel/resource.o
  CC      drivers/acpi/osl.o
  CC      security/smack/smackfs.o
  CC      security/keys/process_keys.o
  CC      arch/arm64/crypto/aes-glue-neon.o
  CC      security/min_addr.o
  CC      arch/arm64/kernel/stacktrace.o
  CC      crypto/crypto_wq.o
  CC      kernel/sysctl.o
  CC      fs/exec.o
  CC      security/selinux/selinuxfs.o
  CC      arch/arm64/kernel/time.o
  CC      security/keys/request_key.o
  CC      security/security.o
  CC      arch/arm64/crypto/aes-cipher-glue.o
  CC      fs/pipe.o
  CC      arch/arm64/crypto/crc32-arm64.o
  CC      security/selinux/netlink.o
  CC      drivers/acpi/utils.o
  CC      block/blk-tag.o
  CC      crypto/algapi.o
  CC      security/keys/request_key_auth.o
  LD      security/smack/smack.o
  CC      arch/arm64/kernel/traps.o
  LD      security/smack/built-in.o
  CC      block/blk-sysfs.o
  CC      mm/shmem.o
  LD      arch/arm64/crypto/sha1-ce.o
  CC      arch/arm64/kernel/io.o
  LD      arch/arm64/crypto/sha2-ce.o
  LD      arch/arm64/crypto/ghash-ce.o
  LD      arch/arm64/crypto/poly-hash-ce.o
  LD      arch/arm64/crypto/aes-ce-cipher.o
  CC      security/keys/user_defined.o
  LD      arch/arm64/crypto/aes-ce-ccm.o
  LD      arch/arm64/crypto/aes-ce-blk.o
  LD      arch/arm64/crypto/aes-neon-blk.o
  LD      arch/arm64/crypto/aes-arm64.o
  LD      arch/arm64/crypto/built-in.o
  CC      block/blk-flush.o
  CC      security/selinux/nlmsgtab.o
  CC      drivers/acpi/reboot.o
  CC      security/selinux/netif.o
  CC      security/keys/compat.o
  CC      drivers/acpi/nvs.o
  CC      fs/namei.o
  CC      security/selinux/netnode.o
  CC      kernel/sysctl_binary.o
  CC      arch/arm64/kernel/vdso.o
  CC      kernel/capability.o
  CC      security/keys/proc.o
  CC      drivers/amba/bus.o
  CC      sound/sound_core.o
  CC      kernel/ptrace.o
  CC      drivers/acpi/wakeup.o
  CC      drivers/android/binder.o
  CC      crypto/scatterwalk.o
  CC      kernel/user.o
  CC      block/blk-settings.o
  CC      block/blk-ioc.o
  CC      arch/arm64/kernel/psci.o
  CC      security/keys/sysctl.o
  CC      security/selinux/netport.o
  CC      mm/util.o
  CC      crypto/proc.o
  CC      drivers/acpi/device_sysfs.o
  CC      security/selinux/exports.o
  LD      drivers/amba/built-in.o
  CC      crypto/aead.o
  CC      arch/arm64/kernel/cpu_ops.o
  CC      sound/core/sound.o
  CC      sound/core/init.o
  CC      security/keys/encrypted-keys/encrypted.o
  CC      drivers/acpi/device_pm.o
  CC      crypto/ablkcipher.o
  CC      block/blk-map.o
  CC      kernel/signal.o
  CC      kernel/sys.o
  CC      security/selinux/ss/ebitmap.o
  CC      arch/arm64/kernel/insn.o
  CC      security/selinux/ss/hashtab.o
  CC      fs/fcntl.o
  CC      mm/mmzone.o
  CC      sound/core/memory.o
  CC      kernel/kmod.o
  CC      security/keys/encrypted-keys/ecryptfs_format.o
  CC      crypto/blkcipher.o
  CC      block/blk-exec.o
  CC      mm/vmstat.o
  CC      arch/arm64/kernel/return_address.o
  CC      block/blk-merge.o
  CC      fs/ioctl.o
  CC      drivers/acpi/bus.o
  CC      security/selinux/ss/symtab.o
  LD      security/keys/encrypted-keys/encrypted-keys.o
  LD      security/keys/encrypted-keys/built-in.o
  LD      security/keys/built-in.o
  CC      mm/backing-dev.o
  CC      sound/core/control.o
  CC      security/selinux/ss/sidtab.o
  CC      crypto/skcipher.o
  CC      drivers/android/binder_alloc.o
  CC      arch/arm64/kernel/cpuinfo.o
  CC      drivers/base/component.o
  CC      kernel/workqueue.o
  CC      arch/arm64/kernel/cpu_errata.o
  CC      arch/arm64/lib/delay.o
  CC      net/socket.o
  CC      fs/readdir.o
  CC      drivers/acpi/glue.o
  CC      mm/mm_init.o
  CC      block/blk-softirq.o
  CC      kernel/pid.o
  CC      kernel/task_work.o
  CC      arch/arm64/kernel/cpufeature.o
  CC      security/selinux/ss/avtab.o
  CC      drivers/base/core.o
  CC      security/selinux/ss/policydb.o
  LD      drivers/android/built-in.o
  AR      arch/arm64/lib/lib.a
  CC      arch/arm64/kernel/alternative.o
  CC      crypto/chainiv.o
  CC      sound/core/misc.o
  CC      sound/core/device.o
  CC      mm/mmu_context.o
  CC      fs/select.o
  CC      drivers/acpi/scan.o
  CC      fs/dcache.o
  CC      block/blk-timeout.o
  CC      arch/arm64/kernel/cacheinfo.o
  CC      crypto/eseqiv.o
  CC      fs/inode.o
  CC      sound/core/info.o
  CC      arch/arm64/kernel/smp.o
  CC      mm/percpu.o
  CC      sound/core/ctljack.o
  CC      lib/lockref.o
  CC      block/blk-iopoll.o
  CC      drivers/block/brd.o
  CC      kernel/extable.o
  CC      crypto/seqiv.o
  CC      drivers/bluetooth/bluetooth-power.o
  CC      drivers/acpi/resource.o
  CC      drivers/base/bus.o
  CC      lib/bcd.o
  CC      security/selinux/ss/services.o
  CC      sound/core/jack.o
  CC      lib/div64.o
  CC      drivers/base/dd.o
  CC      net/802/p8022.o
  CC      kernel/params.o
  CC      lib/sort.o
  CC      arch/arm64/kernel/smp_spin_table.o
  CC      drivers/block/loop.o
  CC      fs/attr.o
  CC      block/blk-lib.o
  CC      mm/slab_common.o
  CC      crypto/echainiv.o
  CC      lib/parser.o
../kernel/params.c:403:22: warning: default initialization of an object of type 'struct kernel_param' with const member leaves the object uninitialized [-Wdefault-const-init-field-unsafe]
  403 |         struct kernel_param dummy;
      |                             ^
../include/linux/moduleparam.h:72:12: note: member 'perm' declared 'const' here
   72 |         const u16 perm;
      |                   ^
../kernel/params.c:459:22: warning: default initialization of an object of type 'struct kernel_param' with const member leaves the object uninitialized [-Wdefault-const-init-field-unsafe]
  459 |         struct kernel_param kp;
      |                             ^
../include/linux/moduleparam.h:72:12: note: member 'perm' declared 'const' here
   72 |         const u16 perm;
      |                   ^
  CC      drivers/bluetooth/btfm_slim.o
  CC      drivers/block/zram/zcomp.o
  CC      drivers/acpi/acpi_processor.o
  CC      sound/core/hwdep.o
  CC      sound/core/timer.o
2 warnings generated.
  CC      arch/arm64/kernel/topology.o
  CC      drivers/base/syscore.o
  CC      lib/halfmd4.o
  CC      kernel/kthread.o
  CC      crypto/ahash.o
../drivers/bluetooth/btfm_slim.c:270:11: warning: default initialization of an object of type 'typeof (timeout)' (aka 'const unsigned long') leaves the object uninitialized [-Wdefault-const-init-var-unsafe]
  270 |         } while (time_before(jiffies, timeout));
      |                  ^
../include/linux/jiffies.h:105:26: note: expanded from macro 'time_before'
  105 | #define time_before(a,b)        time_after(b,a)
      |                                 ^
../include/linux/jiffies.h:102:3: note: expanded from macro 'time_after'
  102 |         (typecheck(unsigned long, a) && \
      |          ^
../include/linux/typecheck.h:10:12: note: expanded from macro 'typecheck'
   10 |         typeof(x) __dummy2; \
      |                   ^
  CC      net/802/psnap.o
  CC      fs/bad_inode.o
  CC      drivers/block/zram/zram_drv.o
1 warning generated.
  CC      block/blk-mq.o
  CC      lib/debug_locks.o
  CC      drivers/bluetooth/btfm_slim_codec.o
  CC      security/selinux/ss/conditional.o
  CC      drivers/acpi/processor_core.o
  CC      arch/arm64/kernel/sys32.o
  CC      lib/random32.o
  CC      drivers/base/driver.o
  CC      security/selinux/ss/mls.o
  CC      fs/file.o
  CC      drivers/bluetooth/btfm_slim_wcn3990.o
  CC      sound/core/pcm.o
  CC      mm/compaction.o
  CC      kernel/sys_ni.o
  DTC     arch/arm64/boot/dts/qcom/sdm660-mtp-lavender.dtb
  CC      net/802/stp.o
  CC      arch/arm64/kernel/signal32.o
  CC      crypto/shash.o
  LD      drivers/block/zram/zram.o
  LD      drivers/block/zram/built-in.o
  LD      drivers/block/built-in.o
  CC      kernel/nsproxy.o
  CC      lib/bust_spinlocks.o
  CC      drivers/acpi/ec.o
  CC      drivers/base/class.o
  CC      drivers/acpi/pci_root.o
  CC      drivers/base/platform.o
  LD      drivers/bluetooth/built-in.o
  CC      security/selinux/ss/status.o
  CC      net/bluetooth/af_bluetooth.o
  CC      lib/kasprintf.o
  CC      fs/filesystems.o
  CC      block/blk-mq-tag.o
  CC      kernel/notifier.o
  CC      arch/arm64/kernel/sys_compat.o
  CC      sound/core/pcm_native.o
  CC      net/bluetooth/hci_core.o
  LD      net/802/built-in.o
  CC      drivers/base/cpu.o
  CC      drivers/acpi/pci_link.o
  CC      crypto/pcompress.o
  DTC     arch/arm64/boot/dts/qcom/sdm660-mtp-lavender-overlay.dtbo
  CC      lib/bitmap.o
  CC      lib/scatterlist.o
  CC      net/bridge/br.o
  CC      security/selinux/netlabel.o
  CC      crypto/akcipher.o
  CC      arch/arm64/kernel/arm64ksyms.o
  CC      fs/namespace.o
  CC      kernel/ksysfs.o
  CC      mm/vmacache.o
  CC      block/blk-mq-sysfs.o
  CC      block/blk-mq-cpu.o
  CC      drivers/acpi/pci_irq.o
  CC      drivers/base/firmware.o
  CC      drivers/acpi/acpi_lpss.o
  CC      block/blk-mq-cpumap.o
  CC      mm/interval_tree.o
  CC      lib/gcd.o
  CC      kernel/cred.o
  CC      net/bridge/br_device.o
  CC      arch/arm64/kernel/module.o
  CC      crypto/algboss.o
  LD      security/selinux/selinux.o
  LD      security/selinux/built-in.o
  LD      security/built-in.o
  CC      lib/lcm.o
  CC      drivers/base/init.o
  CC      block/ioctl.o
  CC      drivers/acpi/acpi_apd.o
  CC      drivers/acpi/acpi_platform.o
  CC      lib/list_sort.o
  CC      drivers/base/map.o
  CC      arch/arm64/kernel/module-plts.o
  CC      mm/list_lru.o
  CC      net/core/sock.o
  CC      mm/workingset.o
  CC      lib/uuid.o
  CC      sound/core/pcm_lib.o
  CC      sound/core/pcm_misc.o
  CC      net/bluetooth/hci_conn.o
  CC      drivers/base/devres.o
  CC      crypto/testmgr.o
  CC      arch/arm64/kernel/perf_regs.o
  CC      lib/flex_array.o
  CC      kernel/reboot.o
  CC      block/genhd.o
  CC      drivers/acpi/acpi_pnp.o
  CC      fs/seq_file.o
  CC      arch/arm64/kernel/perf_callchain.o
  CC      mm/debug.o
  CC      kernel/async.o
  CC      net/bridge/br_fdb.o
  CC      kernel/range.o
  CC      sound/core/pcm_memory.o
  CC      lib/iov_iter.o
  CC      net/bridge/br_forward.o
  CC      drivers/base/attribute_container.o
  CC      crypto/cmac.o
  CC      crypto/hmac.o
  CC      arch/arm64/kernel/perf_debug.o
  CC      kernel/smpboot.o
  CC      drivers/acpi/int340x_thermal.o
  CC      net/bluetooth/hci_event.o
  CC      mm/gup.o
  CC      fs/xattr.o
  CC      block/scsi_ioctl.o
  CC      arch/arm64/kernel/perf_trace_counters.o
  CC      sound/core/memalloc.o
  CC      kernel/groups.o
  CC      drivers/base/transport_class.o
  CC      crypto/xcbc.o
  CC      drivers/acpi/power.o
  CC      drivers/acpi/event.o
  CC      block/partition-generic.o
  CC      lib/clz_ctz.o
  CC      net/core/request_sock.o
  CC      lib/bsearch.o
  CC      net/bridge/br_if.o
  CC      arch/arm64/kernel/perf_trace_user.o
  CC      mm/highmem.o
  CC      drivers/base/topology.o
  CC      sound/core/pcm_timer.o
  CC      kernel/bpf/core.o
  CC      crypto/crypto_null.o
  CC      drivers/acpi/sysfs.o
  CC      fs/libfs.o
  CC      kernel/bpf/syscall.o
  CC      mm/memory.o
  CC      kernel/bpf/verifier.o
  CC      drivers/base/container.o
  CC      block/ioprio.o
  CC      lib/find_bit.o
  CC      drivers/base/property.o
  CC      sound/core/rawmidi.o
  CC      arch/arm64/kernel/hw_breakpoint.o
  CC      lib/llist.o
  CC      drivers/acpi/property.o
  CC      net/core/skbuff.o
  CC      net/bluetooth/mgmt.o
  CC      sound/core/compress_offload.o
  CC      crypto/md4.o
  CC      net/bridge/br_input.o
  CC      lib/memweight.o
  CC      fs/fs-writeback.o
  CC      net/bridge/br_ioctl.o
  CC      lib/kfifo.o
  CC      arch/arm64/kernel/suspend.o
  CC      block/partitions/check.o
  CC      arch/arm64/kernel/cpuidle.o
  CC      crypto/md5.o
  CC      drivers/acpi/debugfs.o
  CC      drivers/base/cacheinfo.o
  CC      lib/percpu-refcount.o
  CC      fs/pnode.o
  CC      mm/mincore.o
  LD      sound/core/snd.o
  LD      sound/core/snd-hwdep.o
  LD      sound/core/snd-timer.o
  LD      sound/core/snd-pcm.o
  LD      sound/core/snd-rawmidi.o
  LD      sound/core/snd-compress.o
  LD      sound/core/built-in.o
  CC      arch/arm64/kernel/jump_label.o
  CC      block/partitions/msdos.o
  CC      block/partitions/efi.o
  CC      kernel/bpf/inode.o
  CC      net/bluetooth/hci_sock.o
  CC      arch/arm64/kernel/pci.o
  CC      crypto/sha1_generic.o
  CC      net/bridge/br_stp.o
  CC      lib/percpu_ida.o
  CC      drivers/acpi/acpi_lpat.o
  CC      fs/splice.o
  CC      drivers/base/dma-contiguous.o
  CC      mm/mlock.o
  CC      kernel/bpf/helpers.o
  CC      arch/arm64/kernel/armv8_deprecated.o
  LD      block/partitions/built-in.o
  CC      block/bounce.o
  CC      lib/rhashtable.o
  CC      net/core/datagram.o
  CC      crypto/sha256_generic.o
  CC      drivers/base/power/sysfs.o
  CC      drivers/acpi/gsi.o
  CC      net/core/stream.o
  CC      net/bridge/br_stp_bpdu.o
  CC      mm/mmap.o
  CC      kernel/bpf/hashtab.o
  CC      net/bluetooth/hci_sysfs.o
  CC      drivers/base/power/generic_ops.o
  CC      arch/arm64/kernel/acpi.o
  CC      fs/sync.o
  CC      sound/soc/soc-core.o
  CC      arch/arm64/kernel/kaslr.o
  CC      block/bsg.o
  CC      lib/reciprocal_div.o
  CC      crypto/sha512_generic.o
  CC      lib/once.o
  CC      net/bluetooth/l2cap_core.o
  CC      drivers/acpi/button.o
  CC      drivers/base/power/common.o
  CC      lib/hash.o
  CC      net/bridge/br_stp_if.o
  CC      sound/soc/soc-dapm.o
  CC      net/core/scm.o
  CC      drivers/acpi/acpica/dsargs.o
  CC      kernel/bpf/arraymap.o
  OBJCOPY arch/arm64/kernel/vdso/vdso.so
  AS      arch/arm64/kernel/vdso/vdso.o
  CC      sound/soc/soc-jack.o
  CC      lib/string_helpers.o
  LD      arch/arm64/kernel/vdso/built-in.o
  CC      fs/utimes.o
  LD      arch/arm64/kernel/built-in.o
  CC      crypto/gf128mul.o
  CC      mm/mprotect.o
  CC      block/blk-cgroup.o
  CC      drivers/acpi/acpica/dscontrol.o
  CC      lib/hexdump.o
  CC      drivers/acpi/acpica/dsdebug.o
  CC      drivers/base/power/qos.o
  CC      net/core/gen_stats.o
  CC      lib/kstrtox.o
  CC      net/core/gen_estimator.o
  CC      fs/stack.o
  CC      drivers/acpi/acpica/dsfield.o
  CC      net/bridge/br_stp_timer.o
  CC      kernel/bpf/percpu_freelist.o
  CC      net/bluetooth/l2cap_sock.o
  CC      mm/mremap.o
  CC      kernel/events/core.o
  CC      crypto/ecb.o
  CC      kernel/bpf/stackmap.o
  CC      lib/pci_iomap.o
  CC      kernel/events/ring_buffer.o
  CC      drivers/acpi/acpica/dsinit.o
  CC      fs/fs_struct.o
  CC      drivers/base/power/runtime.o
  CC      block/noop-iosched.o
  CC      net/bridge/br_netlink.o
  CC      sound/soc/soc-cache.o
  CC      drivers/acpi/acpica/dsmethod.o
  CC      lib/iomap_copy.o
  CC      crypto/cbc.o
  CC      mm/msync.o
  CC      net/core/net_namespace.o
  CC      fs/statfs.o
  CC      kernel/bpf/cgroup.o
  CC      lib/devres.o
  CC      drivers/acpi/acpica/dsmthdat.o
  CC      lib/hweight.o
  CC      crypto/heh.o
  CC      block/deadline-iosched.o
  CC      sound/soc/soc-utils.o
  CC      net/bridge/br_sysfs_if.o
  CC      mm/rmap.o
  CC      drivers/acpi/fan.o
  CC      kernel/events/callchain.o
  CC      drivers/acpi/acpica/dsobject.o
  CC      net/bluetooth/smp.o
  CC      drivers/base/power/wakeirq.o
  CC      drivers/base/power/main.o
  CC      fs/fs_pin.o
  CC      lib/assoc_array.o
  CC      block/cfq-iosched.o
  CC      crypto/cts.o
  CC      drivers/acpi/acpica/dsopcode.o
  CC      kernel/events/hw_breakpoint.o
  CC      sound/soc/soc-pcm.o
  CC      net/ethernet/eth.o
  LD      kernel/bpf/built-in.o
  CC      net/bluetooth/lib.o
  CC      net/core/secure_seq.o
  CC      fs/nsfs.o
  CC      net/bridge/br_sysfs_br.o
  CC      drivers/acpi/acpica/dsutils.o
  CC      mm/vmalloc.o
  CC      drivers/base/power/wakeup.o
  CC      lib/bitrev.o
  CC      crypto/xts.o
  CC      lib/rational.o
  CC      fs/buffer.o
  CC      net/core/flow_dissector.o
  CC      drivers/acpi/acpica/dswexec.o
  CC      net/core/sysctl_net_core.o
  CC      lib/crc-ccitt.o
  CC      net/bluetooth/ecc.o
  CC      mm/pagewalk.o
  CC      block/compat_ioctl.o
  CC      drivers/acpi/acpica/dswload.o
  LD      kernel/events/built-in.o
  CC      drivers/acpi/acpica/dswload2.o
  CC      net/bridge/br_multicast.o
  CC      lib/crc16.o
  LD      net/ethernet/built-in.o
  CC      crypto/ctr.o
  CC      crypto/gcm.o
  CC      kernel/irq/irqdesc.o
  CC      net/bridge/br_mdb.o
  CC      sound/soc/soc-io.o
  CC      drivers/base/power/opp/core.o
  CC      drivers/base/power/domain.o
  CC      net/bluetooth/hci_request.o
  CC      drivers/acpi/acpica/dswscope.o
  CC      mm/pgtable-generic.o
  CC      fs/block_dev.o
  CC      lib/crc32.o
  LD      block/built-in.o
  CC      drivers/base/power/domain_governor.o
  CC      net/core/dev.o
  CC      drivers/acpi/acpica/dswstate.o
  CC      net/bluetooth/mgmt_util.o
  CC      kernel/irq/handle.o
  CC      crypto/cryptd.o
  CC      mm/process_vm_access.o
  CC      sound/soc/soc-devres.o
  CC      drivers/acpi/acpica/evevent.o
  CC      drivers/base/power/opp/cpu.o
  CC      fs/direct-io.o
  CC      drivers/base/power/opp/debugfs.o
  CC      kernel/irq/manage.o
  CC      drivers/base/power/clock_ops.o
  CC      net/bridge/netfilter/ebtables.o
  CC      fs/mpage.o
  CC      drivers/acpi/acpica/evgpe.o
  CC      lib/libcrc32c.o
  CC      mm/showmem.o
  CC      kernel/irq/spurious.o
  CC      kernel/irq/resend.o
  CC      net/bluetooth/sco.o
  CC      kernel/locking/mutex.o
  CC      drivers/acpi/processor_driver.o
  LD      drivers/base/power/opp/built-in.o
  CC      crypto/des_generic.o
  LD      drivers/base/power/built-in.o
  CC      drivers/acpi/acpica/evgpeblk.o
  CC      sound/soc/soc-ops.o
  CC      mm/vmpressure.o
  CC      drivers/base/regmap/regmap.o
  CC      drivers/base/regmap/regcache.o
  CC      lib/genalloc.o
  CC      kernel/irq/chip.o
  CC      drivers/acpi/acpica/evgpeinit.o
  CC      kernel/locking/semaphore.o
  LD      net/bridge/bridge.o
  CC      kernel/irq/dummychip.o
  CC      fs/proc_namespace.o
  CC      kernel/irq/devres.o
  CC      mm/init-mm.o
  CC      drivers/acpi/acpica/evgpeutil.o
  CC      mm/nobootmem.o
  CC      crypto/twofish_generic.o
  CC      net/bluetooth/a2mp.o
  CC      sound/soc/soc-compress.o
  CC      drivers/acpi/acpica/evglock.o
  CC      lib/lz4/lz4_compress.o
  CC      drivers/acpi/acpica/evhandler.o
  CC      drivers/acpi/processor_perflib.o
  CC      kernel/locking/rwsem.o
  CC      lib/lzo/lzo1x_compress.o
  CC      kernel/power/qos.o
  CC      fs/configfs/inode.o
  CC      kernel/irq/autoprobe.o
  CC      crypto/twofish_common.o
  CC      net/bridge/netfilter/ebtable_broute.o
  CC      mm/fadvise.o
  CC      drivers/acpi/acpica/evmisc.o
  CC      lib/mpi/generic_mpih-lshift.o
  CC      kernel/locking/percpu-rwsem.o
  CC      lib/lzo/lzo1x_decompress_safe.o
  CC      lib/lz4/lz4_decompress.o
  CC      fs/configfs/file.o
  CC      drivers/base/regmap/regcache-rbtree.o
  CC      kernel/irq/irqdomain.o
  CC      drivers/acpi/acpica/evregion.o
  CC      net/bluetooth/amp.o
  CC      crypto/aes_generic.o
  CC      drivers/acpi/acpica/evrgnini.o
  CC      lib/mpi/generic_mpih-mul1.o
  CC      mm/madvise.o
  CC      kernel/locking/spinlock.o
  CC      sound/soc/codecs/msm_hdmi_codec_rx.o
  CC      kernel/power/main.o
  LD      lib/lz4/built-in.o
  LD      lib/lzo/lzo_compress.o
  LD      lib/lzo/lzo_decompress.o
  LD      lib/lzo/built-in.o
  LD      net/bridge/netfilter/built-in.o
  CC      drivers/base/regmap/regcache-lzo.o
  CC      lib/reed_solomon/reed_solomon.o
  LD      net/bridge/built-in.o
  CC      fs/configfs/dir.o
  CC      lib/mpi/generic_mpih-mul2.o
  CC      kernel/irq/proc.o
  CC      kernel/power/process.o
  CC      drivers/acpi/acpica/evsci.o
  CC      net/core/ethtool.o
  CC      net/core/dev_addr_lists.o
  CC      kernel/locking/osq_lock.o
  CC      drivers/acpi/acpica/evxface.o
  CC      net/bluetooth/hci_debugfs.o
  CC      crypto/arc4.o
  CC      lib/mpi/generic_mpih-mul3.o
  CC      drivers/base/regmap/regcache-flat.o
  CC      mm/memblock.o
  CC      sound/soc/codecs/wcd9335.o
  CC      kernel/irq/cpuhotplug.o
  CC      kernel/locking/lglock.o
  LD      lib/reed_solomon/built-in.o
  CC      drivers/acpi/acpica/evxfevnt.o
  CC      drivers/char/mem.o
  CC      kernel/power/suspend.o
  CC      fs/configfs/symlink.o
  CC      drivers/clk/clk-devres.o
  CC      lib/mpi/generic_mpih-rshift.o
  CC      drivers/base/regmap/regmap-debugfs.o
  CC      kernel/irq/pm.o
  CC      crypto/deflate.o
  CC      fs/crypto/crypto.o
  CC      drivers/acpi/acpica/evxfgpe.o
  CC      kernel/locking/rtmutex.o
  CC      fs/configfs/mount.o
  CC      drivers/char/random.o
  CC      mm/page_io.o
  CC      lib/mpi/generic_mpih-sub1.o
  LD      net/bluetooth/bluetooth.o
  CC      drivers/clk/clkdev.o
  LD      net/bluetooth/built-in.o
  CC      fs/debugfs/inode.o
  CC      drivers/acpi/acpica/evxfregn.o
  CC      drivers/base/regmap/regmap-i2c.o
  CC      crypto/crc32c_generic.o
  CC      net/ipc_router/ipc_router_core.o
  CC      net/core/dst.o
  CC      kernel/irq/msi.o
  CC      kernel/power/autosleep.o
  CC      fs/configfs/item.o
  CC      fs/crypto/fname.o
  CC      lib/mpi/generic_mpih-add1.o
  CC      kernel/locking/rwsem-xadd.o
  CC      drivers/acpi/acpica/exconfig.o
  CC      mm/swap_state.o
  CC      crypto/crc32.o
  CC      drivers/clk/clk.o
  CC      drivers/base/regmap/regmap-spi.o
  CC      fs/debugfs/file.o
  CC      lib/mpi/mpicoder.o
  CC      kernel/power/wakelock.o
  CC      drivers/acpi/acpica/exconvrt.o
  LD      fs/configfs/configfs.o
  LD      fs/configfs/built-in.o
  LD      kernel/locking/built-in.o
  CC      lib/mpi/mpi-bit.o
  CC      sound/soc/codecs/max98937/max98937.o
  LD      kernel/irq/built-in.o
  CC      crypto/authenc.o
  CC      fs/crypto/hooks.o
  CC      kernel/power/poweroff.o
  CC      mm/swapfile.o
  CC      drivers/char/misc.o
  CC      net/core/netevent.o
  CC      drivers/acpi/acpica/excreate.o
  CC      drivers/base/regmap/regmap-spmi.o
  CC      kernel/power/wakeup_reason.o
  CC      kernel/printk/printk.o
  CC      lib/mpi/mpi-cmp.o
  CC      kernel/rcu/update.o
  CC      kernel/rcu/sync.o
  LD      fs/debugfs/debugfs.o
  CC      net/ipc_router/ipc_router_socket.o
  LD      fs/debugfs/built-in.o
  CC      drivers/acpi/acpica/exdebug.o
  CC      fs/crypto/keyinfo.o
  LD      kernel/power/built-in.o
  CC      kernel/sched/core.o
  CC      crypto/authencesn.o
  CC      drivers/base/regmap/regmap-mmio.o
  CC      drivers/acpi/acpica/exdump.o
  LD      sound/soc/codecs/max98937/snd-soc-max98937.o
  LD      sound/soc/codecs/max98937/built-in.o
  CC      lib/mpi/mpih-cmp.o
  CC      drivers/char/diag/diagchar_core.o
  CC      net/core/neighbour.o
  CC      sound/soc/codecs/msm_sdw/msm_sdw_cdc.o
  CC      kernel/time/time.o
  CC      drivers/acpi/acpica/exfield.o
  CC      kernel/rcu/srcu.o
  CC      fs/crypto/policy.o
  CC      kernel/trace/trace_clock.o
  CC      lib/mpi/mpih-div.o
  CC      mm/swap_ratio.o
  CC      drivers/base/regmap/regmap-swr.o
  CC      drivers/clk/clk-divider.o
../drivers/char/diag/diagchar_core.c:3499:18: warning: a function declaration without a prototype is deprecated in all versions of C [-Wstrict-prototypes]
 3499 | void diag_ws_init()
      |                  ^
      |                   void
../drivers/char/diag/diagchar_core.c:3525:23: warning: a function declaration without a prototype is deprecated in all versions of C [-Wstrict-prototypes]
 3525 | void diag_ws_on_notify()
      |                       ^
      |                        void
../drivers/char/diag/diagchar_core.c:3668:21: warning: a function declaration without a prototype is deprecated in all versions of C [-Wstrict-prototypes]
 3668 | void diag_ws_release()
      |                     ^
      |                      void
  LD      kernel/printk/built-in.o
  CC      drivers/acpi/acpica/exfldio.o
  CC      lib/zlib_deflate/deflate.o
  CC      crypto/lzo.o
  CC      net/ipc_router/ipc_router_security.o
  CC      kernel/rcu/tree.o
  CC      mm/dmapool.o
  CC      kernel/trace/ring_buffer.o
  CC      lib/mpi/mpih-mul.o
  CC      kernel/time/timer.o
  CC      fs/crypto/bio.o
  LD      drivers/base/regmap/built-in.o
  CC      sound/soc/codecs/msm_sdw/msm_sdw_regmap.o
  CC      drivers/base/dma-mapping.o
  CC      crypto/lz4.o
  CC      drivers/acpi/acpica/exmutex.o
3 warnings generated.
  CC      lib/zlib_deflate/deftree.o
  CC      drivers/clk/clk-fixed-factor.o
  CC      drivers/char/diag/diagchar_hdlc.o
  CC      drivers/acpi/acpica/exnames.o
  CC      crypto/rng.o
  CC      lib/mpi/mpi-pow.o
  CC      mm/sparse.o
  CC      sound/soc/codecs/msm_sdw/msm-sdw-tables.o
  CC      lib/zlib_deflate/deflate_syms.o
  CC      drivers/char/diag/diagfwd.o
  CC      drivers/clk/clk-fixed-rate.o
  LD      fs/crypto/fscrypto.o
  LD      fs/crypto/built-in.o
  LD      net/ipc_router/built-in.o
  CC      mm/sparse-vmemmap.o
  CC      fs/devpts/inode.o
  CC      drivers/base/dma-coherent.o
  CC      drivers/acpi/acpica/exoparg1.o
  CC      net/core/rtnetlink.o
  CC      sound/soc/codecs/msm_sdw/msm_sdw_cdc_utils.o
  CC      kernel/trace/trace.o
  LD      lib/zlib_deflate/zlib_deflate.o
  CC      lib/mpi/mpiutil.o
  LD      lib/zlib_deflate/built-in.o
  CC      drivers/clk/clk-gate.o
  CC      drivers/char/hw_random/core.o
  CC      mm/slub.o
  CC      drivers/acpi/acpica/exoparg2.o
  CC      crypto/ansi_cprng.o
  CC      kernel/time/hrtimer.o
  CC      kernel/time/itimer.o
  LD      fs/devpts/devpts.o
  LD      fs/devpts/built-in.o
  CC      drivers/char/diag/diagfwd_glink.o
  CC      drivers/base/dma-removed.o
  LD      kernel/rcu/built-in.o
  CC      drivers/acpi/acpica/exoparg3.o
  CC      drivers/base/firmware_class.o
  CC      drivers/clk/clk-multiplier.o
  LD      lib/mpi/mpi.o
  LD      lib/mpi/built-in.o
  CC      fs/ext4/balloc.o
  LD      sound/soc/codecs/msm_sdw/snd-soc-msm-sdw.o
  LD      sound/soc/codecs/msm_sdw/built-in.o
  CC      lib/zlib_inflate/inffast.o
  CC      sound/soc/codecs/sdm660_cdc/msm-analog-cdc.o
  CC      crypto/drbg.o
  CC      drivers/char/hw_random/msm_rng.o
  CC      sound/soc/codecs/wcd934x/wcd934x.o
  CC      drivers/char/diag/diagfwd_peripheral.o
  CC      lib/zlib_inflate/inflate.o
  CC      drivers/acpi/acpica/exoparg6.o
  CC      kernel/time/posix-timers.o
  CC      drivers/clk/clk-mux.o
  CC      kernel/sched/loadavg.o
  CC      kernel/freezer.o
  CC      drivers/acpi/acpica/exprep.o
  CC      lib/zlib_inflate/infutil.o
  CC      drivers/base/module.o
  LD      drivers/char/hw_random/rng-core.o
  LD      drivers/char/hw_random/built-in.o
  CC      crypto/jitterentropy.o
  CC      mm/migrate.o
  CC      crypto/jitterentropy-kcapi.o
  CC      net/core/utils.o
  CC      drivers/clk/clk-composite.o
  CC      fs/f2fs/dir.o
  CC      fs/ext4/bitmap.o
  CC      drivers/char/diag/diagfwd_smd.o
  CC      drivers/acpi/acpica/exmisc.o
  CC      lib/zlib_inflate/inftrees.o
  CC      kernel/sched/clock.o
  CC      drivers/base/soc.o
  CC      kernel/trace/trace_output.o
  CC      lib/zlib_inflate/inflate_syms.o
  CC      kernel/time/posix-cpu-timers.o
  CC      drivers/clocksource/clksrc-probe.o
  CC      sound/soc/codecs/sdm660_cdc/msm-digital-cdc.o
  CC      drivers/clk/clk-fractional-divider.o
  CC      drivers/acpi/acpica/exregion.o
  CC      crypto/ghash-generic.o
  CC      kernel/sched/cputime.o
  CC      drivers/char/diag/diagfwd_socket.o
  CC      fs/ext4/dir.o
  CC      drivers/base/pinctrl.o
  LD      lib/zlib_inflate/zlib_inflate.o
  CC      drivers/clocksource/arm_arch_timer.o
  LD      lib/zlib_inflate/built-in.o
  CC      drivers/acpi/acpica/exresnte.o
  CC      lib/textsearch.o
  CC      fs/f2fs/file.o
  CC      net/core/link_watch.o
  CC      mm/page_isolation.o
  CC      drivers/clk/clk-gpio.o
  CC      drivers/base/platform-msi.o
  CC      kernel/time/timekeeping.o
  CC      kernel/trace/trace_seq.o
  CC      drivers/acpi/acpica/exresolv.o
  CC      crypto/asymmetric_keys/asymmetric_type.o
  CC      kernel/sched/idle_task.o
  CC      sound/soc/codecs/sdm660_cdc/sdm660-regmap.o
  CC      fs/ext4/file.o
  CC      lib/ts_kmp.o
  CC      drivers/clocksource/dummy_timer.o
  CC      mm/zsmalloc.o
  CC      sound/soc/codecs/sdm660_cdc/sdm660-cdc-irq.o
  LD      drivers/base/built-in.o
  CC      drivers/char/diag/diag_mux.o
  CC      kernel/profile.o
  CC      drivers/acpi/acpica/exresop.o
  CC      kernel/trace/trace_stat.o
  CC      lib/ts_bm.o
  CC      drivers/clk/clk-conf.o
  CC      kernel/sched/fair.o
  LD      drivers/clocksource/built-in.o
  CC      drivers/clk/clk-xgene.o
  CC      crypto/asymmetric_keys/signature.o
../drivers/char/diag/diag_mux.c:52:18: warning: a function declaration without a prototype is deprecated in all versions of C [-Wstrict-prototypes]
   52 | int diag_mux_init()
      |                  ^
      |                   void
../drivers/char/diag/diag_mux.c:79:19: warning: a function declaration without a prototype is deprecated in all versions of C [-Wstrict-prototypes]
   79 | void diag_mux_exit()
      |                   ^
      |                    void
  CC      drivers/acpi/acpica/exstore.o
  CC      fs/ext4/fsync.o
2 warnings generated.
  CC      kernel/time/ntp.o
  CC      drivers/char/diag/diag_memorydevice.o
  CC      net/core/filter.o
  CC      lib/ts_fsm.o
  CC      kernel/trace/trace_printk.o
  LD      sound/soc/codecs/sdm660_cdc/snd-soc-sdm660-cdc.o
  CC      fs/ext4/ialloc.o
  LD      sound/soc/codecs/sdm660_cdc/built-in.o
  CC      kernel/time/clocksource.o
  CC      drivers/acpi/acpica/exstoren.o
  CC      kernel/time/jiffies.o
../drivers/char/diag/diag_memorydevice.c:85:22: warning: a function declaration without a prototype is deprecated in all versions of C [-Wstrict-prototypes]
   85 | void diag_md_open_all()
      |                      ^
      |                       void
../drivers/char/diag/diag_memorydevice.c:101:23: warning: a function declaration without a prototype is deprecated in all versions of C [-Wstrict-prototypes]
  101 | void diag_md_close_all()
      |                       ^
      |                        void
  CC      sound/soc/codecs/wcd934x/wcd934x-dsp-cntl.o
  CC      crypto/asymmetric_keys/public_key.o
2 warnings generated.
  CC      lib/percpu_counter.o
  CC      drivers/clk/qcom/common.o
  CC      mm/early_ioremap.o
  CC      drivers/char/diag/diag_usb.o
  CC      fs/f2fs/inode.o
  CC      kernel/stacktrace.o
  CC      drivers/acpi/acpica/exstorob.o
  CC      sound/soc/codecs/wcd934x/wcd934x-mbhc.o
  CC      fs/ext4/inode.o
  CC      kernel/trace/trace_sched_switch.o
  CC      kernel/time/timer_list.o
  CC      mm/cma.o
  CC      crypto/asymmetric_keys/rsa.o
  CC      drivers/acpi/acpica/exsystem.o
  CC      lib/swiotlb.o
  CC      drivers/char/diag/diagmem.o
  CC      crypto/hash_info.o
  CC      drivers/clk/qcom/clk-regmap.o
  CC      drivers/acpi/acpica/exutils.o
  CC      kernel/trace/trace_cpu_freq_switch.o
  CC      drivers/acpi/acpica/hwacpi.o
  CC      kernel/time/timeconv.o
  CC      drivers/acpi/acpica/hwesleep.o
  CC      drivers/char/diag/diagfwd_cntl.o
  CC      net/core/sock_diag.o
  CC      fs/f2fs/namei.o
  CC      net/core/dev_ioctl.o
  CC      sound/soc/codecs/wcd934x/wcd934x-dsd.o
  CC      fs/f2fs/hash.o
  CC      mm/cma_debug.o
  CC      crypto/asymmetric_keys/x509-asn1.o
  CC      drivers/clk/qcom/clk-alpha-pll.o
  CC      crypto/asymmetric_keys/x509_akid-asn1.o
  CC      kernel/time/timecounter.o
  CC      drivers/acpi/acpica/hwgpe.o
  CC      kernel/trace/trace_nop.o
  CC      sound/usb/card.o
  CC      lib/iommu-helper.o
  CC      crypto/asymmetric_keys/x509_rsakey-asn1.o
  CC      kernel/time/posix-clock.o
  CC      crypto/asymmetric_keys/x509_cert_parser.o
  CC      mm/frame_vector.o
  CC      lib/iommu-common.o
  CC      drivers/acpi/acpica/hwpci.o
  CC      drivers/char/diag/diag_dci.o
  CC      lib/syscall.o
  CC      drivers/clk/qcom/clk-pll.o
  CC      kernel/trace/blktrace.o
  LD      sound/soc/codecs/wcd934x/snd-soc-wcd934x.o
  LD      sound/soc/codecs/wcd934x/snd-soc-wcd934x-mbhc.o
  LD      sound/soc/codecs/wcd934x/snd-soc-wcd934x-dsd.o
  LD      sound/soc/codecs/wcd934x/built-in.o
  CC      crypto/asymmetric_keys/x509_public_key.o
  CC      net/core/tso.o
  CC      sound/soc/codecs/audio-ext-clk-up.o
  CC      drivers/acpi/acpica/hwregs.o
  CC      sound/usb/clock.o
../drivers/char/diag/diag_dci.c:372:29: warning: a function declaration without a prototype is deprecated in all versions of C [-Wstrict-prototypes]
  372 | void diag_dci_wakeup_clients()
      |                             ^
      |                              void
  CC      fs/f2fs/super.o
  CC      kernel/time/alarmtimer.o
  CC      fs/f2fs/inline.o
  CC      mm/process_reclaim.o
  CC      sound/usb/endpoint.o
  CC      fs/ext4/page-io.o
  CC      lib/nlattr.o
  CC      drivers/acpi/acpica/hwsleep.o
1 warning generated.
  CC      sound/soc/codecs/wcd9xxx-resmgr.o
  CC      drivers/clk/qcom/clk-rcg.o
  CC      sound/last.o
  CC      drivers/char/diag/diag_masks.o
  CC      crypto/asymmetric_keys/pkcs7-asn1.o
  CC      mm/usercopy.o
  CC      kernel/trace/trace_events.o
  CC      kernel/sched/rt.o
  CC      kernel/time/clockevents.o
  CC      crypto/asymmetric_keys/pkcs7_parser.o
  CC      drivers/acpi/acpica/hwvalid.o
  CC      sound/usb/format.o
  LD      sound/soundcore.o
  CC      kernel/trace/trace_export.o
  CC      fs/f2fs/checkpoint.o
  CC      fs/ext4/ioctl.o
  CC      net/core/sock_reuseport.o
  CC      lib/checksum.o
  CC      drivers/clk/qcom/clk-rcg2.o
  LD      mm/built-in.o
  CC      sound/soc/codecs/wcd9xxx-mbhc.o
  CC      drivers/acpi/acpica/hwxface.o
  CC      drivers/clk/qcom/clk-branch.o
  CC      sound/usb/helper.o
  CC      crypto/asymmetric_keys/pkcs7_trust.o
  CC      kernel/time/tick-common.o
  CC      lib/cpu_rmap.o
  CC      net/core/flow.o
  CC      drivers/char/diag/diag_debugfs.o
  CC      kernel/sched/deadline.o
  CC      fs/ext4/namei.o
  CC      drivers/acpi/acpica/hwxfsleep.o
../sound/soc/codecs/wcd9xxx-mbhc.c:3483:9: warning: default initialization of an object of type 'typeof (timeout)' (aka 'const unsigned long') leaves the object uninitialized [-Wdefault-const-init-var-unsafe]
 3483 |         while (time_before(jiffies, timeout)) {
      |                ^
../include/linux/jiffies.h:105:26: note: expanded from macro 'time_before'
  105 | #define time_before(a,b)        time_after(b,a)
      |                                 ^
../include/linux/jiffies.h:102:3: note: expanded from macro 'time_after'
  102 |         (typecheck(unsigned long, a) && \
      |          ^
../include/linux/typecheck.h:10:12: note: expanded from macro 'typecheck'
   10 |         typeof(x) __dummy2; \
      |                   ^
  CC      sound/usb/mixer.o
  CC      crypto/ablk_helper.o
  CC      drivers/clk/qcom/clk-regmap-divider.o
  CC      crypto/asymmetric_keys/pkcs7_verify.o
  CC      lib/dynamic_queue_limits.o
  CC      kernel/trace/trace_event_perf.o
  CC      drivers/acpi/acpica/nsaccess.o
  LD      drivers/char/diag/diagchar.o
  LD      drivers/char/diag/built-in.o
  CC      drivers/char/adsprpc.o
  CC      lib/clz_tab.o
  CC      drivers/acpi/container.o
  CC      kernel/sched/stop_task.o
  CC      lib/strncpy_from_user.o
  CC      kernel/time/tick-broadcast.o
  CC      drivers/cpufreq/cpufreq.o
  CC      fs/f2fs/gc.o
  CC      net/core/net-sysfs.o
  CC      drivers/acpi/acpica/nsalloc.o
  CC      drivers/clk/qcom/clk-regmap-mux.o
1 warning generated.
  CC      kernel/trace/trace_events_filter.o
  LD      crypto/asymmetric_keys/asymmetric_keys.o
  LD      crypto/asymmetric_keys/x509_key_parser.o
  LD      crypto/asymmetric_keys/pkcs7_message.o
  LD      crypto/asymmetric_keys/built-in.o
  LD      crypto/crypto.o
  LD      crypto/crypto_algapi.o
  LD      crypto/crypto_blkcipher.o
  LD      crypto/crypto_hash.o
  LD      crypto/cryptomgr.o
  LD      crypto/jitterentropy_rng.o
  CC      lib/strnlen_user.o
  LD      crypto/built-in.o
  CC      kernel/sched/wait.o
  CC      sound/usb/mixer_quirks.o
  CC      sound/soc/codecs/wcd9xxx-common.o
  CC      kernel/futex.o
  CC      kernel/smp.o
  CC      drivers/acpi/acpica/nsarguments.o
  CC      kernel/uid16.o
  CC      drivers/clk/qcom/clk-regmap-mux-div.o
  CC      kernel/time/tick-broadcast-hrtimer.o
  CC      lib/net_utils.o
  CC      drivers/acpi/acpica/nsconvert.o
  CC      fs/ext4/super.o
  CC      sound/usb/mixer_scarlett.o
  CC      kernel/sched/completion.o
  CC      kernel/time/sched_clock.o
  CC      drivers/char/adsprpc_compat.o
  CC      sound/usb/pcm.o
  CC      drivers/clk/qcom/clk-hfpll.o
  CC      drivers/acpi/acpica/nsdump.o
  CC      drivers/acpi/acpica/nseval.o
  CC      sound/soc/codecs/wcdcal-hwdep.o
  CC      drivers/cpufreq/freq_table.o
  CC      kernel/trace/trace_events_trigger.o
  CC      fs/f2fs/data.o
  CC      net/core/net-procfs.o
  CC      kernel/time/tick-oneshot.o
  CC      lib/asn1_decoder.o
  CC      drivers/clk/qcom/reset.o
  CC      fs/ext4/symlink.o
  CC      kernel/sched/idle.o
  CC      drivers/acpi/acpica/nsinit.o
  CC      net/core/fib_rules.o
  CC      drivers/cpufreq/cpufreq_governor_attr_set.o
  CC      lib/oid_registry.o
  CC      lib/qmi_encdec.o
  CC      drivers/clk/qcom/clk-voter.o
  LD      drivers/char/built-in.o
  CC      fs/f2fs/node.o
  CC      kernel/time/tick-sched.o
  CC      sound/soc/codecs/wcd9xxx-common-v2.o
  CC      drivers/acpi/acpica/nsload.o
  CC      sound/usb/proc.o
  CC      drivers/acpi/acpica/nsnames.o
  CC      fs/f2fs/segment.o
  CC      kernel/trace/power-traces.o
  CC      drivers/cpufreq/cpufreq_stats.o
  CC      kernel/sched/cpupri.o
  CC      kernel/time/timekeeping_debug.o
  CC      kernel/sched/cpudeadline.o
  CC      drivers/clk/qcom/clk-dummy.o
  CC      lib/argv_split.o
  CC      sound/usb/quirks.o
  CC      drivers/acpi/acpica/nsobject.o
  CC      fs/f2fs/recovery.o
  CC      drivers/cpufreq/cpufreq_times.o
  CC      drivers/cpufreq/cpufreq_performance.o
  LD      kernel/time/built-in.o
  CC      kernel/sched/energy.o
  CC      sound/soc/codecs/wcd9xxx-resmgr-v2.o
  CC      drivers/clk/qcom/clk-debug.o
  CC      net/core/net-traces.o
  CC      lib/bug.o
  CC      drivers/acpi/acpica/nsparse.o
  CC      drivers/cpuidle/cpuidle.o
  CC      sound/usb/stream.o
  CC      drivers/crypto/msm/qcedev.o
  CC      kernel/sched/walt.o
  CC      drivers/acpi/acpica/nspredef.o
  CC      lib/cmdline.o
  CC      drivers/clk/qcom/gdsc.o
  CC      drivers/cpufreq/cpufreq_powersave.o
  CC      drivers/devfreq/devfreq.o
  CC      kernel/trace/rpm-traces.o
  CC      lib/cpumask.o
  CC      sound/soc/codecs/wcd_cpe_services.o
  CC      drivers/cpufreq/cpufreq_userspace.o
  CC      drivers/acpi/acpica/nsprepkg.o
  CC      sound/soc/codecs/wcd_cpe_core.o
  CC      sound/usb/badd.o
  CC      drivers/crypto/msm/qce50.o
  CC      drivers/clk/qcom/gdsc-regulator.o
  CC      kernel/sched/stats.o
  CC      lib/ctype.o
../sound/soc/codecs/wcd_cpe_services.c:667:17: warning: implicit conversion from enumeration type 'enum cpe_svc_result' to different enumeration type 'enum cmi_api_result' [-Wimplicit-enum-enum-cast]
  667 |         notif.result = result;
      |                      ~ ^~~~~~
../sound/soc/codecs/wcd_cpe_services.c:1003:31: warning: implicit conversion from enumeration type 'enum cpe_svc_result' to different enumeration type 'enum cpe_process_result' [-Wimplicit-enum-enum-cast]
 1003 |         enum cpe_process_result rc = CPE_SVC_FAILED;
      |                                 ~~   ^~~~~~~~~~~~~~
../sound/soc/codecs/wcd_cpe_services.c:1358:8: warning: implicit conversion from enumeration type 'enum cpe_svc_result' to different enumeration type 'enum cpe_process_result' [-Wimplicit-enum-enum-cast]
 1358 |                 rc = cpe_send_msg_to_inbox(t_info, 0, m);
      |                    ~ ^~~~~~~~~~~~~~~~~~~~~~~~~~~~~~~~~~~
  CC      drivers/cpuidle/driver.o
../sound/soc/codecs/wcd_cpe_services.c:2024:10: warning: implicit conversion from enumeration type 'enum cpe_svc_result' to different enumeration type 'enum cmi_api_result' [-Wimplicit-enum-enum-cast]
 2024 |                 return CPE_SVC_NO_MEMORY;
      |                 ~~~~~~ ^~~~~~~~~~~~~~~~~
../sound/soc/codecs/wcd_cpe_services.c:2041:10: warning: implicit conversion from enumeration type 'enum cpe_svc_result' to different enumeration type 'enum cmi_api_result' [-Wimplicit-enum-enum-cast]
 2041 |                 return CPE_SVC_NO_MEMORY;
      |                 ~~~~~~ ^~~~~~~~~~~~~~~~~
  CC      drivers/cpufreq/cpufreq_ondemand.o
  CC      drivers/acpi/acpica/nsrepair.o
  CC      lib/dec_and_lock.o
  CC      sound/usb/midi.o
  CC      drivers/devfreq/governor_simpleondemand.o
  CC      lib/decompress.o
  CC      kernel/trace/ipc_logging.o
  CC      net/core/sockev_nlmcast.o
  CC      drivers/crypto/msm/compat_qcedev.o
  CC      fs/f2fs/shrinker.o
5 warnings generated.
  CC      lib/decompress_bunzip2.o
  CC      kernel/sched/debug.o
  CC      drivers/clk/qcom/gcc-sdm660.o
  CC      kernel/sched/tune.o
  CC      fs/ext4/hash.o
  CC      drivers/acpi/acpica/nsrepair2.o
  CC      drivers/cpuidle/governor.o
  CC      drivers/devfreq/governor_performance.o
  CC      drivers/cpufreq/cpufreq_conservative.o
  CC      drivers/acpi/acpica/nssearch.o
  CC      drivers/cpuidle/sysfs.o
  CC      kernel/trace/ipc_logging_debug.o
  CC      drivers/devfreq/governor_powersave.o
  CC      fs/f2fs/extent_cache.o
  CC      drivers/clk/qcom/gpucc-sdm660.o
  CC      sound/soc/codecs/wcd-mbhc-v2.o
  CC      fs/ext4/resize.o
  CC      net/core/dst_cache.o
  CC      lib/decompress_inflate.o
  CC      fs/ext4/extents.o
  CC      kernel/sched/cpuacct.o
  CC      drivers/acpi/acpica/nsutils.o
  CC      drivers/cpufreq/cpufreq_governor.o
  CC      sound/usb/usb_audio_qmi_v01.o
  CC      drivers/devfreq/governor_msm_adreno_tz.o
  CC      drivers/cpuidle/governors/menu.o
  CC      drivers/clk/qcom/mmcc-sdm660.o
  CC      lib/decompress_unlzma.o
  LD      kernel/trace/built-in.o
  CC      sound/usb/usb_audio_qmi_svc.o
  CC      lib/dump_stack.o
  CC      drivers/acpi/acpica/nswalk.o
  CC      drivers/crypto/msm/qcrypto.o
  CC      kernel/sched/cpufreq.o
  CC      drivers/cpufreq/qcom-cpufreq.o
  CC      fs/f2fs/sysfs.o
  LD      drivers/cpuidle/governors/built-in.o
  CC      drivers/devfreq/governor_cpufreq.o
  CC      drivers/cpuidle/lpm-levels.o
  CC      drivers/clk/qcom/clk-smd-rpm.o
  CC      drivers/acpi/acpica/nsxfeval.o
  CC      drivers/clk/qcom/clk-cpu-osm.o
  CC      drivers/cpuidle/lpm-levels-of.o
  CC      drivers/cpuidle/lpm-workarounds.o
  LD      net/core/built-in.o
  CC      lib/earlycpio.o
  CC      sound/soc/codecs/wsa881x.o
  CC      lib/extable.o
  CC      kernel/sched/cpufreq_schedutil.o
  LD      sound/usb/snd-usb-audio.o
../drivers/cpuidle/lpm-levels-of.c:170:22: warning: default initialization of an object of type 'struct kernel_param' with const member leaves the object uninitialized [-Wdefault-const-init-field-unsafe]
  170 |         struct kernel_param kp;
      |                             ^
../include/linux/moduleparam.h:72:12: note: member 'perm' declared 'const' here
   72 |         const u16 perm;
      |                   ^
../drivers/cpuidle/lpm-levels-of.c:186:22: warning: default initialization of an object of type 'struct kernel_param' with const member leaves the object uninitialized [-Wdefault-const-init-field-unsafe]
  186 |         struct kernel_param kp;
      |                             ^
../include/linux/moduleparam.h:72:12: note: member 'perm' declared 'const' here
   72 |         const u16 perm;
      |                   ^
  LD      sound/usb/snd-usbmidi-lib.o
  CC      drivers/devfreq/bimc-bwmon.o
  LD      sound/usb/built-in.o
  CC      drivers/devfreq/arm-memlat-mon.o
  LD      drivers/cpufreq/built-in.o
  CC      drivers/acpi/acpica/nsxfname.o
  CC      fs/f2fs/debug.o
  CC      net/key/af_key.o
  CC      lib/fdt.o
2 warnings generated.
  CC      net/l2tp/l2tp_core.o
  CC      net/llc/llc_core.o
  CC      lib/fdt_empty_tree.o
  CC      net/ipv4/route.o
  LD      drivers/clk/qcom/clk-qcom.o
  CC      drivers/clk/qcom/mdss/mdss-pll-util.o
  CC      drivers/acpi/acpica/nsxfobj.o
  LD      kernel/sched/built-in.o
  CC      lib/fdt_ro.o
  CC      net/ipv6/af_inet6.o
  CC      kernel/module.o
  CC      sound/soc/codecs/wsa881x-tables.o
  CC      drivers/devfreq/governor_bw_hwmon.o
  CC      fs/ext4/ext4_jbd2.o
  CC      fs/f2fs/xattr.o
  CC      lib/fdt_rw.o
  LD      drivers/cpuidle/built-in.o
  CC      drivers/acpi/acpica/psargs.o
  CC      sound/soc/codecs/wsa881x-regmap.o
  CC      drivers/devfreq/governor_spdm_bw_hyp.o
  CC      drivers/crypto/msm/ota_crypto.o
  CC      drivers/clk/qcom/mdss/mdss-pll.o
  CC      lib/fdt_strerror.o
  CC      net/llc/llc_input.o
../net/ipv4/route.c:1316:14: warning: default initialization of an object of type 'typeof (rt->dst.expires)' (aka 'const unsigned long') leaves the object uninitialized [-Wdefault-const-init-var-unsafe]
 1316 |         if (!mtu || time_after_eq(jiffies, rt->dst.expires))
      |                     ^
../include/linux/jiffies.h:109:3: note: expanded from macro 'time_after_eq'
  109 |          typecheck(unsigned long, b) && \
      |          ^
../include/linux/typecheck.h:10:12: note: expanded from macro 'typecheck'
   10 |         typeof(x) __dummy2; \
      |                   ^
  CC      lib/fdt_sw.o
  CC      drivers/acpi/acpica/psloop.o
  CC      net/netfilter/core.o
  CC      net/llc/llc_output.o
  CC      drivers/devfreq/governor_gpubw_mon.o
  LD      net/key/built-in.o
  CC      drivers/clk/qcom/mdss/mdss-dsi-pll-14nm.o
  CC      drivers/crypto/msm/ice.o
  CC      lib/fdt_wip.o
  CC      fs/f2fs/acl.o
  CC      sound/soc/codecs/wsa881x-temp-sensor.o
  CC      net/l2tp/l2tp_ppp.o
  CC      lib/flex_proportions.o
  CC      drivers/devfreq/governor_bw_vbif.o
  CC      fs/ext4/migrate.o
  CC      drivers/acpi/acpica/psobject.o
1 warning generated.
  CC      net/ipv6/anycast.o
  CC      net/ipv4/inetpeer.o
  CC      drivers/clk/qcom/mdss/mdss-dsi-pll-14nm-util.o
  CC      lib/idr.o
  CC      drivers/devfreq/governor_memlat.o
  CC      drivers/acpi/acpica/psopcode.o
  CC      net/netfilter/nf_log.o
  CC      drivers/acpi/acpica/psopinfo.o
  LD      net/llc/llc.o
  LD      net/llc/built-in.o
  LD      fs/f2fs/f2fs.o
  LD      fs/f2fs/built-in.o
  CC      sound/soc/codecs/wcd-dsp-mgr.o
  CC      drivers/dma/dmaengine.o
  CC      kernel/module_signing.o
  CC      drivers/dma-buf/dma-buf.o
  CC      fs/ext4/mballoc.o
  LD      drivers/crypto/msm/built-in.o
  CC      drivers/acpi/acpica/psparse.o
  LD      drivers/crypto/built-in.o
  CC      kernel/kallsyms.o
  CC      kernel/compat.o
  CC      drivers/clk/qcom/mdss/mdss-dp-pll-14nm.o
  CC      net/netlabel/netlabel_user.o
  CC      lib/int_sqrt.o
  CC      net/ipv6/ip6_output.o
  CC      net/l2tp/l2tp_ip.o
  CC      drivers/devfreq/devfreq_devbw.o
  CC      fs/fat/cache.o
  CC      lib/ioremap.o
  CC      drivers/acpi/acpica/psscope.o
  CC      sound/soc/codecs/wcd-dsp-utils.o
  CC      drivers/clk/qcom/mdss/mdss-dp-pll-14nm-util.o
  CC      net/ipv4/protocol.o
  CC      drivers/dma-buf/fence.o
  CC      net/ipv6/ip6_input.o
  CC      drivers/dma/acpi-dma.o
  CC      drivers/acpi/acpica/pstree.o
  CC      fs/fat/dir.o
  CC      net/netlabel/netlabel_kapi.o
  CC      net/netfilter/nf_queue.o
  CC      lib/irq_regs.o
  CC      drivers/devfreq/devfreq_spdm.o
  CC      sound/soc/codecs/wcd-spi.o
  LD      drivers/clk/qcom/mdss/built-in.o
  LD      drivers/clk/qcom/built-in.o
  LD      drivers/clk/built-in.o
  CC      drivers/acpi/acpica/psutils.o
  CC      net/ipv6/addrconf.o
  CC      lib/is_single_threaded.o
  CC      kernel/cgroup.o
  CC      drivers/devfreq/devfreq_spdm_debugfs.o
  CC      net/l2tp/l2tp_netlink.o
  CC      drivers/dma/of-dma.o
  CC      lib/klist.o
  CC      drivers/acpi/acpica/pswalk.o
  CC      drivers/dma-buf/reservation.o
  CC      net/ipv4/ip_input.o
  CC      net/netlabel/netlabel_domainhash.o
  CC      drivers/dma/qcom-sps-dma.o
  CC      sound/soc/codecs/msm_stub.o
  CC      drivers/acpi/acpica/psxface.o
  CC      fs/fat/fatent.o
  CC      net/netfilter/nf_sockopt.o
  CC      fs/ext4/block_validity.o
  LD      drivers/devfreq/built-in.o
  CC      net/netlabel/netlabel_addrlist.o
  CC      net/l2tp/l2tp_eth.o
  CC      lib/kobject.o
  CC      drivers/dma-buf/seqno-fence.o
  CC      fs/fuse/dev.o
  CC      drivers/acpi/acpica/rsaddr.o
  LD      sound/soc/codecs/snd-soc-wcd9335.o
  LD      sound/soc/codecs/audio-ext-clock-up.o
  LD      sound/soc/codecs/snd-soc-wcd9xxx.o
  LD      sound/soc/codecs/snd-soc-wcd9xxx-v2.o
  LD      drivers/dma/built-in.o
  LD      sound/soc/codecs/snd-soc-wcd-cpe.o
  LD      sound/soc/codecs/snd-soc-wcd-mbhc.o
  CC      fs/ext4/move_extent.o
  LD      sound/soc/codecs/snd-soc-wsa881x.o
  LD      sound/soc/codecs/snd-soc-wcd-dsp-mgr.o
  LD      sound/soc/codecs/snd-soc-wcd-dsp-utils.o
  LD      sound/soc/codecs/snd-soc-wcd-spi.o
  LD      sound/soc/codecs/snd-soc-msm-stub.o
  LD      sound/soc/codecs/built-in.o
  CC      net/netlabel/netlabel_mgmt.o
  CC      drivers/acpi/acpica/rscalc.o
  CC      sound/soc/msm/msm-pcm-hostless.o
  CC      fs/fuse/dir.o
  CC      lib/kobject_uevent.o
  CC      drivers/extcon/extcon.o
  CC      fs/fat/file.o
  LD      drivers/dma-buf/built-in.o
  CC      drivers/acpi/acpica/rscreate.o
  CC      fs/fuse/file.o
  CC      net/l2tp/l2tp_ip6.o
  CC      net/ipv4/ip_fragment.o
  CC      net/netfilter/nfnetlink.o
  CC      net/ipv6/addrlabel.o
  CC      fs/ext4/mmp.o
  CC      drivers/acpi/acpica/rsdumpinfo.o
  CC      fs/fuse/inode.o
  CC      sound/soc/msm/qdsp6v2/msm-dai-slim.o
  LD      drivers/extcon/built-in.o
  CC      lib/md5.o
  CC      net/netlabel/netlabel_unlabeled.o
  CC      fs/ext4/indirect.o
  CC      net/ipv6/route.o
  CC      fs/fat/inode.o
  CC      net/ipv6/ip6_fib.o
  CC      lib/nmi_backtrace.o
  CC      drivers/acpi/acpica/rsinfo.o
  CC      sound/soc/msm/msm-dai-fe.o
  LD      net/l2tp/built-in.o
  CC      fs/fuse/control.o
  CC      net/netlabel/netlabel_cipso_v4.o
  CC      kernel/cgroup_freezer.o
  CC      net/netfilter/nfnetlink_queue.o
  CC      sound/soc/msm/qdsp6v2/audio_slimslave.o
  CC      net/ipv4/ip_forward.o
  CC      drivers/acpi/acpica/rsio.o
  CC      lib/plist.o
  CC      net/ipv6/ipv6_sockglue.o
  CC      sound/soc/msm/qdsp6v2/msm-dai-q6-v2.o
  CC      fs/jbd2/transaction.o
  CC      lib/proportions.o
../net/ipv6/route.c:407:10: warning: default initialization of an object of type 'typeof (rt->dst.expires)' (aka 'const unsigned long') leaves the object uninitialized [-Wdefault-const-init-var-unsafe]
  407 |                 return time_after(jiffies, rt->dst.expires);
      |                        ^
../include/linux/jiffies.h:103:3: note: expanded from macro 'time_after'
  103 |          typecheck(unsigned long, b) && \
      |          ^
../include/linux/typecheck.h:10:12: note: expanded from macro 'typecheck'
   10 |         typeof(x) __dummy2; \
      |                   ^
../net/ipv6/route.c:415:7: warning: default initialization of an object of type 'typeof (rt->dst.expires)' (aka 'const unsigned long') leaves the object uninitialized [-Wdefault-const-init-var-unsafe]
  415 |                 if (time_after(jiffies, rt->dst.expires))
      |                     ^
../include/linux/jiffies.h:103:3: note: expanded from macro 'time_after'
  103 |          typecheck(unsigned long, b) && \
      |          ^
../include/linux/typecheck.h:10:12: note: expanded from macro 'typecheck'
   10 |         typeof(x) __dummy2; \
      |                   ^
  CC      kernel/cpuset.o
  CC      fs/fuse/passthrough.o
  CC      fs/kernfs/mount.o
  CC      drivers/acpi/acpica/rsirq.o
  CC      fs/nls/nls_base.o
  CC      fs/ext4/extents_status.o
  CC      fs/fat/misc.o
  CC      lib/radix-tree.o
  LD      net/netlabel/built-in.o
  CC      net/ipv4/ip_options.o
  CC      drivers/acpi/acpica/rslist.o
  CC      fs/kernfs/inode.o
  LD      fs/fuse/fuse.o
  CC      net/netfilter/nfnetlink_log.o
  LD      fs/fuse/built-in.o
  CC      fs/kernfs/dir.o
  CC      drivers/acpi/acpica/rsmemory.o
  CC      net/netfilter/nf_conntrack_core.o
2 warnings generated.
  CC      fs/nls/nls_cp437.o
  CC      net/ipv4/ip_output.o
  CC      fs/fat/nfs.o
  CC      drivers/acpi/acpica/rsmisc.o
  CC      lib/ratelimit.o
  CC      sound/soc/msm/qdsp6v2/msm-pcm-q6-v2.o
  CC      net/ipv4/ip_sockglue.o
  CC      fs/jbd2/commit.o
  CC      kernel/utsname.o
  CC      fs/nls/nls_iso8859-1.o
  CC      fs/jbd2/recovery.o
  CC      fs/ext4/xattr.o
  CC      net/ipv6/ndisc.o
  CC      lib/rbtree.o
  CC      fs/fat/namei_vfat.o
  CC      fs/nls/nls_utf8.o
  CC      drivers/acpi/acpica/rsserial.o
  CHK     kernel/config_data.h
  CC      fs/kernfs/file.o
  CC      kernel/stop_machine.o
  CC      net/ipv4/inet_hashtables.o
  CC      lib/seq_buf.o
  CC      drivers/acpi/acpica/rsutils.o
  CC      lib/sha1.o
  LD      fs/nls/built-in.o
  CC      net/netfilter/nf_conntrack_standalone.o
  CC      fs/jbd2/checkpoint.o
  CC      drivers/firmware/psci.o
  CC      sound/soc/msm/qdsp6v2/msm-pcm-routing-v2.o
  CC      sound/soc/msm/qdsp6v2/msm-compress-q6-v2.o
  CC      sound/soc/msm/qdsp6v2/msm-pcm-afe-v2.o
  LD      fs/fat/fat.o
  LD      fs/fat/vfat.o
  LD      fs/fat/built-in.o
  CC      drivers/acpi/acpica/rsxface.o
  CC      kernel/hung_task.o
  CC      lib/show_mem.o
  CC      drivers/acpi/thermal.o
  CC      fs/ext4/xattr_user.o
  CC      fs/kernfs/symlink.o
  CC      fs/notify/fsnotify.o
  CC      drivers/firmware/qcom_scm.o
  CC      drivers/acpi/acpi_memhotplug.o
  CC      lib/siphash.o
  CC      fs/jbd2/revoke.o
  CC      net/ipv6/udp.o
  CC      drivers/acpi/acpica/tbdata.o
  CC      drivers/firmware/qcom_scm-64.o
  CC      net/ipv4/inet_timewait_sock.o
  LD      fs/kernfs/built-in.o
  LD      drivers/acpi/acpi.o
  CC      drivers/acpi/acpica/tbfadt.o
  CC      fs/ext4/xattr_trusted.o
  CC      net/netfilter/nf_conntrack_expect.o
  CC      drivers/gpio/devres.o
  CC      net/ipv4/inet_connection_sock.o
  CC      lib/string.o
  CC      kernel/seccomp.o
  CC      drivers/firmware/qcom/tz_log.o
  CC      lib/timerqueue.o
  CC      sound/soc/msm/qdsp6v2/msm-pcm-voip-v2.o
  CC      drivers/acpi/acpica/tbfind.o
  CC      fs/jbd2/journal.o
  CC      fs/notify/notification.o
  CC      net/netlink/af_netlink.o
  CC      net/netfilter/nf_conntrack_helper.o
  CC      fs/ext4/inline.o
  CC      lib/vsprintf.o
  CC      drivers/acpi/acpica/tbinstal.o
  LD      drivers/firmware/qcom/built-in.o
  CC      drivers/gpio/gpiolib.o
  LD      drivers/firmware/built-in.o
  CC      sound/soc/msm/qdsp6v2/msm-pcm-voice-v2.o
  CC      kernel/utsname_sysctl.o
  CC      net/ipv4/tcp.o
  CC      drivers/acpi/acpica/tbprint.o
  CC      net/packet/af_packet.o
  CC      fs/notify/group.o
  CC      net/rfkill/core.o
  CC      kernel/taskstats.o
  CC      net/ipv6/udplite.o
  CC      drivers/acpi/acpica/tbutils.o
  CC      net/netfilter/nf_conntrack_proto.o
  CC      drivers/gpio/gpiolib-legacy.o
  CC      fs/ext4/readpage.o
  CC      net/rmnet_data/rmnet_data_main.o
  CC      fs/notify/inode_mark.o
  CC      sound/soc/msm/qdsp6v2/msm-dai-q6-hdmi-v2.o
  CC      drivers/acpi/acpica/tbxface.o
  LD      net/rfkill/rfkill.o
  LD      net/rfkill/built-in.o
  CC      sound/soc/msm/qdsp6v2/msm-lsm-client.o
  LD      fs/jbd2/jbd2.o
  LD      fs/jbd2/built-in.o
  CC      net/rmnet_data/rmnet_data_config.o
  CC      kernel/tsacct.o
  LD      drivers/acpi/processor.o
  CC      sound/soc/msm/qdsp6v2/msm-pcm-host-voice-v2.o
  CC      drivers/gpio/gpiolib-of.o
  CC      fs/notify/mark.o
  LD      lib/built-in.o
  CC      fs/ext4/sysfs.o
  CC      net/netlink/genetlink.o
  CC      net/ipv6/raw.o
  AR      lib/lib.a
  CC      net/ipv6/icmp.o
  CC      sound/soc/msm/qdsp6v2/msm-audio-effects-q6-v2.o
  CC      drivers/acpi/acpica/tbxfload.o
  CC      kernel/tracepoint.o
  CC      drivers/gpio/gpiolib-sysfs.o
  CC      net/netfilter/nf_conntrack_l3proto_generic.o
  CC      fs/notify/vfsmount_mark.o
  CC      kernel/irq_work.o
  CC      drivers/acpi/acpica/tbxfroot.o
  CC      fs/ext4/xattr_security.o
  CC      net/ipv4/tcp_input.o
  CC      net/rmnet_data/rmnet_data_vnd.o
  CC      sound/soc/msm/qdsp6v2/msm-pcm-loopback-v2.o
  CC      fs/ntfs/aops.o
  LD      net/packet/built-in.o
  CC      sound/soc/msm/qdsp6v2/msm-transcode-loopback-q6-v2.o
  CC      net/netfilter/nf_conntrack_proto_generic.o
  CC      fs/proc/task_mmu.o
  CC      drivers/gpio/gpiolib-acpi.o
  CC      drivers/acpi/acpica/utaddress.o
  CC      fs/notify/fdinfo.o
  CC      kernel/cpu_pm.o
  LD      net/netlink/built-in.o
  CC      fs/notify/dnotify/dnotify.o
  CC      fs/ext4/crypto_policy.o
  CC      drivers/acpi/acpica/utalloc.o
  CC      net/rmnet_data/rmnet_data_handlers.o
  CC      net/netfilter/nf_conntrack_proto_tcp.o
  CC      net/ipv6/mcast.o
  CC      sound/soc/msm/qdsp6v2/adsp_err.o
  CC      drivers/gpio/qpnp-pin.o
  CC      drivers/gpio/gpio-msm-smp2p.o
  CC      fs/ntfs/attrib.o
  CC      sound/soc/msm/qdsp6v2/apr_elliptic.o
  CC      kernel/jump_label.o
  LD      fs/notify/dnotify/built-in.o
  CC      fs/ntfs/collate.o
  CC      fs/proc/inode.o
  CC      fs/notify/inotify/inotify_fsnotify.o
  CC      drivers/acpi/acpica/utbuffer.o
  CC      net/ipv6/reassembly.o
  CC      net/rmnet_data/rmnet_map_data.o
  CC      fs/ext4/crypto.o
  CC      fs/proc/root.o
  CC      drivers/acpi/acpica/utcopy.o
  CC      fs/notify/inotify/inotify_user.o
  CC      sound/soc/msm/qdsp6v2/msm-pcm-dtmf-v2.o
../net/ipv6/mcast.c:1163:26: warning: default initialization of an object of type 'typeof (idev->mc_v1_seen)' (aka 'const unsigned long') leaves the object uninitialized [-Wdefault-const-init-var-unsafe]
 1163 |         if (idev->mc_v1_seen && time_before(jiffies, idev->mc_v1_seen))
      |                                 ^
../include/linux/jiffies.h:105:26: note: expanded from macro 'time_before'
  105 | #define time_before(a,b)        time_after(b,a)
      |                                 ^
../include/linux/jiffies.h:102:3: note: expanded from macro 'time_after'
  102 |         (typecheck(unsigned long, a) && \
      |          ^
../include/linux/typecheck.h:10:12: note: expanded from macro 'typecheck'
   10 |         typeof(x) __dummy2; \
      |                   ^
  LD      drivers/gpio/built-in.o
  CC      kernel/memremap.o
  CC      drivers/acpi/acpica/utexcep.o
  CC      net/rmnet_data/rmnet_map_command.o
  CC      net/netfilter/nf_conntrack_proto_udp.o
  CC      fs/ntfs/compress.o
  CC      fs/proc/base.o
  CC      fs/ext4/crypto_key.o
  CC      net/ipv6/tcp_ipv6.o
  CC      drivers/acpi/acpica/utdebug.o
  LD      fs/notify/inotify/built-in.o
  LD      fs/notify/built-in.o
1 warning generated.
  CC      drivers/gpu/vga/vgaarb.o
  CC      sound/soc/msm/qdsp6v2/msm-dai-stub-v2.o
  CC      fs/pstore/inode.o
  CC      kernel/configs.o
  CC      drivers/hid/hid-core.o
  CC      net/rmnet_data/rmnet_data_stats.o
  CC      fs/quota/dquot.o
  CC      drivers/acpi/acpica/utdecode.o
  CC      drivers/gpu/msm/kgsl.o
  CC      net/ipv6/ping.o
  CC      fs/ntfs/debug.o
  CC      fs/ext4/crypto_fname.o
  LD      kernel/built-in.o
  CC      net/netfilter/nf_conntrack_extend.o
  CC      sound/soc/msm/qdsp6v2/msm-pcm-routing-devdep.o
  CC      fs/pstore/platform.o
  CC      sound/soc/msm/qdsp6v2/msm-ds2-dap-config.o
  CC      drivers/acpi/acpica/utdelete.o
  CC      net/ipv4/tcp_output.o
  CC      fs/proc/generic.o
  CC      fs/ntfs/dir.o
  LD      drivers/gpu/vga/built-in.o
  LD      net/rmnet_data/rmnet_data.o
  LD      net/rmnet_data/built-in.o
  CC      drivers/hid/hid-input.o
  CC      fs/quota/quota_v2.o
  CC      drivers/acpi/acpica/uterror.o
  CC      net/ipv4/tcp_timer.o
  CC      fs/pstore/pmsg.o
  CC      fs/ext4/ext4_ice.o
  CC      drivers/hwmon/hwmon.o
  CC      drivers/hwmon/qpnp-adc-voltage.o
  CC      drivers/acpi/acpica/uteval.o
  CC      fs/ntfs/file.o
  CC      sound/soc/msm/qdsp6v2/msm-dts-srs-tm-config.o
  CC      drivers/hid/hid-debug.o
  CC      net/ipv6/exthdrs.o
  CC      fs/quota/quota_tree.o
  CC      net/netfilter/nf_conntrack_acct.o
  CC      fs/proc/array.o
  CC      fs/pstore/ram.o
  CC      drivers/acpi/acpica/utglobal.o
  LD      fs/ext4/ext4.o
  LD      fs/ext4/built-in.o
  CC      net/netfilter/nf_conntrack_seqadj.o
  CC      sound/soc/msm/qdsp6v2/msm-qti-pp-config.o
  CC      fs/proc/fd.o
  CC      net/sched/sch_generic.o
  CC      fs/ntfs/index.o
  CC      drivers/acpi/acpica/uthex.o
  CC      drivers/hid/hidraw.o
  CC      fs/pstore/ram_core.o
  CC      fs/quota/quota.o
  CC      sound/soc/msm/qdsp6v2/audio_calibration.o
  CC      drivers/gpu/msm/kgsl_trace.o
  CC      drivers/hwmon/qpnp-adc-common.o
  CC      drivers/hid/uhid.o
  CC      drivers/acpi/acpica/utids.o
  CC      net/ipv4/tcp_ipv4.o
  CC      fs/quota/kqid.o
  CC      fs/proc/proc_tty.o
  CC      drivers/hid/hid-generic.o
  CC      fs/ntfs/inode.o
  CC      net/ipv6/datagram.o
  LD      fs/pstore/pstore.o
  LD      fs/pstore/ramoops.o
  CC      sound/soc/msm/qdsp6v2/audio_cal_utils.o
  LD      fs/pstore/built-in.o
  CC      net/netfilter/nf_conntrack_ecache.o
  CC      fs/quota/netlink.o
  CC      drivers/acpi/acpica/utinit.o
  CC      drivers/hwspinlock/hwspinlock_core.o
  CC      fs/ntfs/mft.o
  CC      drivers/acpi/acpica/utlock.o
  CC      drivers/hwspinlock/msm_remote_spinlock.o
  CC      drivers/hid/hid-apple.o
  CC      fs/proc/cmdline.o
  LD      drivers/hwmon/built-in.o
  CC      sound/soc/msm/qdsp6v2/q6adm.o
  CC      net/sched/sch_mq.o
  CC      fs/ntfs/mst.o
  CC      drivers/acpi/acpica/utmath.o
  CC      net/ipv4/tcp_minisocks.o
  CC      fs/proc/consoles.o
  CC      drivers/hid/hid-dr.o
  CC      drivers/gpu/msm/kgsl_drawobj.o
  CC      fs/proc/cpuinfo.o
  LD      drivers/hwspinlock/built-in.o
  CC      fs/proc/devices.o
  LD      fs/quota/built-in.o
  CC      drivers/i2c/i2c-boardinfo.o
  CC      drivers/acpi/acpica/utmisc.o
  CC      net/netfilter/nf_conntrack_proto_dccp.o
  CC      fs/ramfs/inode.o
  CC      fs/ntfs/namei.o
  CC      fs/proc/interrupts.o
  CC      drivers/acpi/acpica/utmutex.o
  CC      drivers/hid/hid-elecom.o
  CC      drivers/i2c/i2c-core.o
  CC      net/ipv6/ip6_flowlabel.o
  CC      net/sched/sch_api.o
  CC      net/sched/sch_blackhole.o
  CC      fs/ramfs/file-mmu.o
  CC      net/netfilter/nf_conntrack_proto_gre.o
  CC      drivers/acpi/acpica/utnonansi.o
  CC      fs/proc/loadavg.o
  CC      drivers/hid/hid-ezkey.o
  CC      fs/ntfs/runlist.o
  CC      net/ipv6/inet6_connection_sock.o
  CC      drivers/iio/industrialio-core.o
  CC      net/ipv6/sysctl_net_ipv6.o
  LD      fs/ramfs/ramfs.o
  CC      drivers/gpu/msm/kgsl_ioctl.o
  LD      fs/ramfs/built-in.o
  CC      drivers/iio/industrialio-event.o
  CC      drivers/acpi/acpica/utobject.o
  CC      net/ipv4/tcp_cong.o
  CC      drivers/hid/hid-gyration.o
  CC      drivers/input/input.o
  CC      fs/proc/meminfo.o
  CC      sound/soc/msm/qdsp6v2/q6afe.o
  CC      drivers/acpi/acpica/utosi.o
  CC      fs/ntfs/super.o
  CC      net/netfilter/nf_conntrack_proto_sctp.o
  CC      drivers/gpu/msm/kgsl_sharedmem.o
  CC      drivers/hid/hid-kensington.o
  CC      drivers/acpi/acpica/utownerid.o
  CC      fs/proc/stat.o
  CC      drivers/gpu/msm/kgsl_pwrctrl.o
  CC      sound/soc/msm/qdsp6v2/q6asm.o
  CC      drivers/iio/inkern.o
  CC      net/sched/cls_api.o
  CC      drivers/hid/hid-keytouch.o
  CC      net/ipv6/xfrm6_policy.o
  CC      drivers/acpi/acpica/utpredef.o
  CC      drivers/i2c/i2c-dev.o
  CC      drivers/input/input-compat.o
  CC      fs/proc/uptime.o
  CC      drivers/hid/hid-kye.o
  CC      net/netfilter/nf_conntrack_proto_udplite.o
  CC      net/ipv4/tcp_metrics.o
  CC      drivers/acpi/acpica/utresrc.o
  CC      drivers/input/input-mt.o
  CC      net/ipv6/xfrm6_state.o
  CC      drivers/iio/adc/qcom-rradc.o
  CC      fs/proc/version.o
  CC      fs/ntfs/sysctl.o
  CC      drivers/i2c/i2c-mux.o
  CC      sound/soc/msm/msm-cpe-lsm.o
  CC      fs/ntfs/unistr.o
  CC      drivers/acpi/acpica/utstate.o
  CC      drivers/hid/hid-lcpower.o
  CC      net/ipv4/tcp_fastopen.o
  CC      fs/proc/softirqs.o
  CC      net/netfilter/nf_conntrack_netlink.o
  CC      net/sched/act_api.o
  CC      drivers/acpi/acpica/utstring.o
  CC      drivers/iio/adc/qcom-tadc.o
  CC      drivers/input/ff-core.o
  CC      drivers/hid/hid-lg.o
  CC      drivers/input/ff-memless.o
  CC      fs/ntfs/upcase.o
  CC      fs/proc/namespaces.o
  CC      drivers/i2c/busses/i2c-msm-v2.o
  CC      drivers/gpu/msm/kgsl_pwrscale.o
  CC      net/ipv6/xfrm6_input.o
  CC      drivers/acpi/acpica/utxface.o
  CC      sound/soc/msm/qdsp6v2/q6audio-v2.o
  CC      net/ipv6/xfrm6_output.o
  LD      drivers/iio/adc/built-in.o
  CC      drivers/acpi/acpica/utxfinit.o
  CC      drivers/hid/hid-lgff.o
  CC      fs/ntfs/bitmap.o
  CC      drivers/input/input-leds.o
  CC      net/ipv4/tcp_recovery.o
  CC      fs/proc/self.o
  CC      drivers/hid/hid-lg2ff.o
  CC      drivers/acpi/acpica/utxferror.o
  CC      net/sched/act_gact.o
  CC      net/ipv6/xfrm6_protocol.o
  CC      sound/soc/msm/qdsp6v2/q6voice.o
  CC      fs/ntfs/lcnalloc.o
  CC      net/netfilter/nf_conntrack_amanda.o
  CC      drivers/input/evdev.o
  LD      drivers/iio/industrialio.o
  CC      drivers/hid/hid-lg3ff.o
  CC      net/ipv4/tcp_offload.o
  CC      drivers/gpu/msm/kgsl_mmu.o
  LD      drivers/iio/built-in.o
  CC      fs/proc/thread_self.o
  CC      fs/proc/uid.o
  LD      drivers/i2c/busses/built-in.o
  LD      drivers/i2c/built-in.o
  CC      drivers/acpi/acpica/utxfmutex.o
  CC      drivers/input/fingerprint/fpc/fpc1020_platform_tee.o
  CC      drivers/iommu/iommu.o
  CC      net/sched/act_mirred.o
  CC      fs/ntfs/logfile.o
  CC      fs/proc/proc_sysctl.o
  CC      drivers/irqchip/irqchip.o
  CC      drivers/hid/hid-lg4ff.o
  LD      sound/soc/sunxi/built-in.o
  LD      drivers/acpi/acpica/acpi.o
  LD      sound/soc/tegra/built-in.o
  CC      fs/ntfs/quota.o
  CC      net/sched/act_skbedit.o
  LD      drivers/acpi/acpica/built-in.o
  LD      drivers/acpi/built-in.o
  CC      drivers/input/fingerprint/goodix/gf_spi.o
  CC      net/ipv4/datagram.o
  CC      drivers/gpu/msm/kgsl_snapshot.o
  LD      drivers/input/fingerprint/fpc/built-in.o
  CC      drivers/irqchip/irq-gic.o
  CC      net/netfilter/nf_conntrack_ftp.o
  CC      net/ipv6/netfilter.o
  CC      drivers/gpu/msm/kgsl_events.o
  CC      sound/soc/msm/qdsp6v2/q6core.o
  CC      fs/ntfs/usnjrnl.o
  CC      drivers/hid/hid-logitech-dj.o
  CC      drivers/hid/hid-logitech-hidpp.o
  CC      drivers/input/fingerprint/goodix/platform.o
  CC      sound/soc/msm/qdsp6v2/rtac.o
  CC      net/sched/act_bpf.o
  CC      drivers/iommu/iommu-traces.o
  CC      fs/proc/proc_net.o
  LD      fs/ntfs/ntfs.o
  LD      fs/ntfs/built-in.o
  CC      fs/proc/kmsg.o
  CC      drivers/input/fingerprint/goodix/netlink.o
  CC      net/netfilter/nf_conntrack_h323_main.o
  CC      drivers/irqchip/irq-gic-common.o
  CC      net/ipv4/raw.o
  CC      drivers/irqchip/irq-gic-v2m.o
  CC      drivers/hid/hid-magicmouse.o
  CC      fs/sdcardfs/dentry.o
  CC      drivers/hid/hid-microsoft.o
  CC      drivers/gpu/msm/kgsl_pool.o
  CC      drivers/hid/hid-multitouch.o
  CC      net/sched/sch_fifo.o
  CC      net/ipv6/fib6_rules.o
  CC      fs/proc/page.o
  CC      sound/soc/msm/qdsp6v2/q6lsm.o
  CC      drivers/irqchip/irq-gic-v3.o
  CC      net/ipv6/proc.o
  CC      net/netfilter/nf_conntrack_h323_asn1.o
  CC      sound/soc/msm/sdm660-common.o
  CC      net/ipv4/udp.o
  CC      drivers/iommu/iommu-sysfs.o
  CC      fs/sdcardfs/file.o
  LD      drivers/input/fingerprint/goodix/built-in.o
  LD      drivers/input/fingerprint/built-in.o
  CC      drivers/input/joystick/xpad.o
  CC      drivers/hid/hid-nintendo.o
  LD      fs/proc/proc.o
  LD      fs/proc/built-in.o
  CC      drivers/gpu/msm/kgsl_iommu.o
  CC      drivers/iommu/msm_dma_iommu_mapping.o
  CC      drivers/input/keyboard/gpio_keys.o
  CC      sound/soc/msm/qdsp6v2/msm-pcm-q6-noirq.o
  CC      drivers/gpu/msm/kgsl_debugfs.o
  CC      drivers/irqchip/irq-gic-v3-its.o
  CC      fs/sdcardfs/inode.o
  CC      drivers/hid/hid-ntrig.o
  CC      net/sched/sch_htb.o
  LD      drivers/input/joystick/built-in.o
  CC      net/ipv6/ah6.o
  CC      fs/sdcardfs/main.o
  CC      net/ipv4/udplite.o
  CC      net/netfilter/nf_conntrack_irc.o
  CC      net/sched/sch_ingress.o
../fs/sdcardfs/inode.c:554:15: warning: default initialization of an object of type 'struct inode' with const member leaves the object uninitialized [-Wdefault-const-init-field-unsafe]
  554 |         struct inode tmp;
      |                      ^
../include/linux/fs.h:650:22: note: member 'i_nlink' declared 'const' here
  650 |                 const unsigned int i_nlink;
      |                                    ^
../fs/sdcardfs/inode.c:602:15: warning: default initialization of an object of type 'struct inode' with const member leaves the object uninitialized [-Wdefault-const-init-field-unsafe]
  602 |         struct inode tmp;
      |                      ^
../include/linux/fs.h:650:22: note: member 'i_nlink' declared 'const' here
  650 |                 const unsigned int i_nlink;
      |                                    ^
  LD      drivers/input/keyboard/built-in.o
  CC      drivers/iommu/io-pgtable.o
  CC      sound/soc/msm/sdm660-internal.o
2 warnings generated.
  CC      drivers/hid/hid-plantronics.o
  CC      drivers/input/misc/qpnp-power-on.o
  CC      drivers/gpu/msm/kgsl_sync.o
  CC      drivers/leds/led-core.o
  CC      sound/soc/msm/qdsp6v2/q6common.o
  CC      fs/sdcardfs/super.o
  CC      drivers/irqchip/irq-gic-v3-its-pci-msi.o
  CC      drivers/hid/hid-roccat.o
  CC      drivers/gpu/msm/kgsl_compat.o
  CC      net/ipv6/esp6.o
  CC      drivers/iommu/io-pgtable-arm.o
  LD      sound/soc/msm/qdsp6v2/snd-soc-qdsp6v2.o
  LD      sound/soc/msm/qdsp6v2/built-in.o
  CC      net/sched/sch_prio.o
  CC      drivers/leds/led-class.o
  CC      net/netfilter/nf_conntrack_broadcast.o
  CC      drivers/gpu/msm/adreno_ioctl.o
  CC      net/netfilter/nf_conntrack_netbios_ns.o
  CC      net/sched/sch_multiq.o
  CC      drivers/leds/led-triggers.o
  CC      net/ipv4/udp_offload.o
  CC      fs/sdcardfs/lookup.o
  CC      drivers/irqchip/irq-gic-v3-its-platform-msi.o
  CC      sound/soc/msm/sdm660-external.o
  CC      drivers/hid/hid-roccat-common.o
  CC      net/netfilter/nf_conntrack_pptp.o
  CC      drivers/input/misc/qti-haptics.o
  CC      drivers/input/misc/uinput.o
  CC      drivers/gpu/msm/adreno_ringbuffer.o
  CC      drivers/iommu/io-pgtable-fast.o
  CC      fs/sdcardfs/mmap.o
  CC      drivers/irqchip/msm_show_resume_irq.o
  CC      net/sched/cls_u32.o
  CC      drivers/leds/leds-qpnp.o
  CC      sound/soc/msm/sdm660-ext-dai-links.o
  CC      net/ipv6/ipcomp6.o
  CC      drivers/hid/hid-roccat-arvo.o
  CC      drivers/leds/leds-qpnp-flash-v2.o
  CC      drivers/md/linear.o
  LD      drivers/irqchip/built-in.o
  CC      drivers/leds/leds-qpnp-flash-common.o
  CC      fs/sdcardfs/packagelist.o
  CC      drivers/gpu/msm/adreno_drawctxt.o
  CC      drivers/md/md.o
  CC      net/ipv4/arp.o
  CC      drivers/iommu/dma-mapping-fast.o
  CC      drivers/input/misc/elliptic/elliptic.o
  CC      drivers/hid/hid-roccat-isku.o
  CC      drivers/leds/leds-qpnp-wled.o
  CC      drivers/gpu/msm/adreno_dispatch.o
  CC      net/netfilter/nf_conntrack_sane.o
  CC      net/sched/cls_fw.o
  LD      sound/soc/msm/snd-soc-hostless-pcm.o
  LD      sound/soc/msm/snd-soc-qdsp6v2.o
  LD      sound/soc/msm/snd-soc-cpe.o
  LD      sound/soc/msm/snd-soc-sdm660-common.o
  LD      sound/soc/msm/snd-soc-int-codec.o
  LD      sound/soc/msm/snd-soc-ext-codec.o
  CC      net/ipv6/xfrm6_tunnel.o
  LD      sound/soc/msm/built-in.o
  CC      net/netfilter/nf_conntrack_tftp.o
  LD      sound/soc/txx9/built-in.o
  LD      sound/soc/ux500/built-in.o
  LD      sound/soc/xtensa/built-in.o
  LD      sound/soc/zte/built-in.o
  LD      sound/soc/snd-soc-core.o
  LD      sound/soc/built-in.o
  CC      drivers/input/misc/vl53L0/stmvl53l0_module.o
  CC      net/sched/cls_flow.o
  LD      sound/built-in.o
  CC      drivers/hid/hid-roccat-kone.o
  CC      drivers/gpu/msm/adreno_snapshot.o
  CC      drivers/input/misc/elliptic/elliptic_mixer_controls.o
  CC      drivers/input/misc/elliptic/io_modules/msm/elliptic_data_msm_io.o
  CC      drivers/iommu/of_iommu.o
  CC      drivers/input/misc/elliptic/io_modules/userspace/elliptic_data_userspace_io.o
  CC      drivers/md/bitmap.o
  CC      drivers/leds/leds-syscon.o
  CC      drivers/hid/hid-roccat-koneplus.o
  CC      drivers/input/sensors/bmi160/bstclass.o
  CC      net/ipv4/icmp.o
  CC      net/ipv6/tunnel6.o
  CC      drivers/gpu/msm/adreno_coresight.o
  CC      drivers/input/misc/vl53L0/stmvl53l0_module-i2c.o
  CC      net/netfilter/nf_log_common.o
  CC      drivers/input/misc/elliptic/io_modules/userspace/elliptic_data_userspace_ctrl.o
  LD      drivers/leds/built-in.o
  CC      net/sched/cls_bpf.o
  CC      drivers/input/touchscreen/nvt_touch_f7a/nt36xxx.o
  CC      net/netfilter/nf_nat_core.o
  CC      drivers/iommu/arm-smmu.o
  CC      drivers/hid/hid-roccat-konepure.o
  CC      fs/sdcardfs/derived_perm.o
  CC      drivers/media/dvb-core/dvbdev.o
  CC      drivers/input/sensors/bmi160/bmi160_driver.o
  CC      drivers/gpu/msm/adreno_trace.o
  CC      drivers/input/misc/vl53L0/stmvl53l0_module-cci.o
  CC      drivers/input/misc/elliptic/elliptic_sysfs.o
  CC      drivers/hid/hid-roccat-kovaplus.o
  CC      drivers/md/dm-uevent.o
  LD      fs/sdcardfs/sdcardfs.o
  LD      fs/sdcardfs/built-in.o
  CC      drivers/input/touchscreen/nvt_touch_f7a/nt36xxx_fw_update.o
  CC      net/sched/ematch.o
  CC      net/ipv6/xfrm6_mode_transport.o
  CC      drivers/media/dvb-core/dmxdev.o
  CC      drivers/input/sensors/bmi160/bmi160.o
  LD      drivers/input/misc/elliptic/built-in.o
  CC      drivers/input/misc/vl53L0/src/vl53l0_api_calibration.o
  CC      fs/sdfat/sdfat.o
  CC      fs/sysfs/file.o
  CC      net/unix/af_unix.o
  CC      net/ipv4/devinet.o
  CC      drivers/hid/hid-roccat-lua.o
  CC      drivers/input/touchscreen/nvt_touch_f7a/nt36xxx_ext_proc.o
  CC      net/netfilter/nf_nat_proto_unknown.o
  CC      drivers/gpu/msm/adreno_a3xx.o
  LD      drivers/iommu/built-in.o
  CC      drivers/hid/hid-roccat-pyra.o
  CC      drivers/input/sensors/bmi160/bmi160_i2c.o
  CC      drivers/md/dm.o
  CC      drivers/input/misc/vl53L0/src/vl53l0_api_core.o
  CC      fs/sysfs/dir.o
  CC      net/ipv6/xfrm6_mode_tunnel.o
  CC      net/unix/garbage.o
  CC      net/sched/em_cmp.o
  CC      drivers/input/touchscreen/nvt_touch_f7a/nt36xxx_mp_ctrlram.o
  CC      drivers/hid/hid-roccat-ryos.o
  CC      net/netfilter/nf_nat_proto_common.o
  CC      net/sched/em_nbyte.o
  CC      fs/sdfat/core.o
  CC      drivers/media/dvb-core/dvb_demux.o
  CC      fs/sysfs/symlink.o
  CC      drivers/gpu/msm/adreno_a4xx.o
  CC      drivers/hid/hid-roccat-savu.o
  CC      drivers/input/misc/vl53L0/src/vl53l0_api_histogram.o
  CC      drivers/hid/hid-saitek.o
  CC      net/ipv6/xfrm6_mode_beet.o
  CC      net/ipv4/af_inet.o
  CC      net/unix/sysctl_net_unix.o
  CC      drivers/input/misc/vl53L0/src/vl53l0_api_ranging.o
  CC      net/sched/em_u32.o
  LD      drivers/input/touchscreen/nvt_touch_f7a/built-in.o
  LD      drivers/input/sensors/bmi160/built-in.o
  CC      net/sched/em_meta.o
  CC      drivers/md/dm-table.o
  CC      drivers/input/touchscreen/synaptics_dsx/synaptics_dsx_i2c.o
  CC      fs/sysfs/mount.o
  CC      drivers/md/dm-target.o
  CC      net/netfilter/nf_nat_proto_udp.o
  CC      drivers/hid/hid-samsung.o
  CC      net/ipv4/igmp.o
  CC      drivers/gpu/msm/adreno_a5xx.o
  CC      fs/sysfs/group.o
  CC      drivers/input/misc/vl53L0/src/vl53l0_api_strings.o
  CC      fs/sdfat/core_fat.o
  CC      net/ipv6/mip6.o
  CC      net/unix/scm.o
  CC      drivers/hid/hid-sony.o
  CC      drivers/media/dvb-core/dvb_filter.o
  CC      net/sched/em_text.o
  LD      drivers/input/touchscreen/synaptics_dsx/built-in.o
  CC      drivers/md/dm-linear.o
  CC      drivers/input/touchscreen/synaptics_dsx_force/synaptics_dsx_i2c.o
  CC      net/netfilter/nf_nat_proto_tcp.o
  CC      net/netfilter/nf_nat_helper.o
  LD      fs/sysfs/built-in.o
  CC      drivers/hid/hid-speedlink.o
  CC      drivers/input/misc/vl53L0/src/vl53l0_api.o
  CC      drivers/media/dvb-core/dvb_ca_en50221.o
  CC      drivers/md/dm-stripe.o
  CC      fs/sdfat/core_exfat.o
  CC      fs/tracefs/inode.o
  LD      net/sched/built-in.o
  CC      net/ipv4/fib_frontend.o
  CC      drivers/input/misc/vl53L0/src/vl53l0_platform.o
  CC      drivers/hid/hid-tmff.o
  CC      drivers/gpu/msm/adreno_a3xx_snapshot.o
  LD      drivers/input/touchscreen/synaptics_dsx_force/built-in.o
  LD      net/unix/unix.o
  CC      fs/sdfat/api.o
  LD      net/unix/built-in.o
  CC      net/ipv6/ip6_vti.o
  CC      drivers/input/touchscreen/synaptics_tcm_f7a/synaptics_tcm_i2c.o
  CC      net/ipv6/netfilter/ip6_tables.o
  CC      drivers/input/touchscreen/tp_common.o
  CC      drivers/md/dm-ioctl.o
  CC      drivers/hid/wacom_wac.o
  CC      drivers/gpu/msm/adreno_a4xx_snapshot.o
  CC      drivers/input/touchscreen/synaptics_tcm_f7a/synaptics_tcm_core.o
  LD      fs/tracefs/tracefs.o
  LD      fs/tracefs/built-in.o
  CC      drivers/media/dvb-core/dvb_frontend.o
  CC      net/ipv6/sit.o
  CC      drivers/input/misc/vl53L0/src/vl53l0_i2c_platform.o
  CC      fs/sdfat/blkdev.o
  CC      drivers/input/keyreset.o
  CC      net/netfilter/nf_nat_redirect.o
  CC      drivers/mfd/mfd-core.o
  CC      drivers/input/misc/vl53L0/src/vl53l0_port_i2c.o
  CC      net/ipv6/ip6_tunnel.o
  CC      drivers/gpu/msm/adreno_a5xx_snapshot.o
  CC      drivers/gpu/msm/adreno_a4xx_preempt.o
  CC      fs/sdfat/fatent.o
  CC      drivers/input/keycombo.o
  CC      drivers/md/dm-io.o
  CC      drivers/hid/wacom_sys.o
  CC      net/ipv4/fib_semantics.o
  CC      drivers/input/misc/vl53L0/src/vl53l010_api.o
  CC      drivers/mfd/qcom-spmi-pmic.o
  CC      drivers/media/dvb-core/dvb_net.o
  CC      fs/sdfat/amap_smart.o
  CC      net/ipv6/addrconf_core.o
  CC      fs/sdfat/cache.o
  CC      net/ipv6/netfilter/ip6table_filter.o
  CC      drivers/misc/qcom/qdsp6v2/aac_in.o
  CC      net/netfilter/nf_nat_proto_dccp.o
  CC      drivers/hid/hid-wiimote-core.o
  CC      drivers/input/touchscreen/synaptics_tcm_f7a/synaptics_tcm_touch.o
  CC      drivers/gpu/msm/adreno_a5xx_preempt.o
  CC      drivers/mfd/qcom-i2c-pmic.o
  CC      drivers/md/dm-kcopyd.o
  CC      drivers/input/touchscreen/synaptics_tcm_f7a/synaptics_tcm_device.o
  CC      drivers/misc/qcom/qdsp6v2/qcelp_in.o
  CC      drivers/mfd/syscon.o
  CC      fs/sdfat/dfr.o
  CC      net/ipv6/netfilter/ip6table_mangle.o
  CC      drivers/input/misc/vl53L0/src/vl53l010_tuning.o
  CC      drivers/gpu/msm/adreno_sysfs.o
  CC      drivers/hid/hid-wiimote-modules.o
  CC      net/netfilter/nf_nat_proto_udplite.o
  CC      drivers/gpu/msm/adreno.o
  CC      drivers/hid/hid-wiimote-debug.o
  CC      drivers/input/touchscreen/synaptics_tcm_f7a/synaptics_tcm_testing.o
  CC      drivers/media/dvb-core/dvb_ringbuffer.o
  CC      drivers/gpu/msm/adreno_cp_parser.o
  CC      drivers/misc/qcom/qdsp6v2/evrc_in.o
  CC      fs/sdfat/nls.o
  CC      net/ipv4/fib_trie.o
  CC      fs/sdfat/misc.o
  CC      drivers/mfd/msm-cdc-pinctrl.o
  CC      drivers/md/dm-sysfs.o
  LD      drivers/input/misc/vl53L0/stmvl53l0.o
  CC      drivers/mfd/msm-cdc-supply.o
  LD      drivers/input/misc/vl53L0/built-in.o
  LD      drivers/input/misc/built-in.o
  CC      net/ipv6/netfilter/ip6table_raw.o
  LD      drivers/input/input-core.o
  CC      drivers/mmc/card/block.o
  CC      drivers/media/dvb-core/dvb_math.o
  CC      drivers/input/touchscreen/synaptics_tcm_f7a/synaptics_tcm_reflash.o
  CC      drivers/hid/usbhid/hid-core.o
  CC      net/netfilter/nf_nat_proto_sctp.o
  CC      drivers/misc/qcom/qdsp6v2/amrnb_in.o
  CC      net/ipv4/inet_fragment.o
  CC      drivers/input/touchscreen/synaptics_tcm_f7a/synaptics_tcm_recovery.o
  CC      fs/sdfat/mpage.o
  CC      net/ipv4/ping.o
  CC      net/ipv4/ip_tunnel_core.o
  CC      drivers/md/dm-stats.o
  LD      drivers/media/dvb-core/dvb-core.o
  CC      drivers/mfd/wcd9xxx-utils.o
  LD      drivers/media/dvb-core/built-in.o
  CC      drivers/gpu/msm/adreno_perfcounter.o
  CC      net/ipv6/netfilter/nf_conntrack_l3proto_ipv6.o
  CC      drivers/misc/qcom/qdsp6v2/g711mlaw_in.o
  CC      fs/sdfat/extent.o
  CC      net/ipv6/netfilter/nf_conntrack_proto_icmpv6.o
  CC      drivers/input/touchscreen/synaptics_tcm_f7a/synaptics_tcm_zeroflash.o
  CC      net/netfilter/nf_nat_amanda.o
  CC      drivers/hid/usbhid/hid-quirks.o
  CC      drivers/media/platform/msm/camera_v2/camera/camera.o
  CC      drivers/md/dm-builtin.o
  CC      drivers/mfd/wcd9xxx-core.o
  CC      drivers/misc/qcom/qdsp6v2/g711alaw_in.o
  CC      drivers/gpu/msm/adreno_iommu.o
  CC      fs/sdfat/xattr.o
  CC      fs/sdfat/statistics.o
  CC      net/ipv6/netfilter/nf_defrag_ipv6_hooks.o
  CC      fs/eventpoll.o
  CC      net/ipv4/gre_offload.o
  LD      drivers/hid/usbhid/usbhid.o
  LD      drivers/hid/usbhid/built-in.o
  CC      drivers/input/touchscreen/synaptics_tcm_f7a/synaptics_tcm_diagnostics.o
  LD      drivers/hid/hid.o
  CC      drivers/mmc/card/queue.o
  LD      drivers/hid/hid-logitech.o
  LD      drivers/hid/wacom.o
  LD      drivers/hid/hid-wiimote.o
  LD      drivers/hid/built-in.o
  CC      drivers/media/platform/msm/sde/rotator/sde_rotator_dev.o
../drivers/mfd/wcd9xxx-core.c:1211:10: warning: default initialization of an object of type 'typeof (timeout)' (aka 'const unsigned long') leaves the object uninitialized [-Wdefault-const-init-var-unsafe]
 1211 |         } while time_before(jiffies, timeout);
      |                 ^
../include/linux/jiffies.h:105:26: note: expanded from macro 'time_before'
  105 | #define time_before(a,b)        time_after(b,a)
      |                                 ^
../include/linux/jiffies.h:102:3: note: expanded from macro 'time_after'
  102 |         (typecheck(unsigned long, a) && \
      |          ^
../include/linux/typecheck.h:10:12: note: expanded from macro 'typecheck'
   10 |         typeof(x) __dummy2; \
      |                   ^
  CC      net/netfilter/nf_nat_ftp.o
  CC      drivers/gpu/msm/adreno_debugfs.o
  CC      drivers/misc/qcom/qdsp6v2/audio_utils.o
  LD      fs/sdfat/sdfat_fs.o
  LD      drivers/media/platform/msm/camera_v2/camera/built-in.o
  CC      drivers/media/platform/msm/vidc/msm_v4l2_vidc.o
  LD      fs/sdfat/built-in.o
  CC      drivers/md/dm-bufio.o
  CC      drivers/misc/qcom/qdsp6v2/audio_wma.o
1 warning generated.
  CC      drivers/media/platform/msm/camera_v2/common/msm_camera_io_util.o
  CC      drivers/media/tuners/tuner-xc2028.o
  CC      drivers/gpu/msm/adreno_profile.o
  LD      drivers/input/touchscreen/synaptics_tcm_f7a/built-in.o
  CC      drivers/mfd/wcd9xxx-irq.o
  LD      drivers/input/touchscreen/built-in.o
  LD      drivers/input/built-in.o
  CC      drivers/mfd/wcd9xxx-slimslave.o
  CC      fs/anon_inodes.o
  CC      net/ipv6/netfilter/nf_conntrack_reasm.o
  CC      net/ipv4/ip_tunnel.o
  CC      drivers/mfd/wcd9335-regmap.o
  CC      drivers/media/platform/msm/camera_v2/common/cam_smmu_api.o
  CC      drivers/misc/qcom/qdsp6v2/audio_wmapro.o
  CC      drivers/mmc/card/mmc_test.o
  CC      drivers/media/platform/msm/vidc/msm_vidc_common.o
  CC      net/netfilter/nf_nat_irc.o
  CC      drivers/media/platform/msm/vidc/msm_vidc.o
  CC      drivers/media/platform/msm/sde/rotator/sde_rotator_core.o
  CC      drivers/media/platform/msm/camera_v2/common/cam_hw_ops.o
  CC      fs/signalfd.o
  CC      drivers/gpu/msm/adreno_compat.o
  CC      drivers/media/tuners/tuner-simple.o
  CC      drivers/md/dm-crypt.o
  CC      drivers/misc/qcom/qdsp6v2/audio_aac.o
  CC      drivers/mfd/wcd9335-tables.o
  CC      drivers/mfd/wcd934x-regmap.o
../drivers/media/platform/msm/vidc/msm_vidc_common.c:2635:35: warning: a function declaration without a prototype is deprecated in all versions of C [-Wstrict-prototypes]
 2635 | void msm_comm_handle_thermal_event()
      |                                   ^
      |                                    void
  CC      drivers/media/tuners/tuner-types.o
  CC      net/netfilter/nf_nat_tftp.o
  CC      drivers/misc/qcom/qdsp6v2/audio_multi_aac.o
  CC      net/ipv6/netfilter/nf_log_ipv6.o
  CC      drivers/misc/qcom/qdsp6v2/audio_alac.o
  LD      drivers/gpu/msm/msm_kgsl_core.o
  LD      drivers/gpu/msm/msm_adreno.o
  CC      fs/timerfd.o
  LD      drivers/gpu/msm/built-in.o
  LD      drivers/gpu/built-in.o
  CC      drivers/misc/qcom/qdsp6v2/audio_ape.o
  LD      drivers/mmc/card/mmc_block.o
  LD      drivers/mmc/card/built-in.o
  CC      drivers/media/platform/msm/camera_v2/common/cam_soc_api.o
  CC      drivers/media/platform/msm/vidc/msm_vdec.o
  CC      drivers/mfd/wcd934x-tables.o
  CC      drivers/mmc/core/core.o
  LD      drivers/mfd/built-in.o
  CC      drivers/mmc/core/bus.o
  CC      drivers/media/tuners/mt20xx.o
  CC      drivers/mmc/host/sdhci.o
  CC      net/ipv4/sysctl_net_ipv4.o
  CC      drivers/media/platform/msm/sde/rotator/sde_rotator_base.o
  CC      drivers/mmc/core/host.o
  CC      drivers/misc/qcom/qdsp6v2/audio_utils_aio.o
  CC      drivers/md/dm-verity-fec.o
  CC      net/netfilter/x_tables.o
  CC      fs/eventfd.o
  CC      drivers/misc/qcom/qdsp6v2/q6audio_v2.o
  CC      net/ipv6/netfilter/nf_reject_ipv6.o
1 warning generated.
  CC      drivers/media/platform/msm/camera_v2/common/msm_camera_tz_util.o
  CC      drivers/misc/qcom/qdsp6v2/q6audio_v2_aio.o
  CC      drivers/media/tuners/tda8290.o
  CC      drivers/misc/qseecom.o
  CC      drivers/misc/qcom/qdsp6v2/audio_g711mlaw.o
  CC      drivers/md/dm-verity-target.o
  CC      drivers/media/platform/msm/vidc/msm_venc.o
  CC      drivers/misc/hdcp.o
../drivers/media/platform/msm/camera_v2/common/msm_camera_tz_util.c:77:51: warning: a function declaration without a prototype is deprecated in all versions of C [-Wstrict-prototypes]
   77 | struct qseecom_handle *msm_camera_tz_get_ta_handle()
      |                                                   ^
      |                                                    void
1 warning generated.
  CC      drivers/md/dm-req-crypt.o
  CC      net/ipv4/sysfs_net_ipv4.o
  CC      fs/aio.o
  CC      drivers/media/platform/msm/camera_v2/common/msm_cam_cx_ipeak.o
  CC      drivers/media/platform/msm/sde/rotator/sde_rotator_formats.o
  CC      drivers/media/platform/msm/sde/rotator/sde_rotator_util.o
  CC      drivers/misc/qcom/qdsp6v2/audio_g711alaw.o
  CC      drivers/media/tuners/tda9887.o
  LD      drivers/media/platform/msm/camera_v2/common/built-in.o
  CC      drivers/media/platform/msm/camera_v2/fd/msm_fd_dev.o
  CC      net/ipv6/netfilter/nf_dup_ipv6.o
  CC      net/ipv6/netfilter/ip6t_rpfilter.o
  CC      net/netfilter/xt_tcpudp.o
  CC      drivers/misc/qcom/qdsp6v2/audio_mp3.o
  CC      drivers/mmc/core/mmc.o
  CC      drivers/misc/compat_qseecom.o
  CC      drivers/misc/uid_sys_stats.o
  CC      drivers/mmc/host/sdhci-pltfm.o
  CC      drivers/media/platform/msm/sde/rotator/sde_rotator_io_util.o
  CC      net/ipv4/proc.o
  CC      drivers/md/dm-android-verity.o
  CC      drivers/misc/qcom/qdsp6v2/audio_amrnb.o
  CC      fs/locks.o
  CC      drivers/media/tuners/tda827x.o
  CC      drivers/media/platform/msm/vidc/msm_smem.o
  CC      drivers/media/platform/msm/camera_v2/fd/msm_fd_hw.o
  CC      drivers/misc/qpnp-misc.o
  CC      net/netfilter/xt_HL.o
  CC      drivers/media/platform/msm/sde/rotator/sde_rotator_smmu.o
  CC      drivers/mmc/host/sdhci-msm.o
  CC      net/netfilter/xt_mark.o
  CC      drivers/misc/qcom/qdsp6v2/audio_amrwb.o
  CC      net/ipv6/netfilter/ip6t_REJECT.o
  CC      fs/compat.o
  LD      drivers/md/md-mod.o
  CC      net/ipv4/fib_rules.o
  LD      drivers/md/dm-mod.o
  LD      drivers/md/dm-verity.o
  LD      drivers/md/built-in.o
  CC      drivers/mmc/core/mmc_ops.o
  CC      drivers/mmc/core/sd.o
  CC      drivers/media/tuners/tda18271-maps.o
  CC      drivers/media/platform/msm/sde/rotator/sde_rotator_r1_wb.o
  CC      drivers/media/platform/msm/vidc/msm_vidc_debug.o
  LD      drivers/media/platform/msm/camera_v2/fd/built-in.o
  CC      drivers/misc/qcom/qdsp6v2/audio_amrwbplus.o
  CC      drivers/misc/qcom/qdsp6v2/audio_evrc.o
  CC      drivers/media/v4l2-core/v4l2-dev.o
  CC      drivers/media/platform/msm/camera_v2/isp/msm_buf_mgr.o
  CC      drivers/media/usb/uvc/uvc_driver.o
  CC      net/netfilter/xt_connmark.o
  LD      net/ipv6/netfilter/nf_conntrack_ipv6.o
  LD      net/ipv6/netfilter/nf_defrag_ipv6.o
  LD      net/ipv6/netfilter/built-in.o
  CC      net/ipv6/exthdrs_core.o
  CC      drivers/media/tuners/tda18271-common.o
  CC      drivers/misc/qcom/qdsp6v2/audio_qcelp.o
  CC      drivers/media/tuners/tda18271-fe.o
  CC      drivers/media/platform/msm/sde/rotator/sde_rotator_r1_pipe.o
  CC      drivers/media/platform/msm/camera_v2/ispif/msm_ispif.o
  CC      net/ipv6/ip6_checksum.o
  CC      drivers/mmc/core/sd_ops.o
  CC      fs/compat_ioctl.o
  CC      net/ipv4/udp_tunnel.o
  CC      net/netfilter/xt_nat.o
  CC      drivers/media/v4l2-core/v4l2-ioctl.o
  CC      drivers/misc/qcom/qdsp6v2/amrwb_in.o
  CC      drivers/media/platform/msm/camera_v2/isp/msm_isp_util.o
  CC      net/netfilter/xt_CLASSIFY.o
  CC      drivers/mmc/host/sdhci-msm-ice.o
  CC      drivers/media/platform/msm/vidc/msm_vidc_res_parse.o
  CC      drivers/media/platform/msm/sde/rotator/sde_rotator_r1_ctl.o
  CC      drivers/media/usb/uvc/uvc_queue.o
  CC      drivers/media/tuners/xc5000.o
  CC      drivers/misc/qcom/qdsp6v2/audio_hwacc_effects.o
../drivers/media/v4l2-core/v4l2-ioctl.c:2661:25: warning: default initialization of an object of type 'struct v4l2_ioctl_info' with const member leaves the object uninitialized [-Wdefault-const-init-field-unsafe]
 2661 |         struct v4l2_ioctl_info default_info;
      |                                ^
../drivers/media/v4l2-core/v4l2-ioctl.c:2470:21: note: member 'name' declared 'const' here
 2470 |         const char * const name;
      |                            ^
  CC      net/ipv4/ip_vti.o
  CC      drivers/mmc/core/sdio.o
  CC      drivers/mmc/core/sdio_ops.o
  CC      net/netfilter/xt_CONNSECMARK.o
  CC      drivers/mmc/host/cmdq_hci.o
  CC      drivers/media/platform/msm/sde/rotator/sde_rotator_r1.o
  LD      drivers/media/platform/msm/camera_v2/ispif/built-in.o
  CC      net/ipv6/ip6_icmp.o
  CC      drivers/media/usb/uvc/uvc_v4l2.o
  CC      drivers/media/platform/msm/camera_v2/isp/msm_isp_axi_util.o
  CC      net/wireless/core.o
1 warning generated.
  CC      drivers/misc/qcom/qdsp6v2/ultrasound/usf.o
  CC      drivers/media/platform/msm/vidc/venus_hfi.o
  CC      drivers/media/tuners/xc4000.o
  CC      net/netfilter/xt_CT.o
  CC      fs/binfmt_script.o
  CC      drivers/mmc/core/sdio_bus.o
  CC      drivers/media/v4l2-core/v4l2-device.o
  CC      drivers/media/platform/msm/sde/rotator/sde_rotator_r3.o
  CC      drivers/media/v4l2-core/v4l2-fh.o
  CC      drivers/media/platform/msm/camera_v2/isp/msm_isp_stats_util.o
  CC      net/ipv4/ah4.o
../drivers/misc/qcom/qdsp6v2/ultrasound/usf.c:1906:27: warning: default initialization of an object of type 'struct us_tx_info_type32' with const member leaves the object uninitialized [-Wdefault-const-init-field-unsafe]
 1906 |         struct us_tx_info_type32 config_tx32;
      |                                  ^
../drivers/misc/qcom/qdsp6v2/ultrasound/usf.c:1766:22: note: member 'client_name' declared 'const' here
 1766 |         const compat_uptr_t client_name;
      |                             ^
../drivers/misc/qcom/qdsp6v2/ultrasound/usf.c:1928:27: warning: default initialization of an object of type 'struct us_rx_info_type32' with const member leaves the object uninitialized [-Wdefault-const-init-field-unsafe]
 1928 |         struct us_rx_info_type32 config_rx32;
      |                                  ^
../drivers/misc/qcom/qdsp6v2/ultrasound/usf.c:1766:22: note: member 'client_name' declared 'const' here
 1766 |         const compat_uptr_t client_name;
      |                             ^
  CC      fs/binfmt_elf.o
  CC      drivers/media/usb/uvc/uvc_video.o
2 warnings generated.
  LD      drivers/mmc/host/built-in.o
  CC      net/ipv4/esp4.o
  CC      net/ipv6/output_core.o
  CC      drivers/misc/qcom/qdsp6v2/ultrasound/usfcdev.o
  CC      net/netfilter/xt_LOG.o
  CC      net/ipv6/protocol.o
  CC      drivers/media/v4l2-core/v4l2-event.o
  CC      drivers/media/tuners/mc44s803.o
  CC      drivers/mmc/core/sdio_cis.o
  CC      drivers/media/platform/msm/sde/rotator/sde_rotator_sync.o
  CC      drivers/media/media-device.o
  CC      drivers/misc/qcom/qdsp6v2/ultrasound/q6usm.o
  CC      drivers/mmc/core/sdio_io.o
  CC      fs/compat_binfmt_elf.o
  CC      drivers/media/usb/uvc/uvc_ctrl.o
  CC      drivers/media/platform/msm/camera_v2/isp/msm_isp48.o
  CC      net/wireless/sysfs.o
  CC      drivers/media/v4l2-core/v4l2-ctrls.o
  CC      drivers/misc/memory_state_time.o
  LD      drivers/media/tuners/tda18271.o
  CC      drivers/media/platform/msm/sde/rotator/sde_rotator_debug.o
  LD      drivers/media/tuners/built-in.o
  CC      net/ipv4/ipcomp.o
  CC      net/netfilter/xt_NETMAP.o
  CC      drivers/misc/ant_check.o
  CC      net/ipv4/xfrm4_tunnel.o
  CC      drivers/media/platform/msm/camera_v2/isp/msm_isp47.o
  CC      net/ipv6/ip6_offload.o
  CC      drivers/media/platform/msm/vidc/hfi_response_handler.o
  LD      drivers/misc/qcom/qdsp6v2/ultrasound/built-in.o
  LD      drivers/misc/qcom/qdsp6v2/built-in.o
  LD      drivers/misc/qcom/built-in.o
  CC      drivers/mmc/core/sdio_irq.o
  CC      net/wireless/radiotap.o
  CC      net/wireless/util.o
  CC      drivers/media/usb/uvc/uvc_status.o
  LD      drivers/misc/built-in.o
  CC      fs/mbcache.o
  CC      net/ipv4/xfrm4_mode_beet.o
  CC      drivers/media/media-devnode.o
  CC      drivers/media/platform/msm/sde/rotator/sde_rotator_r1_debug.o
  CC      net/netfilter/xt_NFLOG.o
  CC      net/netfilter/xt_NFQUEUE.o
  CC      net/wireless/reg.o
  CC      net/ipv6/tcpv6_offload.o
  CC      drivers/media/platform/msm/camera_v2/jpeg_10/msm_jpeg_dev.o
  CC      drivers/mmc/core/quirks.o
  CC      drivers/media/usb/uvc/uvc_isight.o
  CC      drivers/media/v4l2-core/v4l2-subdev.o
  CC      net/ipv6/udp_offload.o
  CC      drivers/media/platform/msm/vidc/hfi_packetization.o
  CC      drivers/media/platform/msm/sde/rotator/sde_rotator_r3_debug.o
  CC      drivers/media/platform/msm/camera_v2/isp/msm_isp46.o
  CC      fs/mbcache2.o
  CC      drivers/media/platform/msm/camera_v2/jpeg_dma/msm_jpeg_dma_dev.o
  CC      net/ipv4/tunnel4.o
  CC      net/netfilter/xt_REDIRECT.o
  CC      drivers/mmc/core/slot-gpio.o
  CC      drivers/net/bonding/bond_main.o
  CC      drivers/media/usb/uvc/uvc_debugfs.o
  CC      drivers/media/platform/msm/camera_v2/jpeg_10/msm_jpeg_sync.o
  LD      drivers/media/platform/msm/sde/rotator/built-in.o
  LD      drivers/media/platform/msm/sde/built-in.o
  CC      drivers/net/ethernet/msm/rndis_ipa.o
  CC      drivers/media/v4l2-core/v4l2-clk.o
  CC      drivers/media/platform/msm/camera_v2/msm_buf_mgr/msm_generic_buf_mgr.o
  CC      net/ipv6/exthdrs_offload.o
  CC      drivers/media/platform/msm/vidc/vidc_hfi.o
  CC      fs/posix_acl.o
  CC      drivers/media/usb/uvc/uvc_entity.o
  CC      drivers/media/platform/msm/camera_v2/jpeg_dma/msm_jpeg_dma_hw.o
  CC      net/netfilter/xt_SECMARK.o
  CC      drivers/mmc/core/pwrseq.o
  CC      drivers/media/platform/msm/camera_v2/isp/msm_isp44.o
  CC      drivers/media/v4l2-core/v4l2-async.o
  LD      drivers/media/platform/msm/camera_v2/msm_buf_mgr/built-in.o
  CC      drivers/media/platform/msm/vidc/venus_boot.o
  CC      drivers/media/platform/msm/camera_v2/msm_vb2/msm_vb2.o
  LD      drivers/media/usb/uvc/uvcvideo.o
  CC      net/ipv4/xfrm4_mode_transport.o
  CC      drivers/media/platform/msm/camera_v2/jpeg_10/msm_jpeg_core.o
  LD      drivers/media/usb/uvc/built-in.o
  CC      net/ipv6/inet6_hashtables.o
  LD      drivers/media/usb/built-in.o
  CC      net/ipv6/ip6_udp_tunnel.o
  CC      drivers/media/platform/msm/camera_v2/jpeg_10/msm_jpeg_hw.o
  CC      fs/coredump.o
  CC      drivers/mmc/core/pwrseq_simple.o
  CC      net/netfilter/xt_TPROXY.o
  LD      drivers/net/ethernet/msm/built-in.o
  LD      drivers/net/ethernet/built-in.o
  CC      net/wireless/scan.o
  CC      net/wireless/nl80211.o
  LD      drivers/media/platform/msm/camera_v2/jpeg_dma/built-in.o
  CC      fs/drop_caches.o
  CC      drivers/net/bonding/bond_3ad.o
  CC      drivers/media/platform/msm/vidc/msm_vidc_dcvs.o
  CC      drivers/media/platform/msm/camera_v2/jpeg_10/msm_jpeg_platform.o
  CC      drivers/media/v4l2-core/v4l2-compat-ioctl32.o
  CC      drivers/net/phy/phy.o
  CC      net/ipv4/xfrm4_mode_tunnel.o
  LD      drivers/media/platform/msm/camera_v2/msm_vb2/built-in.o
  CC      drivers/mmc/core/pwrseq_emmc.o
  CC      net/wireless/mlme.o
  CC      net/wireless/ibss.o
  CC      drivers/media/media-entity.o
  CC      drivers/media/platform/msm/camera_v2/isp/msm_isp40.o
  CC      fs/dcookies.o
  CC      net/ipv6/mcast_snoop.o
  CC      drivers/mmc/core/debugfs.o
  CC      net/netfilter/xt_TCPMSS.o
  LD      drivers/media/platform/msm/camera_v2/jpeg_10/built-in.o
  CC      drivers/media/platform/msm/vidc/governors/msm_vidc_dyn_gov.o
  CC      drivers/nfc/nq-nci.o
  CC      drivers/net/bonding/bond_alb.o
  CC      net/ipv4/ipconfig.o
  CC      drivers/media/v4l2-core/v4l2-of.o
  CC      drivers/net/phy/phy_device.o
  LD      fs/built-in.o
  CC      drivers/media/platform/msm/vidc/governors/msm_vidc_table_gov.o
  LD      drivers/mmc/core/mmc_core.o
  LD      drivers/nfc/built-in.o
  LD      drivers/mmc/core/built-in.o
  CC      drivers/net/bonding/bond_sysfs.o
  LD      drivers/mmc/built-in.o
  LD      drivers/media/media.o
  CC      drivers/media/v4l2-core/vb2-trace.o
  CC      net/netfilter/xt_TEE.o
  LD      net/ipv6/ipv6.o
  CC      net/wireless/sme.o
  CC      net/ipv4/netfilter.o
  LD      net/ipv6/built-in.o
  CC      drivers/media/v4l2-core/v4l2-trace.o
  CC      drivers/of/base.o
  CC      drivers/media/platform/msm/camera_v2/pproc/cpp/msm_cpp_soc.o
  CC      drivers/media/platform/msm/camera_v2/isp/msm_isp.o
  CC      drivers/media/platform/msm/vidc/vmem/vmem.o
  LD      drivers/media/platform/msm/vidc/governors/msm-vidc-dyn-gov.o
  LD      drivers/media/platform/msm/vidc/governors/msm-vidc-table-gov.o
  CC      drivers/media/v4l2-core/v4l2-common.o
  LD      drivers/media/platform/msm/vidc/governors/built-in.o
  LD      drivers/media/platform/msm/vidc/msm-vidc.o
  CC      drivers/net/bonding/bond_sysfs_slave.o
  CC      net/wireless/chan.o
  CC      net/netfilter/xt_TRACE.o
  CC      net/ipv4/netfilter/nf_conntrack_l3proto_ipv4_compat.o
  CC      net/ipv4/inet_diag.o
  CC      drivers/net/phy/mdio_bus.o
  CC      drivers/media/platform/msm/camera_v2/pproc/cpp/msm_cpp.o
  LD      drivers/media/platform/msm/camera_v2/isp/built-in.o
  CC      drivers/of/device.o
  CC      drivers/media/platform/msm/camera_v2/sensor/actuator/msm_actuator.o
  CC      drivers/media/platform/msm/camera_v2/sensor/cci/msm_cci.o
  CC      drivers/media/platform/msm/vidc/vmem/vmem_debugfs.o
  CC      drivers/media/platform/msm/camera_v2/sensor/csid/msm_csid.o
  CC      drivers/media/v4l2-core/v4l2-dv-timings.o
  CC      drivers/net/bonding/bond_debugfs.o
  CC      drivers/pci/access.o
  CC      net/netfilter/xt_IDLETIMER.o
  LD      drivers/media/platform/msm/vidc/vmem/msm-vidc-vmem.o
  LD      drivers/media/platform/msm/vidc/vmem/built-in.o
  LD      drivers/media/platform/msm/vidc/built-in.o
  CC      net/ipv4/netfilter/nf_conntrack_l3proto_ipv4.o
  CC      drivers/net/bonding/bond_netlink.o
  CC      drivers/of/platform.o
  LD      drivers/media/platform/msm/camera_v2/sensor/actuator/built-in.o
  LD      drivers/net/phy/libphy.o
  LD      drivers/net/phy/built-in.o
  CC      drivers/media/platform/msm/camera_v2/sensor/csiphy/msm_csiphy.o
  CC      drivers/media/platform/msm/camera_v2/sensor/eeprom/msm_eeprom.o
  CC      drivers/media/v4l2-core/v4l2-mem2mem.o
  CC      net/wireless/ethtool.o
  LD      drivers/media/platform/msm/camera_v2/sensor/cci/built-in.o
  CC      drivers/of/fdt.o
  LD      drivers/media/platform/msm/camera_v2/sensor/csid/built-in.o
  CC      drivers/net/bonding/bond_options.o
  CC      drivers/of/fdt_address.o
  CC      drivers/media/platform/msm/camera_v2/sensor/flash/msm_flash.o
  CC      drivers/pci/bus.o
  CC      net/netfilter/xt_HARDIDLETIMER.o
  CC      net/ipv4/netfilter/nf_conntrack_proto_icmp.o
  CC      net/ipv4/tcp_diag.o
  LD      drivers/media/platform/msm/camera_v2/pproc/cpp/built-in.o
  LD      drivers/media/platform/msm/camera_v2/pproc/built-in.o
  CC      drivers/of/address.o
  CC      drivers/net/slip/slhc.o
  CC      drivers/net/ppp/ppp_generic.o
  CC      drivers/net/usb/rtl8150.o
  LD      drivers/media/platform/msm/camera_v2/sensor/eeprom/built-in.o
  CC      drivers/of/irq.o
  LD      drivers/media/platform/msm/camera_v2/sensor/csiphy/built-in.o
  CC      drivers/media/v4l2-core/videobuf2-core.o
  CC      drivers/media/platform/msm/camera_v2/sensor/io/msm_camera_cci_i2c.o
  CC      drivers/media/platform/msm/camera_v2/msm.o
  LD      drivers/media/platform/msm/camera_v2/sensor/flash/built-in.o
  CC      drivers/net/usb/r8152.o
  CC      drivers/net/bonding/bond_procfs.o
  CC      net/netfilter/xt_bpf.o
  CC      drivers/pci/probe.o
  CC      net/ipv4/netfilter/nf_nat_l3proto_ipv4.o
  CC      net/ipv4/netfilter/nf_nat_proto_icmp.o
  CC      net/ipv4/udp_diag.o
  CC      net/netfilter/xt_comment.o
  CC      drivers/of/of_net.o
  CC      net/wireless/mesh.o
  CC      drivers/media/platform/msm/camera_v2/sensor/io/msm_camera_qup_i2c.o
  CC      net/ipv4/tcp_cubic.o
  LD      drivers/net/bonding/bonding.o
  LD      drivers/net/bonding/built-in.o
  CC      drivers/media/platform/msm/camera_v2/sensor/io/msm_camera_spi.o
  LD      drivers/net/slip/built-in.o
  CC      net/wireless/ap.o
  CC      drivers/net/ppp/ppp_async.o
  CC      drivers/media/platform/msm/camera_v2/sensor/io/msm_camera_dt_util.o
  CC      drivers/media/v4l2-core/videobuf2-v4l2.o
  CC      drivers/net/wireguard/main.o
  CC      net/netfilter/xt_connlimit.o
  CC      drivers/pci/host-bridge.o
  CC      drivers/media/platform/msm/camera_v2/sensor/io/msm_camera_tz_i2c.o
  CC      drivers/perf/arm_pmu.o
  CC      drivers/media/platform/msm/camera_v2/sensor/ir_cut/msm_ir_cut.o
  CC      net/ipv4/netfilter/nf_defrag_ipv4.o
  CC      drivers/of/of_mdio.o
  CC      drivers/media/v4l2-core/videobuf2-memops.o
  CC      drivers/media/platform/msm/camera_v2/sensor/ir_led/msm_ir_led.o
  CC      drivers/net/usb/asix_devices.o
  CC      drivers/net/wireless/cnss_genl/cnss_nl.o
  CC      drivers/net/wireless/cnss_prealloc/cnss_prealloc.o
  LD      drivers/media/platform/msm/camera_v2/sensor/ir_cut/built-in.o
  CC      drivers/pci/remove.o
  LD      drivers/media/platform/msm/camera_v2/sensor/io/built-in.o
  CC      net/ipv4/netfilter/nf_log_ipv4.o
  CC      drivers/perf/perf_event_armv8.o
  CC      drivers/net/ppp/bsd_comp.o
  CC      drivers/net/wireguard/noise.o
  CC      drivers/media/v4l2-core/videobuf2-vmalloc.o
  CC      net/netfilter/xt_conntrack.o
  CC      net/wireless/trace.o
  LD      drivers/media/platform/msm/camera_v2/sensor/ir_led/built-in.o
  CC      drivers/net/wireless/cnss_utils/cnss_utils.o
  CC      drivers/media/platform/msm/camera_v2/sensor/laser_led/msm_laser_led.o
  CC      drivers/net/dummy.o
  CC      drivers/of/of_pci.o
  CC      drivers/net/usb/asix_common.o
  CC      drivers/of/of_pci_irq.o
  LD      drivers/perf/built-in.o
  CC      drivers/net/ppp/ppp_deflate.o
  CC      drivers/of/of_reserved_mem.o
  LD      drivers/net/wireless/cnss_prealloc/built-in.o
  CC      drivers/net/ppp/ppp_mppe.o
  CC      drivers/pci/pci.o
  LD      drivers/net/wireless/cnss_genl/built-in.o
  CC      drivers/media/platform/msm/camera_v2/sensor/ois/msm_ois.o
  LD      drivers/media/v4l2-core/videodev.o
  CC      net/ipv4/netfilter/nf_reject_ipv4.o
  LD      drivers/media/v4l2-core/built-in.o
  LD      drivers/media/platform/msm/camera_v2/sensor/laser_led/built-in.o
  CC      drivers/net/usb/ax88172a.o
  CC      net/netfilter/xt_dscp.o
  CC      drivers/media/platform/msm/camera_v2/sensor/msm_sensor_init.o
  CC      drivers/of/of_slimbus.o
  CC      drivers/phy/phy-core.o
  CC      drivers/net/ppp/pppox.o
  CC      drivers/net/wireguard/device.o
  LD      drivers/net/wireless/cnss_utils/built-in.o
  CC      drivers/media/platform/msm/camera_v2/sensor/msm_sensor_driver.o
  LD      drivers/net/wireless/built-in.o
  CC      drivers/net/wireguard/peer.o
  CC      drivers/net/mii.o
  CC      drivers/pinctrl/core.o
  CC      drivers/platform/msm/qpnp-revid.o
  CC      drivers/of/of_batterydata.o
  LD      drivers/media/platform/msm/camera_v2/sensor/ois/built-in.o
  CC      net/netfilter/xt_ecn.o
  CC      drivers/net/usb/ax88179_178a.o
  CC      drivers/platform/msm/qpnp-coincell.o
  CC      drivers/phy/phy-qcom-ufs.o
  CC      drivers/pnp/core.o
  LD      drivers/of/built-in.o
  CC      drivers/phy/phy-qcom-ufs-qmp-20nm.o
  CC      drivers/media/platform/msm/camera_v2/sensor/msm_sensor.o
  CC      net/ipv4/netfilter/nf_nat_h323.o
  CC      drivers/net/ppp/pppoe.o
  CC      drivers/power/power_supply_core.o
  CC      drivers/platform/msm/gsi/gsi.o
  CC      drivers/net/wireguard/timers.o
  CC      drivers/pwm/core.o
  CC      net/ipv4/netfilter/nf_nat_pptp.o
  CC      drivers/pinctrl/pinctrl-utils.o
  CC      drivers/pci/pci-driver.o
  CC      net/netfilter/xt_esp.o
  CC      drivers/power/power_supply_sysfs.o
  CC      drivers/phy/phy-qcom-ufs-qmp-14nm.o
  CC      drivers/pnp/card.o
  CC      drivers/net/usb/cdc_ether.o
  CC      drivers/pinctrl/pinmux.o
  CC      net/ipv4/cipso_ipv4.o
  CC      drivers/pwm/sysfs.o
  LD      drivers/media/platform/msm/camera_v2/sensor/built-in.o
  CC      drivers/power/power_supply_leds.o
  LD      drivers/media/platform/msm/camera_v2/built-in.o
  CC      drivers/phy/phy-qcom-ufs-qmp-v3.o
  LD      drivers/media/platform/msm/built-in.o
  CC      drivers/net/ppp/pppolac.o
  CC      drivers/pci/search.o
  LD      drivers/media/platform/built-in.o
  CC      net/ipv4/netfilter/nf_nat_masquerade_ipv4.o
  LD      drivers/media/built-in.o
  CC      drivers/net/wireguard/queueing.o
  CC      net/netfilter/xt_hashlimit.o
  CC      net/wireless/ocb.o
  CC      drivers/pnp/driver.o
  CC      drivers/net/Space.o
  CC      drivers/power/qcom/lpm-stats.o
  CC      drivers/pinctrl/pinconf.o
  CC      drivers/pwm/pwm-qpnp.o
  CC      drivers/phy/phy-qcom-ufs-qrbtc-v2.o
  CC      drivers/net/usb/usbnet.o
  CC      drivers/platform/msm/gsi/gsi_dbg.o
  CC      drivers/pci/pci-sysfs.o
  CC      drivers/net/ppp/pppopns.o
  CC      drivers/phy/phy-qcom-ufs-qmp-v3-660.o
../net/netfilter/xt_hashlimit.c:294:9: warning: default initialization of an object of type 'typeof (he->expires)' (aka 'const unsigned long') leaves the object uninitialized [-Wdefault-const-init-var-unsafe]
  294 |         return time_after_eq(jiffies, he->expires);
      |                ^
../include/linux/jiffies.h:109:3: note: expanded from macro 'time_after_eq'
  109 |          typecheck(unsigned long, b) && \
      |          ^
../include/linux/typecheck.h:10:12: note: expanded from macro 'typecheck'
   10 |         typeof(x) __dummy2; \
      |                   ^
  CC      drivers/pnp/resource.o
  CC      drivers/pinctrl/devicetree.o
  CC      drivers/pinctrl/pinconf-generic.o
  CC      drivers/pci/rom.o
1 warning generated.
  CC      drivers/net/wireguard/send.o
  CC      net/ipv4/netfilter/nf_nat_proto_gre.o
  CC      net/netfilter/xt_helper.o
  CC      drivers/power/qcom/apm.o
  CC      drivers/platform/msm/ipa/ipa_clients/ipa_usb.o
  LD      drivers/pwm/built-in.o
  CC      net/ipv4/xfrm4_policy.o
  LD      drivers/phy/built-in.o
  CC      drivers/net/usb/cdc_ncm.o
  LD      drivers/platform/msm/gsi/built-in.o
  CC      net/wireless/regdb.o
  CC      net/ipv4/netfilter/ip_tables.o
  CC      net/netfilter/xt_hl.o
  CC      drivers/platform/msm/ipa/ipa_v2/ipa.o
  LD      drivers/net/ppp/built-in.o
  CC      drivers/platform/msm/seemp_core/seemp_logk.o
  CC      drivers/pci/setup-res.o
  CC      drivers/pnp/manager.o
  CC      drivers/pinctrl/qcom/pinctrl-msm.o
  CC      drivers/pnp/support.o
  CC      drivers/net/loopback.o
  LD      drivers/power/qcom/built-in.o
  CC      drivers/power/reset/msm-poweroff.o
  CC      drivers/pinctrl/qcom/pinctrl-sdm660.o
  CC      drivers/net/wireguard/receive.o
  CC      net/wireless/wext-core.o
  CC      net/ipv4/xfrm4_state.o
  CC      drivers/platform/msm/seemp_core/seemp_ringbuf.o
  CC      net/netfilter/xt_iprange.o
  CC      net/wireless/wext-proc.o
  CC      drivers/pci/irq.o
  LD      drivers/net/usb/asix.o
  CC      drivers/pnp/interface.o
  LD      drivers/net/usb/built-in.o
  CC      drivers/platform/msm/seemp_core/seemp_event_encoder.o
  CC      drivers/pinctrl/qcom/pinctrl-wcd.o
  CC      drivers/platform/msm/ipa/ipa_clients/odu_bridge.o
  CC      drivers/pinctrl/qcom/pinctrl-lpi.o
  CC      drivers/power/reset/xgene-reboot.o
  CC      drivers/regulator/core.o
  CC      drivers/reset/core.o
  CC      net/ipv4/netfilter/iptable_filter.o
  CC      drivers/pnp/quirks.o
  LD      drivers/platform/msm/seemp_core/seemp_core.o
  LD      drivers/platform/msm/seemp_core/built-in.o
  CC      drivers/platform/msm/ipa/ipa_v2/ipa_debugfs.o
  CC      net/netfilter/xt_length.o
  CC      net/wireless/wext-spy.o
  CC      drivers/power/reset/syscon-reboot.o
  CC      drivers/rtc/rtc-lib.o
  LD      drivers/pinctrl/qcom/built-in.o
  CC      drivers/pci/vpd.o
  LD      drivers/pinctrl/built-in.o
  CC      drivers/net/wireguard/socket.o
  CC      drivers/rtc/hctosys.o
  CC      net/wireless/wext-priv.o
  CC      net/xfrm/xfrm_policy.o
  LD      drivers/reset/built-in.o
  CC      drivers/platform/msm/ipa/ipa_clients/ipa_mhi_client.o
  LD      drivers/power/reset/built-in.o
  CC      drivers/pnp/system.o
  CC      net/ipv4/netfilter/iptable_mangle.o
  CC      net/ipv4/netfilter/iptable_nat.o
  CC      drivers/rtc/systohc.o
  CC      drivers/power/supply/qcom/qpnp-fg-gen3.o
  CC      drivers/pci/setup-bus.o
  CC      net/netfilter/xt_limit.o
  LD      net/wireless/cfg80211.o
  CC      drivers/pnp/pnpacpi/core.o
  LD      net/wireless/built-in.o
  CC      drivers/platform/msm/ipa/ipa_v3/ipa.o
  CC      net/ipv4/xfrm4_input.o
  CC      drivers/platform/msm/ipa/ipa_v3/ipahal/ipahal.o
  CC      drivers/rtc/class.o
  CC      drivers/net/wireguard/peerlookup.o
  CC      drivers/platform/msm/ipa/ipa_v2/ipa_hdr.o
  CC      drivers/scsi/scsi.o
  CC      drivers/platform/msm/ipa/ipa_clients/ipa_uc_offload.o
  CC      drivers/regulator/dummy.o
  CC      drivers/regulator/fixed-helper.o
  CC      net/ipv4/netfilter/iptable_raw.o
  CC      net/netfilter/xt_mac.o
  CC      drivers/rtc/interface.o
  CC      drivers/pnp/pnpacpi/rsparser.o
  CC      net/ipv4/netfilter/iptable_security.o
  CC      drivers/platform/msm/ipa/ipa_v3/ipahal/ipahal_reg.o
  CC      drivers/pci/vc.o
  CC      drivers/regulator/helpers.o
  CC      drivers/power/supply/qcom/fg-memif.o
  CC      drivers/net/wireguard/allowedips.o
  CC      drivers/net/wireguard/ratelimiter.o
  LD      drivers/platform/msm/ipa/ipa_clients/built-in.o
  CC      drivers/platform/msm/ipa/ipa_v2/ipa_flt.o
  CC      drivers/scsi/hosts.o
  CC      drivers/platform/msm/ipa/ipa_v2/ipa_rt.o
  CC      net/netfilter/xt_multiport.o
  CC      net/xfrm/xfrm_state.o
  CC      drivers/platform/msm/ipa/ipa_v2/ipa_dp.o
  LD      drivers/pnp/pnpacpi/pnp.o
  LD      drivers/pnp/pnpacpi/built-in.o
  LD      drivers/pnp/pnp.o
  CC      drivers/rtc/rtc-dev.o
  CC      drivers/pci/proc.o
  LD      drivers/pnp/built-in.o
  CC      net/xfrm/xfrm_hash.o
  CC      drivers/platform/msm/ipa/ipa_v3/ipahal/ipahal_fltrt.o
  CC      drivers/regulator/devres.o
  CC      drivers/power/supply/qcom/fg-util.o
  CC      net/ipv4/netfilter/ipt_ah.o
  CC      net/ipv4/netfilter/ipt_rpfilter.o
  CC      drivers/rtc/rtc-proc.o
  CC      drivers/scsi/scsi_ioctl.o
  CC      drivers/pci/slot.o
  CC      drivers/rtc/rtc-sysfs.o
  CC      net/netfilter/xt_owner.o
  CC      drivers/net/wireguard/cookie.o
  CC      drivers/regulator/of_regulator.o
  CC      drivers/power/supply/qcom/msm_bcl.o
  CC      drivers/net/wireguard/netlink.o
  CC      net/xfrm/xfrm_input.o
  CC      net/compat.o
  CC      drivers/regulator/fixed.o
  CC      drivers/rtc/qpnp-rtc.o
  CC      net/ipv4/netfilter/ipt_MASQUERADE.o
  CC      drivers/pci/quirks.o
  CC      drivers/power/supply/qcom/bcl_peripheral.o
  CC      net/xfrm/xfrm_output.o
  CC      drivers/scsi/scsicam.o
  CC      net/netfilter/xt_pkttype.o
  CC      net/ipv4/xfrm4_output.o
  CC      drivers/platform/msm/ipa/ipa_v3/ipa_debugfs.o
  CC      drivers/regulator/msm_gfx_ldo.o
  CC      drivers/regulator/proxy-consumer.o
  LD      drivers/platform/msm/ipa/ipa_v3/ipahal/ipa_hal.o
  LD      drivers/platform/msm/ipa/ipa_v3/ipahal/built-in.o
  LD      drivers/power/power_supply.o
  CC      net/netfilter/xt_policy.o
  CC      drivers/platform/msm/ipa/ipa_v2/ipa_client.o
  LD      drivers/rtc/rtc-core.o
  LD      drivers/rtc/built-in.o
  CC      net/ipv4/netfilter/ipt_REJECT.o
  CC      drivers/net/wireguard/crypto/zinc/chacha20/chacha20.o
  CC      net/ipv4/netfilter/arp_tables.o
  CC      drivers/scsi/scsi_error.o
  CC      drivers/platform/msm/sps/bam.o
  CC      drivers/power/supply/qcom/battery_current_limit.o
  CC      drivers/sensors/sensors_ssc.o
  CC      net/netfilter/xt_quota.o
  CC      drivers/regulator/mem-acc-regulator.o
  CC      drivers/scsi/scsi_lib.o
  CC      drivers/pci/msi.o
  CC      net/xfrm/xfrm_sysctl.o
  CC      drivers/platform/msm/gpio-usbdetect.o
  CC      drivers/scsi/scsi_common.o
  CC      net/sysctl_net.o
  LD      drivers/sensors/built-in.o
  CC      drivers/regulator/rpm-smd-regulator.o
  CC      drivers/platform/msm/ipa/ipa_v3/ipa_hdr.o
  CC      drivers/platform/msm/ipa/ipa_v2/ipa_utils.o
  CC      net/netfilter/xt_quota2.o
  CC      drivers/platform/msm/ipa/ipa_v3/ipa_flt.o
  CC      drivers/platform/msm/ipa/ipa_v3/ipa_rt.o
  CC      drivers/net/wireguard/crypto/zinc/poly1305/poly1305.o
  CC      drivers/slimbus/slimbus.o
  CC      net/ipv4/netfilter/arpt_mangle.o
  CC      net/xfrm/xfrm_replay.o
  CC      drivers/power/supply/qcom/step-chg-jeita.o
  CC      drivers/platform/msm/ipa/ipa_v3/ipa_dp.o
  CC      drivers/pci/setup-irq.o
  CC      drivers/regulator/qpnp-regulator.o
  CC      drivers/scsi/constants.o
  CC      net/netfilter/xt_socket.o
  CC      drivers/net/tun.o
  CC      drivers/regulator/spm-regulator.o
  CC      drivers/power/supply/qcom/battery.o
  CC      drivers/net/wireguard/crypto/zinc/chacha20poly1305.o
  CC      net/ipv4/netfilter/arptable_filter.o
  CC      drivers/platform/msm/usb_bam.o
  CC      drivers/platform/msm/ipa/ipa_v3/ipa_client.o
  CC      drivers/pci/pci-acpi.o
  CC      drivers/platform/msm/sps/sps_bam.o
  CC      drivers/power/supply/qcom/qpnp-smb2.o
  CC      drivers/slimbus/slim-msm.o
  CC      drivers/scsi/scsi_lib_dma.o
  CC      net/xfrm/xfrm_proc.o
  CC      net/ipv4/netfilter/nf_dup_ipv4.o
  CC      drivers/regulator/cpr3-regulator.o
  CC      net/netfilter/xt_state.o
  CC      drivers/pci/pci-label.o
  CC      drivers/net/wireguard/crypto/zinc/blake2s/blake2s.o
  CC      drivers/platform/msm/ipa/ipa_v2/ipa_nat.o
  CC      drivers/soc/qcom/msm_smem.o
  CC      drivers/power/supply/qcom/smb-lib.o
  CC      drivers/scsi/scsi_scan.o
  CC      drivers/platform/msm/sps/sps.o
  CC      drivers/slimbus/slim-msm-ngd.o
  CC      net/xfrm/xfrm_algo.o
  CC      drivers/power/supply/qcom/pmic-voter.o
  CC      drivers/power/supply/qcom/storm-watch.o
  CC      drivers/platform/msm/ipa/ipa_v3/ipa_utils.o
  CC      drivers/pci/syscall.o
  CC      net/netfilter/xt_statistic.o
  CC      drivers/soundwire/soundwire.o
  LD      net/ipv4/netfilter/nf_conntrack_ipv4.o
  LD      net/ipv4/netfilter/nf_nat_ipv4.o
  LD      net/ipv4/netfilter/built-in.o
  CC      net/ipv4/xfrm4_protocol.o
  CC      net/xfrm/xfrm_user.o
  CC      drivers/platform/msm/ipa/ipa_v3/ipa_nat.o
  CC      drivers/platform/msm/ipa/ipa_v2/ipa_intf.o
  CC      drivers/pci/of.o
  CC      drivers/soc/qcom/smem_debug.o
  LD      drivers/slimbus/built-in.o
  CC      drivers/power/supply/qcom/smb138x-charger.o
  CC      drivers/scsi/scsi_sysfs.o
  CC      drivers/regulator/cpr3-util.o
  CC      drivers/net/wireguard/crypto/zinc/curve25519/curve25519.o
  CC      net/netfilter/xt_string.o
  CC      drivers/soundwire/swr-wcd-ctrl.o
  CC      drivers/soc/qcom/msm_smd.o
  CC      drivers/platform/msm/msm_ext_display.o
  CC      drivers/scsi/scsi_devinfo.o
  CC      drivers/pci/host/pci-msm.o
  CC      drivers/platform/msm/sps/sps_dma.o
  CC      drivers/scsi/scsi_sysctl.o
  CC      drivers/platform/msm/sps/sps_map.o
  CC      drivers/platform/msm/ipa/ipa_v2/teth_bridge.o
  LD      net/ipv4/built-in.o
  LD      drivers/power/supply/qcom/built-in.o
  CC      drivers/platform/msm/sps/sps_mem.o
  LD      drivers/power/supply/built-in.o
  LD      drivers/power/built-in.o
  CC      net/netfilter/xt_time.o
  CC      drivers/platform/msm/ipa/ipa_api.o
  CC      drivers/spi/spi.o
  CC      drivers/regulator/cpr3-hmss-regulator.o
  CC      drivers/platform/msm/ipa/ipa_v2/ipa_interrupts.o
  CC      drivers/platform/msm/sps/sps_rm.o
  CC      drivers/spmi/spmi.o
  LD      drivers/soundwire/built-in.o
  CC      drivers/spmi/spmi-pmic-arb.o
  CC      drivers/scsi/scsi_proc.o
  CC      drivers/soc/qcom/smd_debug.o
  CC      drivers/platform/msm/ipa/ipa_v3/ipa_intf.o
  LD      drivers/net/wireguard/wireguard.o
  LD      drivers/net/wireguard/built-in.o
  LD      drivers/net/built-in.o
  CC      drivers/platform/msm/ipa/ipa_v3/teth_bridge.o
  CC      net/xfrm/xfrm_ipcomp.o
  CC      drivers/regulator/cpr3-mmss-regulator.o
  CC      net/netfilter/xt_u32.o
  CC      drivers/soc/qcom/smd_private.o
  LD      drivers/platform/msm/sps/built-in.o
  CC      drivers/soc/qcom/smd_init_dt.o
  CC      drivers/scsi/scsi_trace.o
  CC      drivers/platform/msm/ipa/ipa_v3/ipa_interrupts.o
  CC      drivers/spi/spidev.o
  CC      drivers/platform/msm/ipa/ipa_v2/ipa_uc.o
  CC      drivers/regulator/cprh-kbss-regulator.o
  CC      drivers/spi/spi-qup.o
  CC      drivers/scsi/scsi_logging.o
  CC      drivers/spi/spi_qsd.o
  CC      drivers/spmi/virtspmi-pmic-arb.o
  CC      drivers/scsi/scsi_pm.o
  CC      drivers/platform/msm/ipa/ipa_v2/ipa_uc_wdi.o
  LD      net/netfilter/netfilter.o
  CC      drivers/soc/qcom/smsm_debug.o
  LD      net/netfilter/nf_conntrack.o
  CC      drivers/scsi/ufs/ufs-qcom.o
  LD      net/netfilter/nf_conntrack_h323.o
  LD      net/netfilter/nf_nat.o
  CC      drivers/scsi/ufs/ufs-qcom-ice.o
  LD      net/netfilter/built-in.o
  CC      drivers/staging/staging.o
  CC      drivers/switch/switch_class.o
  CC      drivers/platform/msm/ipa/ipa_v3/ipa_uc.o
  CC      drivers/regulator/cpr4-mmss-ldo-regulator.o
  LD      net/xfrm/built-in.o
  LD      net/built-in.o
  CC      drivers/soc/qcom/glink.o
  LD      drivers/spmi/built-in.o
  CC      drivers/regulator/qpnp-labibb-regulator.o
  CC      drivers/thermal/thermal_core.o
  CC      drivers/regulator/qpnp-lcdb-regulator.o
  CC      drivers/tty/tty_io.o
  CC      drivers/uio/uio.o
  CC      drivers/staging/android/ion/ion.o
  LD      drivers/switch/built-in.o
  CC      drivers/tty/n_tty.o
  CC      drivers/uio/msm_sharedmem/msm_sharedmem.o
  CC      drivers/scsi/sd.o
  CC      drivers/soc/qcom/glink_debugfs.o
  LD      drivers/spi/built-in.o
  CC      drivers/uio/msm_sharedmem/remote_filesystem_access_v01.o
  CC      drivers/platform/msm/ipa/ipa_v2/ipa_dma.o
  CC      drivers/scsi/ufs/ufshcd.o
  LD      drivers/pci/host/built-in.o
  CC      drivers/platform/msm/ipa/ipa_v3/ipa_uc_wdi.o
  LD      drivers/pci/built-in.o
  CC      drivers/platform/msm/ipa/ipa_rm.o
  CC      drivers/scsi/ufs/ufs_quirks.o
  CC      drivers/uio/msm_sharedmem/sharedmem_qmi.o
  CC      drivers/soc/qcom/glink_ssr.o
  CC      drivers/scsi/sg.o
  LD      drivers/scsi/scsi_mod.o
  CC      drivers/regulator/qpnp-oledb-regulator.o
  CC      drivers/usb/common/common.o
  CC      drivers/platform/msm/ipa/ipa_v2/ipa_uc_mhi.o
  CC      drivers/staging/android/ion/ion_heap.o
  CC      drivers/platform/msm/ipa/ipa_v2/ipa_mhi.o
  LD      drivers/uio/msm_sharedmem/built-in.o
  LD      drivers/uio/built-in.o
  CC      drivers/tty/tty_ioctl.o
  CC      drivers/platform/msm/ipa/ipa_rm_dependency_graph.o
  CC      drivers/thermal/thermal_hwmon.o
  CC      drivers/regulator/stub-regulator.o
  CC      drivers/tty/tty_ldisc.o
  CC      drivers/platform/msm/ipa/ipa_v3/ipa_dma.o
  CC      drivers/usb/core/usb.o
  LD      drivers/usb/common/usb-common.o
  CC      drivers/soc/qcom/glink_loopback_server.o
  LD      drivers/usb/common/built-in.o
  CC      drivers/usb/core/hub.o
  CC      drivers/staging/android/ion/ion_page_pool.o
  CC      drivers/soc/qcom/glink_smd_xprt.o
  CC      drivers/platform/msm/ipa/ipa_v2/ipa_uc_ntn.o
  CC      drivers/thermal/of-thermal.o
  CC      drivers/staging/android/ion/ion_system_heap.o
  CC      drivers/thermal/step_wise.o
  CC      drivers/soc/qcom/glink_smem_native_xprt.o
  CC      drivers/usb/core/hcd.o
  LD      drivers/regulator/built-in.o
  CC      drivers/soc/qcom/glink_spi_xprt.o
  CC      drivers/platform/msm/ipa/ipa_v2/rmnet_ipa.o
  CC      drivers/soc/qcom/smem_log.o
  CC      drivers/tty/tty_buffer.o
  CC      drivers/scsi/ufs/ufshcd-pltfrm.o
  CC      drivers/thermal/cpu_cooling.o
  CC      drivers/platform/msm/ipa/ipa_v3/ipa_uc_mhi.o
  CC      drivers/soc/qcom/sysmon-glink.o
  CC      drivers/platform/msm/ipa/ipa_rm_peers_list.o
  CC      drivers/platform/msm/ipa/ipa_rm_resource.o
  CC      drivers/staging/android/ion/ion_carveout_heap.o
  CC      drivers/scsi/ufs/ufs-debugfs.o
../drivers/platform/msm/ipa/ipa_v2/rmnet_ipa.c:452:34: warning: implicit conversion from enumeration type 'enum ipa_ip_type_enum_v01' to different enumeration type 'enum ipa_ip_type' [-Wimplicit-enum-enum-cast]
  451 |                 ipa_qmi_ctx->q6_ul_filter_rule[i].ip =
      |                                                      ~
  452 |                         rule_req->filter_spec_list[i].ip_type;
      |                         ~~~~~~~~~~~~~~~~~~~~~~~~~~~~~~^~~~~~~
../drivers/platform/msm/ipa/ipa_v2/rmnet_ipa.c:454:34: warning: implicit conversion from enumeration type 'enum ipa_filter_action_enum_v01' to different enumeration type 'enum ipa_flt_action' [-Wimplicit-enum-enum-cast]
  453 |                 ipa_qmi_ctx->q6_ul_filter_rule[i].action =
      |                                                          ~
  454 |                         rule_req->filter_spec_list[i].filter_action;
      |                         ~~~~~~~~~~~~~~~~~~~~~~~~~~~~~~^~~~~~~~~~~~~
  LD      drivers/scsi/sd_mod.o
  CC      drivers/soc/qcom/sysmon-qmi.o
  CC      drivers/tty/tty_port.o
  CC      drivers/staging/android/ion/ion_chunk_heap.o
  CC      drivers/usb/dwc3/core.o
  CC      drivers/platform/msm/ipa/ipa_rm_inactivity_timer.o
  CC      drivers/usb/dwc3/debug.o
  LD      drivers/video/backlight/built-in.o
  CC      drivers/thermal/qpnp-temp-alarm.o
  CC      drivers/platform/msm/ipa/ipa_v3/ipa_mhi.o
  CC      drivers/video/display_timing.o
  CC      drivers/usb/core/urb.o
  CC      drivers/staging/android/ion/ion_cma_heap.o
  CC      drivers/scsi/ufs/ufs-qcom-debugfs.o
  CC      drivers/video/fbdev/core/fb_notify.o
  CC      drivers/staging/qcacld-3.0/core/hdd/src/wlan_hdd_assoc.o
2 warnings generated.
  CC      drivers/thermal/qpnp-adc-tm.o
  CC      drivers/video/fbdev/core/fb_cmdline.o
  CC      drivers/platform/msm/ipa/ipa_v2/ipa_qmi_service_v01.o
  CC      drivers/platform/msm/ipa/ipa_v2/ipa_qmi_service.o
  CC      drivers/soc/qcom/smp2p.o
  CC      drivers/staging/qcacld-3.0/core/hdd/src/wlan_hdd_cfg.o
  CC      drivers/usb/dwc3/trace.o
  CC      drivers/tty/tty_mutex.o
  CC      drivers/staging/android/ion/ion_cma_secure_heap.o
  LD      drivers/scsi/ufs/built-in.o
  LD      drivers/scsi/built-in.o
  CC      drivers/video/fbdev/core/fbmem.o
  CC      drivers/staging/qcacld-3.0/core/hdd/src/wlan_hdd_data_stall_detection.o
  CC      drivers/platform/msm/ipa/ipa_v3/ipa_uc_ntn.o
  LD      drivers/platform/msm/ipa/ipa_common
  CC      drivers/staging/android/ashmem.o
  CC      drivers/usb/core/message.o
  LD      drivers/video/fbdev/omap2/displays-new/built-in.o
  CC      drivers/video/fbdev/msm/mdss_mdp.o
  LD      drivers/video/fbdev/omap2/dss/built-in.o
  CC      drivers/usb/core/driver.o
  CC      drivers/tty/tty_ldsem.o
  LD      drivers/video/fbdev/omap2/built-in.o
  CC      drivers/usb/core/config.o
  CC      drivers/usb/dwc3/host.o
  CC      drivers/soc/qcom/smp2p_loopback.o
  CC      drivers/platform/msm/ipa/ipa_v2/rmnet_ipa_fd_ioctl.o
  LD      drivers/platform/msm/ipa/ipa_v2/ipat.o
  CC      drivers/video/videomode.o
  CC      drivers/staging/android/ion/compat_ion.o
  CC      drivers/platform/msm/ipa/ipa_v3/rmnet_ipa.o
  CC      drivers/tty/pty.o
  CC      drivers/thermal/msm-tsens.o
  CC      drivers/tty/sysrq.o
  CC      drivers/video/fbdev/core/fbmon.o
  CC      drivers/usb/dwc3/gadget.o
../drivers/video/fbdev/msm/mdss_mdp.c:4857:32: warning: a function declaration without a prototype is deprecated in all versions of C [-Wstrict-prototypes]
 4857 | struct irq_info *mdss_intr_line()
      |                                ^
      |                                 void
  CC      drivers/usb/dwc3/ep0.o
  CC      drivers/usb/core/file.o
  CC      drivers/video/fbdev/amba-clcd.o
  CC      drivers/soc/qcom/smp2p_debug.o
  CC      drivers/usb/dwc3/debugfs.o
  CC      drivers/staging/android/ion/msm/msm_ion.o
  LD      drivers/platform/msm/ipa/ipa_v2/built-in.o
  CC      drivers/staging/qcacld-3.0/core/hdd/src/wlan_hdd_driver_ops.o
  CC      drivers/platform/msm/ipa/ipa_v3/ipa_qmi_service_v01.o
  CC      drivers/usb/dwc3/dwc3-pci.o
../drivers/platform/msm/ipa/ipa_v3/rmnet_ipa.c:457:37: warning: implicit conversion from enumeration type 'enum ipa_ip_type_enum_v01' to different enumeration type 'enum ipa_ip_type' [-Wimplicit-enum-enum-cast]
  456 |                 ipa3_qmi_ctx->q6_ul_filter_rule[i].ip =
      |                                                       ~
  457 |                         rule_req->filter_spec_ex_list[i].ip_type;
      |                         ~~~~~~~~~~~~~~~~~~~~~~~~~~~~~~~~~^~~~~~~
../drivers/platform/msm/ipa/ipa_v3/rmnet_ipa.c:459:37: warning: implicit conversion from enumeration type 'enum ipa_filter_action_enum_v01' to different enumeration type 'enum ipa_flt_action' [-Wimplicit-enum-enum-cast]
  458 |                 ipa3_qmi_ctx->q6_ul_filter_rule[i].action =
      |                                                           ~
  459 |                         rule_req->filter_spec_ex_list[i].filter_action;
      |                         ~~~~~~~~~~~~~~~~~~~~~~~~~~~~~~~~~^~~~~~~~~~~~~
  CC      drivers/staging/android/ion/ion_system_secure_heap.o
  CC      drivers/soc/qcom/smp2p_sleepstate.o
  CC      drivers/tty/serial/serial_core.o
  CC      drivers/platform/msm/ipa/ipa_v3/ipa_qmi_service.o
  CC      drivers/thermal/msm_thermal.o
  CC      drivers/usb/core/buffer.o
1 warning generated.
  CC      drivers/video/of_display_timing.o
  CC      drivers/usb/core/sysfs.o
  CC      drivers/tty/serial/msm_serial_hs.o
  CC      drivers/video/fbdev/core/fbcmap.o
  CC      drivers/video/of_videomode.o
  CC      drivers/soc/qcom/qmi_interface.o
  CC      drivers/staging/android/ion/msm/compat_msm_ion.o
  CC      drivers/platform/msm/ipa/ipa_v3/rmnet_ipa_fd_ioctl.o
2 warnings generated.
  CC      drivers/usb/dwc3/dwc3-qcom.o
  CC      drivers/video/fbdev/msm/mdss_mdp_ctl.o
../drivers/thermal/msm_thermal.c:2034:22: warning: default initialization of an object of type 'struct kernel_param' with const member leaves the object uninitialized [-Wdefault-const-init-field-unsafe]
 2034 |         struct kernel_param kp;
      |                             ^
../include/linux/moduleparam.h:72:12: note: member 'perm' declared 'const' here
   72 |         const u16 perm;
      |                   ^
  CC      drivers/video/fbdev/core/fbsysfs.o
  CC      drivers/video/fbdev/msm/mdss_mdp_pipe.o
  CC      drivers/usb/core/endpoint.o
  CC      drivers/usb/dwc3/dwc3-msm.o
  CC      drivers/staging/qcacld-3.0/core/hdd/src/wlan_hdd_ftm.o
  CC      drivers/staging/android/timed_output.o
  CC      drivers/usb/dwc3/dbm.o
  CC      drivers/video/fbdev/core/modedb.o
  LD      drivers/platform/msm/ipa/ipa_v3/ipat.o
  CC      drivers/tty/serial/msm_smd_tty.o
  LD      drivers/staging/android/ion/msm/built-in.o
  LD      drivers/staging/android/ion/built-in.o
  CC      drivers/usb/gadget/usbstring.o
  CC      drivers/video/fbdev/msm/mdss_mdp_util.o
  LD      drivers/platform/msm/ipa/ipa_v3/built-in.o
  LD      drivers/platform/msm/ipa/built-in.o
  CC      drivers/usb/core/devio.o
  LD      drivers/platform/msm/built-in.o
  CC      drivers/video/fbdev/core/fbcvt.o
  LD      drivers/platform/built-in.o
  CC      drivers/soc/qcom/rpm-smd.o
  CC      drivers/video/fbdev/msm/dsi_status_6g.o
  CC      drivers/video/fbdev/core/cfbfillrect.o
  CC      drivers/staging/android/timed_gpio.o
  CC      drivers/video/fbdev/msm/mdss_mdp_pp.o
  LD      drivers/tty/serial/built-in.o
  CC      drivers/usb/gadget/config.o
  LD      drivers/tty/built-in.o
  CC      drivers/staging/android/lowmemorykiller.o
  CC      drivers/video/fbdev/core/cfbcopyarea.o
  CC      drivers/usb/gadget/epautoconf.o
  CC      drivers/video/fbdev/msm/mdss_mdp_pp_debug.o
  CC      drivers/usb/gadget/composite.o
  LD      drivers/usb/dwc3/dwc3.o
  CC      drivers/thermal/msm_thermal-dev.o
  CC      drivers/usb/gadget/functions.o
  CC      drivers/staging/qcacld-3.0/core/hdd/src/wlan_hdd_hostapd.o
  CC      drivers/video/fbdev/core/cfbimgblt.o
  LD      drivers/usb/dwc3/built-in.o
1 warning generated.
  LD      drivers/video/fbdev/core/fb.o
  CC      drivers/video/fbdev/msm/mdss_mdp_pp_cache_config.o
  CC      drivers/thermal/lmh_interface.o
../drivers/thermal/msm_thermal-dev.c:349:27: warning: a function declaration without a prototype is deprecated in all versions of C [-Wstrict-prototypes]
  349 | int msm_thermal_ioctl_init()
      |                           ^
      |                            void
../drivers/thermal/msm_thermal-dev.c:412:31: warning: a function declaration without a prototype is deprecated in all versions of C [-Wstrict-prototypes]
  412 | void msm_thermal_ioctl_cleanup()
      |                               ^
      |                                void
  CC      drivers/usb/gadget/configfs.o
  CC      drivers/video/fbdev/msm/mdss_mdp_intf_video.o
  CC      drivers/thermal/lmh_lite.o
  CC      drivers/staging/android/sync.o
  CC      drivers/usb/core/notify.o
2 warnings generated.
  CC      drivers/usb/host/pci-quirks.o
  CC      drivers/thermal/msm_lmh_dcvs.o
  CC      drivers/soc/qcom/rpm-smd-debug.o
  CC      drivers/usb/misc/ehset.o
  CC      drivers/usb/core/generic.o
  LD      drivers/video/fbdev/core/built-in.o
  LD      drivers/thermal/thermal_sys.o
  CC      drivers/video/fbdev/msm/mdss_mdp_intf_cmd.o
  CC      drivers/usb/host/xhci.o
  CC      drivers/soc/qcom/ipc_router_smd_xprt.o
  CC      drivers/usb/host/xhci-mem.o
  CC      drivers/staging/android/sync_debug.o
  CC      drivers/staging/qcacld-3.0/core/hdd/src/wlan_hdd_ioctl.o
  LD      drivers/usb/misc/built-in.o
  CC      drivers/usb/gadget/u_f.o
  CC      drivers/usb/core/quirks.o
  CC      drivers/video/fbdev/msm/mdss_mdp_intf_writeback.o
  CC      drivers/usb/core/devices.o
  LD      drivers/thermal/built-in.o
  CC      drivers/staging/qcacld-3.0/core/hdd/src/wlan_hdd_main.o
  CC      drivers/staging/android/sw_sync.o
  CC      drivers/usb/pd/policy_engine.o
  LD      drivers/usb/gadget/legacy/built-in.o
  CC      drivers/usb/gadget/udc/udc-core.o
  CC      drivers/video/fbdev/msm/mdss_rotator.o
  CC      drivers/usb/gadget/function/u_ether.o
  CC      drivers/soc/qcom/ipc_router_glink_xprt.o
  CC      drivers/usb/core/port.o
  CC      drivers/usb/gadget/debug.o
  CC      drivers/usb/gadget/function/f_ncm.o
  LD      drivers/usb/gadget/libcomposite.o
  CC      drivers/usb/gadget/function/f_mass_storage.o
  CC      drivers/staging/android/oneshot_sync.o
  CC      drivers/usb/gadget/function/storage_common.o
  CC      drivers/video/fbdev/msm/mdss_mdp_overlay.o
  CC      drivers/staging/qcacld-3.0/core/hdd/src/wlan_hdd_memdump.o
  CC      drivers/video/fbdev/msm/mdss_mdp_layer.o
  LD      drivers/usb/gadget/udc/built-in.o
  CC      drivers/usb/pd/qpnp-pdphy.o
  CC      drivers/soc/qcom/spcom.o
  CC      drivers/usb/core/hcd-pci.o
  CC      drivers/usb/host/xhci-ring.o
  CC      drivers/usb/gadget/function/f_fs.o
../drivers/staging/qcacld-3.0/core/hdd/src/wlan_hdd_main.c:7113:43: warning: a function declaration without a prototype is deprecated in all versions of C [-Wstrict-prototypes]
 7113 | hdd_adapter_t *hdd_get_first_valid_adapter()
      |                                           ^
      |                                            void
  CC      drivers/usb/phy/phy.o
  CC      drivers/staging/qcacld-3.0/core/hdd/src/wlan_hdd_oemdata.o
  LD      drivers/staging/android/built-in.o
  CC      drivers/usb/phy/of.o
  CC      drivers/usb/storage/scsiglue.o
  CC      drivers/usb/core/usb-acpi.o
  LD      drivers/usb/pd/built-in.o
  CC      drivers/usb/storage/protocol.o
  CC      drivers/usb/gadget/function/f_midi.o
  CC      drivers/staging/qcacld-3.0/core/hdd/src/wlan_hdd_packet_filter.o
  CC      drivers/soc/qcom/spss_utils.o
  CC      drivers/usb/storage/transport.o
  CC      drivers/soc/qcom/memshare/heap_mem_ext_v01.o
  CC      drivers/usb/storage/usb.o
  CC      drivers/usb/phy/otg-wakelock.o
  CC      drivers/staging/qcacld-3.0/core/hdd/src/wlan_hdd_power.o
  CC      drivers/soc/qcom/memshare/msm_memshare.o
  CC      drivers/staging/qcacld-3.0/core/hdd/src/wlan_hdd_regulatory.o
  LD      drivers/usb/core/usbcore.o
  CC      drivers/soc/qcom/msm_bus/msm_bus_core.o
  LD      drivers/usb/core/built-in.o
  CC      drivers/usb/host/xhci-hub.o
  CC      drivers/soc/qcom/msm_bus/msm_bus_client_api.o
  CC      drivers/video/fbdev/msm/mdss_mdp_splash_logo.o
  CC      drivers/usb/gadget/function/f_hid.o
  CC      drivers/usb/phy/class-dual-role.o
  CC      drivers/video/fbdev/msm/mdss_mdp_cdm.o
1 warning generated.
  CC      drivers/soc/qcom/qdsp6v2/apr.o
  CC      drivers/staging/qcacld-3.0/core/hdd/src/wlan_hdd_request_manager.o
  CC      drivers/usb/storage/initializers.o
  CC      drivers/usb/host/xhci-dbg.o
  LD      drivers/soc/qcom/memshare/built-in.o
  CC      drivers/usb/storage/sierra_ms.o
  CC      drivers/usb/host/xhci-trace.o
  CC      drivers/usb/gadget/function/f_mtp.o
  CC      drivers/soc/qcom/msm_bus/msm_bus_of.o
  CC      drivers/soc/qcom/msm_bus/msm_bus_rpm_smd.o
  CC      drivers/video/fbdev/msm/mdss_smmu.o
  CC      drivers/usb/gadget/function/f_ptp.o
  CC      drivers/usb/phy/phy-generic.o
  CC      drivers/soc/qcom/qdsp6v2/apr_v2.o
  CC      drivers/usb/phy/phy-msm-ssusb-qmp.o
../drivers/soc/qcom/msm_bus/msm_bus_rpm_smd.c:22:29: warning: a function declaration without a prototype is deprecated in all versions of C [-Wstrict-prototypes]
   22 | void msm_bus_rpm_set_mt_mask()
      |                             ^
      |                              void
1 warning generated.
  CC      drivers/soc/qcom/msm_bus/msm_bus_fabric_adhoc.o
  CC      drivers/soc/qcom/msm_glink_pkt.o
  CC      drivers/usb/storage/option_ms.o
  CC      drivers/usb/phy/phy-msm-qusb.o
  CC      drivers/usb/storage/usual-tables.o
  CC      drivers/usb/host/xhci-pci.o
  CC      drivers/usb/host/xhci-plat.o
  CC      drivers/soc/qcom/qdsp6v2/apr_tal_glink.o
  CC      drivers/soc/qcom/msm_bus/msm_bus_arb_adhoc.o
  CC      drivers/soc/qcom/qdsp6v2/voice_svc.o
  CC      drivers/usb/gadget/function/f_audio_source.o
  CC      drivers/video/fbdev/msm/mdss_mdp_wfd.o
  CC      drivers/soc/qcom/msm_bus/msm_bus_rules.o
  CC      drivers/usb/gadget/function/f_accessory.o
../drivers/soc/qcom/qdsp6v2/voice_svc.c:600:31: warning: a function declaration without a prototype is deprecated in all versions of C [-Wstrict-prototypes]
  600 | static int voice_svc_dummy_reg()
      |                               ^
      |                                void
  CC      drivers/video/fbdev/msm/mdss_mdp_pp_v1_7.o
  CC      drivers/staging/qcacld-3.0/core/hdd/src/wlan_hdd_scan.o
  LD      drivers/usb/storage/usb-storage.o
  LD      drivers/usb/host/xhci-hcd.o
  LD      drivers/usb/storage/built-in.o
  CC      drivers/soc/qcom/subsys-pil-tz.o
  CC      drivers/video/fbdev/msm/mdss_mdp_pp_v3.o
  CC      drivers/soc/qcom/qdsp6v2/apr_dummy.o
1 warning generated.
  CC      drivers/usb/gadget/function/f_diag.o
  CC      drivers/usb/phy/phy-msm-qusb-v2.o
  CC      drivers/staging/qcacld-3.0/core/hdd/src/wlan_hdd_softap_tx_rx.o
  LD      drivers/usb/host/xhci-plat-hcd.o
  CC      drivers/usb/gadget/function/f_cdev.o
  LD      drivers/usb/host/built-in.o
  CC      drivers/video/fbdev/msm/mdss_mdp_pp_common.o
  CC      drivers/soc/qcom/pil-q6v5.o
  CC      drivers/usb/gadget/function/f_qdss.o
  CC      drivers/soc/qcom/pil-msa.o
  CC      drivers/staging/qcacld-3.0/core/hdd/src/wlan_hdd_tx_rx.o
  CC      drivers/soc/qcom/msm_bus/msm_bus_bimc_adhoc.o
  CC      drivers/soc/qcom/qdsp6v2/msm_audio_ion.o
  CC      drivers/soc/qcom/qdsp6v2/adsp-loader.o
  CC      drivers/video/fbdev/msm/mdss_mdp_pp_stub.o
  CC      drivers/soc/qcom/pil-q6v5-mss.o
  LD      drivers/usb/phy/built-in.o
  CC      drivers/usb/gadget/function/u_qdss.o
  CC      drivers/staging/qcacld-3.0/core/hdd/src/wlan_hdd_trace.o
  CC      drivers/usb/gadget/function/f_qc_rndis.o
  CC      drivers/video/fbdev/msm/mdss_mdp_debug.o
  CC      drivers/video/fbdev/msm/mdss_debug.o
  CC      drivers/usb/gadget/function/rndis.o
  CC      drivers/staging/qcacld-3.0/core/hdd/src/wlan_hdd_wext.o
  CC      drivers/usb/gadget/function/u_data_ipa.o
  CC      drivers/staging/qcacld-3.0/core/hdd/src/wlan_hdd_wmm.o
  CC      drivers/soc/qcom/msm_bus/msm_bus_noc_adhoc.o
  CC      drivers/soc/qcom/qdsp6v2/audio_ssr.o
  CC      drivers/video/fbdev/msm/mdss_debug_xlog.o
  CC      drivers/soc/qcom/peripheral-loader.o
  CC      drivers/staging/qcacld-3.0/core/hdd/src/wlan_hdd_wowl.o
  CC      drivers/soc/qcom/qdsp6v2/audio_pdr.o
  CC      drivers/soc/qcom/subsystem_notif.o
  CC      drivers/soc/qcom/subsystem_restart.o
  CC      drivers/soc/qcom/qdsp6v2/audio_notifier.o
  CC      drivers/soc/qcom/qdsp6v2/cdsp-loader.o
  CC      drivers/staging/qcacld-3.0/core/hdd/src/wlan_hdd_sysfs.o
  CC      drivers/soc/qcom/msm_bus/msm_bus_of_adhoc.o
  CC      drivers/soc/qcom/ramdump.o
  CC      drivers/soc/qcom/msm_bus/msm_bus_dbg.o
  CC      drivers/video/fbdev/msm/mdss_dsi.o
  CC      drivers/usb/gadget/function/f_rmnet.o
  CC      drivers/staging/qcacld-3.0/core/hdd/src/wlan_hdd_debugfs.o
  CC      drivers/usb/gadget/function/u_ctrl_qti.o
  CC      drivers/video/fbdev/msm/mdss_dsi_host.o
  CC      drivers/video/fbdev/msm/mdss_dsi_cmd.o
  LD      drivers/soc/qcom/qdsp6v2/built-in.o
  LD      drivers/usb/gadget/function/usb_f_ncm.o
  LD      drivers/usb/gadget/function/usb_f_mass_storage.o
  LD      drivers/usb/gadget/function/usb_f_fs.o
  LD      drivers/usb/gadget/function/usb_f_midi.o
  LD      drivers/usb/gadget/function/usb_f_hid.o
  LD      drivers/usb/gadget/function/usb_f_mtp.o
  LD      drivers/usb/gadget/function/usb_f_ptp.o
  CC      drivers/soc/qcom/qpnp-pbs.o
  CC      drivers/staging/qcacld-3.0/core/hdd/src/wlan_hdd_debugfs_llstat.o
  CC      drivers/video/fbdev/msm/mdss_dsi_status.o
  CC      drivers/video/fbdev/msm/mdss_dsi_panel.o
  CC      drivers/soc/qcom/msm-spm.o
  CC      drivers/soc/qcom/spm_devices.o
  CC      drivers/staging/qcacld-3.0/core/hdd/src/wlan_hdd_debugfs_csr.o
  LD      drivers/usb/gadget/function/usb_f_audio_source.o
  LD      drivers/usb/gadget/function/usb_f_accessory.o
  LD      drivers/usb/gadget/function/usb_f_diag.o
  LD      drivers/usb/gadget/function/usb_f_cdev.o
  LD      drivers/usb/gadget/function/usb_f_qdss.o
  LD      drivers/usb/gadget/function/usb_f_qcrndis.o
  CC      drivers/video/fbdev/msm/msm_mdss_io_8974.o
  LD      drivers/usb/gadget/function/usb_f_rmnet_bam.o
  LD      drivers/usb/gadget/function/built-in.o
  LD      drivers/usb/gadget/built-in.o
  LD      drivers/usb/built-in.o
  CC      drivers/soc/qcom/scm.o
  CC      drivers/staging/qcacld-3.0/core/hdd/src/wlan_hdd_debugfs_connect.o
  CC      drivers/soc/qcom/scm-boot.o
  CC      drivers/soc/qcom/watchdog_v2.o
  LD      drivers/soc/qcom/msm_bus/built-in.o
  CC      drivers/video/fbdev/msm/mdss_dsi_phy.o
  CC      drivers/video/fbdev/msm/mdss_dsi_phy_v3.o
  CC      drivers/staging/qcacld-3.0/core/hdd/src/wlan_hdd_debugfs_offload.o
  CC      drivers/soc/qcom/memory_dump_v2.o
  CC      drivers/staging/qcacld-3.0/core/hdd/src/wlan_hdd_debugfs_roam.o
  CC      drivers/soc/qcom/common_log.o
  CC      drivers/video/fbdev/msm/mdss_dsi_clk.o
  CC      drivers/soc/qcom/irq-helper.o
  CC      drivers/soc/qcom/tracer_pkt.o
  CC      drivers/video/fbdev/msm/mdss_panel.o
  CC      drivers/video/fbdev/msm/mdss_hdmi_util.o
  CC      drivers/soc/qcom/icnss.o
  CC      drivers/video/fbdev/msm/mdss_hdmi_edid.o
  CC      drivers/soc/qcom/wlan_firmware_service_v01.o
  CC      drivers/staging/qcacld-3.0/core/hdd/src/wlan_hdd_lpass.o
  CC      drivers/soc/qcom/icnss_utils.o
  CC      drivers/video/fbdev/msm/mdss_cec_core.o
  CC      drivers/video/fbdev/msm/mdss_dba_utils.o
  CC      drivers/staging/qcacld-3.0/core/hdd/src/wlan_hdd_napi.o
  CC      drivers/video/fbdev/msm/mdss_hdcp_1x.o
  CC      drivers/soc/qcom/socinfo.o
  CC      drivers/staging/qcacld-3.0/core/hdd/src/wlan_hdd_ipa.o
  CC      drivers/staging/qcacld-3.0/core/hdd/src/wlan_hdd_cfg80211.o
  CC      drivers/soc/qcom/service-notifier.o
  CC      drivers/soc/qcom/secure_buffer.o
  CC      drivers/video/fbdev/msm/mdss_dp.o
  CC      drivers/staging/qcacld-3.0/core/hdd/src/wlan_hdd_ext_scan.o
  CC      drivers/video/fbdev/msm/mdss_dp_util.o
../drivers/soc/qcom/icnss.c:3418:37: warning: implicit conversion from enumeration type 'enum icnss_driver_mode' to different enumeration type 'enum wlfw_driver_mode_enum_v01' [-Wimplicit-enum-enum-cast]
 3418 |         ret = wlfw_wlan_mode_send_sync_msg(mode);
      |               ~~~~~~~~~~~~~~~~~~~~~~~~~~~~ ^~~~
  CC      drivers/video/fbdev/msm/mdss_dp_aux.o
  CC      drivers/video/fbdev/msm/mdss_dp_hdcp2p2.o
  CC      drivers/staging/qcacld-3.0/core/hdd/src/wlan_hdd_stats.o
  CC      drivers/video/fbdev/msm/mdss_io_util.o
  CC      drivers/soc/qcom/mpm-of.o
  CC      drivers/video/fbdev/msm/mdss_hdmi_tx.o
  CC      drivers/soc/qcom/event_timer.o
  CC      drivers/staging/qcacld-3.0/core/hdd/src/wlan_hdd_p2p.o
  CC      drivers/soc/qcom/msm_rq_stats.o
  CC      drivers/video/fbdev/msm/mdss_hdmi_panel.o
1 warning generated.
  CC      drivers/staging/qcacld-3.0/core/hdd/src/wlan_hdd_green_ap.o
  CC      drivers/video/fbdev/msm/mdss_hdmi_hdcp2p2.o
  CC      drivers/video/fbdev/msm/mdss_hdmi_cec.o
  CC      drivers/video/fbdev/msm/mdss_hdmi_audio.o
  CC      drivers/soc/qcom/boot_stats.o
  CC      drivers/soc/qcom/avtimer.o
  CC      drivers/soc/qcom/remoteqdss.o
  CC      drivers/video/fbdev/msm/mdss_wb.o
  CC      drivers/soc/qcom/service-locator.o
  CC      drivers/video/fbdev/msm/mdss_fb.o
  CC      drivers/soc/qcom/rpm_rbcpr_stats_v2.o
  CC      drivers/staging/qcacld-3.0/core/hdd/src/wlan_hdd_nan.o
  CC      drivers/soc/qcom/rpm_stats.o
  CC      drivers/video/fbdev/msm/mdss_util.o
  CC      drivers/video/fbdev/msm/mdss_compat_utils.o
  CC      drivers/staging/qcacld-3.0/core/hdd/src/wlan_hdd_tdls.o
  CC      drivers/soc/qcom/rpm_master_stat.o
  CC      drivers/video/fbdev/msm/mdss_livedisplay.o
  CC      drivers/soc/qcom/rpm_rail_stats.o
  CC      drivers/staging/qcacld-3.0/core/hdd/src/wlan_hdd_tsf.o
  CC      drivers/soc/qcom/system_stats.o
../drivers/video/fbdev/msm/mdss_util.c:235:42: warning: a function declaration without a prototype is deprecated in all versions of C [-Wstrict-prototypes]
  235 | struct mdss_util_intf *mdss_get_util_intf()
      |                                          ^
      |                                           void
  CC      drivers/staging/qcacld-3.0/core/hdd/src/wlan_hdd_conc_ut.o
  CC      drivers/soc/qcom/qsee_ipc_irq_bridge.o
  CC      drivers/soc/qcom/wcd-dsp-glink.o
1 warning generated.
  CC      drivers/video/fbdev/msm/mdss_mdp_kcal_ctrl.o
  CC      drivers/soc/qcom/smcinvoke.o
  LD      drivers/video/fbdev/msm/mdss-mdp.o
  CC      drivers/soc/qcom/early_random.o
  LD      drivers/video/fbdev/msm/mdss-dsi.o
  CC      drivers/soc/qcom/cx_ipeak.o
  CC      drivers/staging/qcacld-3.0/core/hdd/src/wlan_hdd_disa.o
  CC      drivers/staging/qcacld-3.0/core/hdd/src/wlan_hdd_subnet_detect.o
  CC      drivers/staging/qcacld-3.0/core/hdd/src/wlan_hdd_nan_datapath.o
  CC      drivers/staging/qcacld-3.0/core/hdd/src/wlan_hdd_spectral.o
  CC      drivers/staging/qcacld-3.0/core/hdd/src/wlan_hdd_apf.o
  CC      drivers/staging/qcacld-3.0/core/utils/epping/src/epping_main.o
  CC      drivers/staging/qcacld-3.0/core/utils/epping/src/epping_txrx.o
  CC      drivers/staging/qcacld-3.0/core/utils/epping/src/epping_tx.o
  CC      drivers/staging/qcacld-3.0/core/utils/epping/src/epping_rx.o
  CC      drivers/staging/qcacld-3.0/core/utils/epping/src/epping_helper.o
  LD      drivers/soc/qcom/built-in.o
  CC      drivers/staging/qcacld-3.0/core/mac/src/cfg/cfg_api.o
  LD      drivers/soc/built-in.o
  CC      drivers/staging/qcacld-3.0/core/mac/src/cfg/cfg_param_name.o
  CC      drivers/staging/qcacld-3.0/core/mac/src/cfg/cfg_proc_msg.o
  CC      drivers/staging/qcacld-3.0/core/mac/src/cfg/cfg_send_msg.o
  CC      drivers/staging/qcacld-3.0/core/mac/src/dph/dph_hash_table.o
  CC      drivers/staging/qcacld-3.0/core/mac/src/pe/lim/lim_aid_mgmt.o
  CC      drivers/staging/qcacld-3.0/core/mac/src/pe/lim/lim_admit_control.o
  CC      drivers/staging/qcacld-3.0/core/mac/src/pe/lim/lim_api.o
  CC      drivers/staging/qcacld-3.0/core/mac/src/pe/lim/lim_assoc_utils.o
  CC      drivers/staging/qcacld-3.0/core/mac/src/pe/lim/lim_ft.o
  CC      drivers/staging/qcacld-3.0/core/mac/src/pe/lim/lim_ibss_peer_mgmt.o
  CC      drivers/staging/qcacld-3.0/core/mac/src/pe/lim/lim_link_monitoring_algo.o
  CC      drivers/staging/qcacld-3.0/core/mac/src/pe/lim/lim_p2p.o
  LD      drivers/video/fbdev/msm/built-in.o
  LD      drivers/video/fbdev/built-in.o
  CC      drivers/staging/qcacld-3.0/core/mac/src/pe/lim/lim_process_action_frame.o
  LD      drivers/video/built-in.o
  CC      drivers/staging/qcacld-3.0/core/mac/src/pe/lim/lim_process_assoc_req_frame.o
  CC      drivers/staging/qcacld-3.0/core/mac/src/pe/lim/lim_process_assoc_rsp_frame.o
  CC      drivers/staging/qcacld-3.0/core/mac/src/pe/lim/lim_process_auth_frame.o
  CC      drivers/staging/qcacld-3.0/core/mac/src/pe/lim/lim_process_beacon_frame.o
  CC      drivers/staging/qcacld-3.0/core/mac/src/pe/lim/lim_process_cfg_updates.o
  CC      drivers/staging/qcacld-3.0/core/mac/src/pe/lim/lim_process_deauth_frame.o
  CC      drivers/staging/qcacld-3.0/core/mac/src/pe/lim/lim_process_disassoc_frame.o
  CC      drivers/staging/qcacld-3.0/core/mac/src/pe/lim/lim_process_message_queue.o
  CC      drivers/staging/qcacld-3.0/core/mac/src/pe/lim/lim_process_mlm_req_messages.o
  CC      drivers/staging/qcacld-3.0/core/mac/src/pe/lim/lim_process_mlm_rsp_messages.o
  CC      drivers/staging/qcacld-3.0/core/mac/src/pe/lim/lim_process_probe_req_frame.o
  CC      drivers/staging/qcacld-3.0/core/mac/src/pe/lim/lim_process_probe_rsp_frame.o
  CC      drivers/staging/qcacld-3.0/core/mac/src/pe/lim/lim_process_sme_req_messages.o
  CC      drivers/staging/qcacld-3.0/core/mac/src/pe/lim/lim_prop_exts_utils.o
  CC      drivers/staging/qcacld-3.0/core/mac/src/pe/lim/lim_scan_result_utils.o
  CC      drivers/staging/qcacld-3.0/core/mac/src/pe/lim/lim_security_utils.o
  CC      drivers/staging/qcacld-3.0/core/mac/src/pe/lim/lim_send_management_frames.o
  CC      drivers/staging/qcacld-3.0/core/mac/src/pe/lim/lim_send_messages.o
  CC      drivers/staging/qcacld-3.0/core/mac/src/pe/lim/lim_send_sme_rsp_messages.o
  CC      drivers/staging/qcacld-3.0/core/mac/src/pe/lim/lim_ser_des_utils.o
  CC      drivers/staging/qcacld-3.0/core/mac/src/pe/lim/lim_session.o
  CC      drivers/staging/qcacld-3.0/core/mac/src/pe/lim/lim_session_utils.o
  CC      drivers/staging/qcacld-3.0/core/mac/src/pe/lim/lim_sme_req_utils.o
  CC      drivers/staging/qcacld-3.0/core/mac/src/pe/lim/lim_sta_hash_api.o
  CC      drivers/staging/qcacld-3.0/core/mac/src/pe/lim/lim_timer_utils.o
  CC      drivers/staging/qcacld-3.0/core/mac/src/pe/lim/lim_trace.o
  CC      drivers/staging/qcacld-3.0/core/mac/src/pe/lim/lim_utils.o
  CC      drivers/staging/qcacld-3.0/core/mac/src/pe/lim/lim_process_tdls.o
  CC      drivers/staging/qcacld-3.0/core/mac/src/pe/lim/lim_process_fils.o
  CC      drivers/staging/qcacld-3.0/core/mac/src/pe/lim/lim_process_mlm_host_roam.o
  CC      drivers/staging/qcacld-3.0/core/mac/src/pe/lim/lim_send_frames_host_roam.o
  CC      drivers/staging/qcacld-3.0/core/mac/src/pe/lim/lim_roam_timer_utils.o
  CC      drivers/staging/qcacld-3.0/core/mac/src/pe/lim/lim_ft_preauth.o
  CC      drivers/staging/qcacld-3.0/core/mac/src/pe/lim/lim_reassoc_utils.o
  CC      drivers/staging/qcacld-3.0/core/mac/src/pe/sch/sch_api.o
  CC      drivers/staging/qcacld-3.0/core/mac/src/pe/sch/sch_beacon_gen.o
  CC      drivers/staging/qcacld-3.0/core/mac/src/pe/sch/sch_beacon_process.o
  CC      drivers/staging/qcacld-3.0/core/mac/src/pe/sch/sch_message.o
  CC      drivers/staging/qcacld-3.0/core/mac/src/pe/rrm/rrm_api.o
  CC      drivers/staging/qcacld-3.0/core/mac/src/pe/nan/nan_datapath.o
  CC      drivers/staging/qcacld-3.0/core/sap/src/sap_api_link_cntl.o
  CC      drivers/staging/qcacld-3.0/core/sap/src/sap_ch_select.o
  CC      drivers/staging/qcacld-3.0/core/sap/src/sap_fsm.o
  CC      drivers/staging/qcacld-3.0/core/sap/src/sap_module.o
  CC      drivers/staging/qcacld-3.0/core/sme/src/common/sme_api.o
  CC      drivers/staging/qcacld-3.0/core/sme/src/common/sme_ft_api.o
  CC      drivers/staging/qcacld-3.0/core/sme/src/common/sme_power_save.o
  CC      drivers/staging/qcacld-3.0/core/sme/src/common/sme_trace.o
  CC      drivers/staging/qcacld-3.0/core/sme/src/csr/csr_api_roam.o
  CC      drivers/staging/qcacld-3.0/core/sme/src/csr/csr_api_scan.o
  CC      drivers/staging/qcacld-3.0/core/sme/src/csr/csr_cmd_process.o
  CC      drivers/staging/qcacld-3.0/core/sme/src/csr/csr_link_list.o
  CC      drivers/staging/qcacld-3.0/core/sme/src/csr/csr_neighbor_roam.o
  CC      drivers/staging/qcacld-3.0/core/sme/src/csr/csr_util.o
  CC      drivers/staging/qcacld-3.0/core/sme/src/csr/csr_roam_preauth.o
  CC      drivers/staging/qcacld-3.0/core/sme/src/csr/csr_host_scan_roam.o
  CC      drivers/staging/qcacld-3.0/core/sme/src/csr/csr_tdls_process.o
  CC      drivers/staging/qcacld-3.0/core/sme/src/p2p/p2p_api.o
  CC      drivers/staging/qcacld-3.0/core/sme/src/qos/sme_qos.o
  CC      drivers/staging/qcacld-3.0/core/sme/src/rrm/sme_rrm.o
  CC      drivers/staging/qcacld-3.0/core/sme/src/nan/nan_api.o
  CC      drivers/staging/qcacld-3.0/core/sme/src/nan/nan_datapath_api.o
  CC      drivers/staging/qcacld-3.0/core/sme/src/spectralscan/spectral_scan_api.o
  CC      drivers/staging/qcacld-3.0/core/mac/src/sys/common/src/wlan_qct_sys.o
  CC      drivers/staging/qcacld-3.0/core/mac/src/sys/legacy/src/platform/src/sys_wrapper.o
  CC      drivers/staging/qcacld-3.0/core/mac/src/sys/legacy/src/system/src/mac_init_api.o
  CC      drivers/staging/qcacld-3.0/core/mac/src/sys/legacy/src/system/src/sys_entry_func.o
  CC      drivers/staging/qcacld-3.0/core/mac/src/sys/legacy/src/utils/src/dot11f.o
  CC      drivers/staging/qcacld-3.0/core/mac/src/sys/legacy/src/utils/src/mac_trace.o
  CC      drivers/staging/qcacld-3.0/core/mac/src/sys/legacy/src/utils/src/parser_api.o
  CC      drivers/staging/qcacld-3.0/core/mac/src/sys/legacy/src/utils/src/utils_parser.o
  CC      drivers/staging/qcacld-3.0/../qca-wifi-host-cmn/qdf/linux/src/qdf_defer.o
  CC      drivers/staging/qcacld-3.0/../qca-wifi-host-cmn/qdf/linux/src/qdf_event.o
  CC      drivers/staging/qcacld-3.0/../qca-wifi-host-cmn/qdf/linux/src/qdf_list.o
  CC      drivers/staging/qcacld-3.0/../qca-wifi-host-cmn/qdf/linux/src/qdf_lock.o
  CC      drivers/staging/qcacld-3.0/../qca-wifi-host-cmn/qdf/linux/src/qdf_mc_timer.o
  CC      drivers/staging/qcacld-3.0/../qca-wifi-host-cmn/qdf/linux/src/qdf_mem.o
  CC      drivers/staging/qcacld-3.0/../qca-wifi-host-cmn/qdf/linux/src/qdf_nbuf.o
  CC      drivers/staging/qcacld-3.0/../qca-wifi-host-cmn/qdf/linux/src/qdf_threads.o
  CC      drivers/staging/qcacld-3.0/../qca-wifi-host-cmn/qdf/linux/src/qdf_crypto.o
  CC      drivers/staging/qcacld-3.0/../qca-wifi-host-cmn/qdf/linux/src/qdf_trace.o
  CC      drivers/staging/qcacld-3.0/../qca-wifi-host-cmn/qdf/linux/src/qdf_idr.o
  CC      drivers/staging/qcacld-3.0/../qca-wifi-host-cmn/qdf/linux/src/qdf_debugfs.o
../drivers/staging/qcacld-3.0/core/mac/src/sys/legacy/src/utils/src/parser_api.c:6058:14: warning: argument 'mdie' of type 'uint8_t[3]' (aka 'unsigned char[3]') with mismatched bound [-Warray-parameter]
 6058 |                    uint8_t mdie[SIR_MDIE_SIZE])
      |                            ^
../drivers/staging/qcacld-3.0/core/mac/src/include/parser_api.h:1121:46: note: previously declared as 'uint8_t[]' (aka 'unsigned char[]') here
 1121 |                 tDot11fIEMobilityDomain * pDot11f, uint8_t mdie[]);
      |                                                            ^
  CC      drivers/staging/qcacld-3.0/../qca-wifi-host-cmn/qdf/src/qdf_cpuhp.o
  CC      drivers/staging/qcacld-3.0/../qca-wifi-host-cmn/qdf/linux/src/qdf_cpuhp.o
  CC      drivers/staging/qcacld-3.0/core/cds/src/cds_api.o
  CC      drivers/staging/qcacld-3.0/core/cds/src/cds_reg_service.o
  CC      drivers/staging/qcacld-3.0/core/cds/src/cds_mq.o
1 warning generated.
  CC      drivers/staging/qcacld-3.0/core/cds/src/cds_packet.o
  CC      drivers/staging/qcacld-3.0/core/cds/src/cds_regdomain.o
  CC      drivers/staging/qcacld-3.0/core/cds/src/cds_sched.o
  CC      drivers/staging/qcacld-3.0/core/cds/src/cds_concurrency.o
  CC      drivers/staging/qcacld-3.0/core/cds/src/cds_utils.o
  CC      drivers/staging/qcacld-3.0/core/cds/src/cds_mc_timer.o
  CC      drivers/staging/qcacld-3.0/core/sap/dfs/src/dfs_bindetects.o
  CC      drivers/staging/qcacld-3.0/core/sap/dfs/src/dfs.o
  CC      drivers/staging/qcacld-3.0/core/sap/dfs/src/dfs_debug.o
  CC      drivers/staging/qcacld-3.0/core/sap/dfs/src/dfs_fcc_bin5.o
  CC      drivers/staging/qcacld-3.0/core/sap/dfs/src/dfs_init.o
  CC      drivers/staging/qcacld-3.0/core/sap/dfs/src/dfs_misc.o
  CC      drivers/staging/qcacld-3.0/core/sap/dfs/src/dfs_nol.o
  CC      drivers/staging/qcacld-3.0/core/sap/dfs/src/dfs_phyerr_tlv.o
  CC      drivers/staging/qcacld-3.0/core/sap/dfs/src/dfs_process_phyerr.o
  CC      drivers/staging/qcacld-3.0/core/sap/dfs/src/dfs_process_radarevent.o
  CC      drivers/staging/qcacld-3.0/core/sap/dfs/src/dfs_staggered.o
  CC      drivers/staging/qcacld-3.0/core/wma/src/wma_main.o
  CC      drivers/staging/qcacld-3.0/core/wma/src/wma_scan_roam.o
  CC      drivers/staging/qcacld-3.0/core/wma/src/wma_dev_if.o
  CC      drivers/staging/qcacld-3.0/core/wma/src/wma_mgmt.o
  CC      drivers/staging/qcacld-3.0/core/wma/src/wma_power.o
  CC      drivers/staging/qcacld-3.0/core/wma/src/wma_data.o
  CC      drivers/staging/qcacld-3.0/core/wma/src/wma_utils.o
  CC      drivers/staging/qcacld-3.0/core/wma/src/wma_features.o
  CC      drivers/staging/qcacld-3.0/core/wma/src/wma_dfs_interface.o
  CC      drivers/staging/qcacld-3.0/core/wma/src/wlan_qct_wma_legacy.o
  CC      drivers/staging/qcacld-3.0/core/wma/src/wma_nan_datapath.o
  CC      drivers/staging/qcacld-3.0/core/wma/src/wma_utils_ut.o
  CC      drivers/staging/qcacld-3.0/core/dp/txrx/ol_txrx.o
  CC      drivers/staging/qcacld-3.0/core/dp/txrx/ol_cfg.o
  CC      drivers/staging/qcacld-3.0/core/dp/txrx/ol_rx.o
  CC      drivers/staging/qcacld-3.0/core/dp/txrx/ol_rx_fwd.o
  CC      drivers/staging/qcacld-3.0/core/dp/txrx/ol_rx_defrag.o
  CC      drivers/staging/qcacld-3.0/core/dp/txrx/ol_tx_desc.o
  CC      drivers/staging/qcacld-3.0/core/dp/txrx/ol_tx.o
  CC      drivers/staging/qcacld-3.0/core/dp/txrx/ol_rx_reorder_timeout.o
  CC      drivers/staging/qcacld-3.0/core/dp/txrx/ol_rx_reorder.o
  CC      drivers/staging/qcacld-3.0/core/dp/txrx/ol_rx_pn.o
  CC      drivers/staging/qcacld-3.0/core/dp/txrx/ol_tx_queue.o
  CC      drivers/staging/qcacld-3.0/core/dp/txrx/ol_txrx_peer_find.o
  CC      drivers/staging/qcacld-3.0/core/dp/txrx/ol_txrx_event.o
  CC      drivers/staging/qcacld-3.0/core/dp/txrx/ol_txrx_encap.o
  CC      drivers/staging/qcacld-3.0/core/dp/txrx/ol_tx_send.o
  CC      drivers/staging/qcacld-3.0/core/dp/txrx/ol_tx_sched.o
  CC      drivers/staging/qcacld-3.0/core/dp/txrx/ol_tx_classify.o
  CC      drivers/staging/qcacld-3.0/core/dp/txrx/ol_txrx_flow_control.o
  CC      drivers/staging/qcacld-3.0/../qca-wifi-host-cmn/wmi/src/wmi_unified.o
  CC      drivers/staging/qcacld-3.0/../qca-wifi-host-cmn/wmi/src/wmi_tlv_helper.o
  CC      drivers/staging/qcacld-3.0/../qca-wifi-host-cmn/wmi/src/wmi_unified_tlv.o
  CC      drivers/staging/qcacld-3.0/../qca-wifi-host-cmn/wmi/src/wmi_unified_api.o
  CC      drivers/staging/qcacld-3.0/../qca-wifi-host-cmn/wmi/src/wmi_unified_non_tlv.o
  CC      drivers/staging/qcacld-3.0/../qca-wifi-host-cmn/wmi/src/wmi_unified_apf_tlv.o
  CC      drivers/staging/qcacld-3.0/core/utils/fwlog/dbglog_host.o
  CC      drivers/staging/qcacld-3.0/../qca-wifi-host-cmn/htc/htc.o
  CC      drivers/staging/qcacld-3.0/../qca-wifi-host-cmn/htc/htc_send.o
  CC      drivers/staging/qcacld-3.0/../qca-wifi-host-cmn/htc/htc_recv.o
  CC      drivers/staging/qcacld-3.0/../qca-wifi-host-cmn/htc/htc_services.o
  CC      drivers/staging/qcacld-3.0/../qca-wifi-host-cmn/hif/src/hif_napi.o
  CC      drivers/staging/qcacld-3.0/../qca-wifi-host-cmn/hif/src/dispatcher/multibus.o
  CC      drivers/staging/qcacld-3.0/../qca-wifi-host-cmn/hif/src/dispatcher/dummy.o
  CC      drivers/staging/qcacld-3.0/../qca-wifi-host-cmn/hif/src/snoc/if_snoc.o
  CC      drivers/staging/qcacld-3.0/../qca-wifi-host-cmn/hif/src/ath_procfs.o
  CC      drivers/staging/qcacld-3.0/../qca-wifi-host-cmn/hif/src/hif_main.o
  CC      drivers/staging/qcacld-3.0/../qca-wifi-host-cmn/hif/src/mp_dev.o
  CC      drivers/staging/qcacld-3.0/../qca-wifi-host-cmn/hif/src/ce/ce_bmi.o
  CC      drivers/staging/qcacld-3.0/../qca-wifi-host-cmn/hif/src/ce/ce_diag.o
  CC      drivers/staging/qcacld-3.0/../qca-wifi-host-cmn/hif/src/ce/ce_main.o
  CC      drivers/staging/qcacld-3.0/../qca-wifi-host-cmn/hif/src/ce/ce_service.o
  CC      drivers/staging/qcacld-3.0/../qca-wifi-host-cmn/hif/src/ce/ce_tasklet.o
  CC      drivers/staging/qcacld-3.0/../qca-wifi-host-cmn/hif/src/regtable.o
  CC      drivers/staging/qcacld-3.0/../qca-wifi-host-cmn/hif/src/dispatcher/multibus_snoc.o
  CC      drivers/staging/qcacld-3.0/core/bmi/src/bmi.o
  CC      drivers/staging/qcacld-3.0/core/bmi/src/ol_fw.o
  CC      drivers/staging/qcacld-3.0/core/bmi/src/ol_fw_common.o
  CC      drivers/staging/qcacld-3.0/core/bmi/src/bmi_1.o
  CC      drivers/staging/qcacld-3.0/core/dp/htt/htt_tx.o
  CC      drivers/staging/qcacld-3.0/core/dp/htt/htt.o
  CC      drivers/staging/qcacld-3.0/core/dp/htt/htt_t2h.o
  CC      drivers/staging/qcacld-3.0/core/dp/htt/htt_h2t.o
  CC      drivers/staging/qcacld-3.0/core/dp/htt/htt_fw_stats.o
../drivers/staging/qcacld-3.0/../qca-wifi-host-cmn/hif/src/ce/ce_main.c:1415:10: warning: implicit conversion from enumeration type 'A_STATUS' to different enumeration type 'QDF_STATUS' [-Wimplicit-enum-enum-cast]
 1415 |                 return A_ERROR;
      |                 ~~~~~~ ^~~~~~~
  CC      drivers/staging/qcacld-3.0/core/dp/htt/htt_rx.o
  CC      drivers/staging/qcacld-3.0/core/utils/logging/src/wlan_logging_sock_svc.o
  CC      drivers/staging/qcacld-3.0/core/utils/nlink/src/wlan_nlink_srv.o
  CC      drivers/staging/qcacld-3.0/core/utils/ptt/src/wlan_ptt_sock_svc.o
  CC      drivers/staging/qcacld-3.0/core/pld/src/pld_common.o
1 warning generated.
  CC      drivers/staging/qcacld-3.0/core/pld/src/pld_pcie.o
  CC      drivers/staging/qcacld-3.0/core/pld/src/pld_snoc.o
  CC      drivers/staging/qcacld-3.0/core/utils/pktlog/pktlog_ac.o
  CC      drivers/staging/qcacld-3.0/core/utils/pktlog/pktlog_internal.o
  CC      drivers/staging/qcacld-3.0/core/utils/pktlog/linux_ac.o
../drivers/staging/qcacld-3.0/core/dp/htt/htt_h2t.c:608:10: warning: implicit conversion from enumeration type 'A_STATUS' to different enumeration type 'QDF_STATUS' [-Wimplicit-enum-enum-cast]
  608 |                 return A_ERROR; /* failure */
      |                 ~~~~~~ ^~~~~~~
../drivers/staging/qcacld-3.0/core/dp/htt/htt_h2t.c:624:10: warning: implicit conversion from enumeration type 'A_STATUS' to different enumeration type 'QDF_STATUS' [-Wimplicit-enum-enum-cast]
  624 |                 return A_ERROR; /* failure */
      |                 ~~~~~~ ^~~~~~~
2 warnings generated.
  LD      drivers/staging/qcacld-3.0/wlan.o
  LD      drivers/staging/qcacld-3.0/built-in.o
  LD      drivers/staging/built-in.o
  LD      drivers/built-in.o
  LINK    vmlinux
  LD      vmlinux.o
  MODPOST vmlinux.o
  GEN     .version
  CHK     include/generated/compile.h
  UPD     include/generated/compile.h
  CC      init/version.o
  LD      init/built-in.o
/usr/bin/aarch64-linux-gnu-ld: warning: .tmp_vmlinux1 has a LOAD segment with RWX permissions
  KSYM    .tmp_kallsyms1.o
/usr/bin/aarch64-linux-gnu-ld: warning: .tmp_vmlinux2 has a LOAD segment with RWX permissions
  KSYM    .tmp_kallsyms2.o
  LD      vmlinux
/usr/bin/aarch64-linux-gnu-ld: warning: vmlinux has a LOAD segment with RWX permissions
  SORTEX  vmlinux
  SYSMAP  System.map
  OBJCOPY arch/arm64/boot/Image
  DTC     arch/arm64/boot/dts/qcom/sdm660-mtp-lavender.dtb
  Building modules, stage 2.
  MODPOST 0 modules
  GZIP    arch/arm64/boot/Image.gz
  CAT     arch/arm64/boot/Image.gz-dtb
