[    0.000000] Booting Linux on physical CPU 0x0
[    0.000000] Linux version 4.4.302-lineageos-gf9fe259ac488-dirty (strtsnm@schoolbus) (clang version 22.1.5 Found CUDA installation: /opt/cuda, version) #1 SMP PREEMPT Fri May 29 01:22:14 IST 2026
[    0.000000] Boot CPU: AArch64 Processor [51af8014]
[    0.000000] Machine: Qualcomm Technologies, Inc. SDM 660 PM660 + PM660L MTP F7A overlay
[    0.000000] Reserved memory: reserved region for node 'wlan_msa_guard@85600000': base 0x0000000085600000, size 1 MiB
[    0.000000] Reserved memory: reserved region for node 'wlan_msa_mem@85700000': base 0x0000000085700000, size 1 MiB
[    0.000000] Reserved memory: reserved region for node 'removed_regions@85800000': base 0x0000000085800000, size 55 MiB
[    0.000000] Reserved memory: reserved region for node 'modem_fw_region@8ac00000': base 0x000000008ac00000, size 126 MiB
[    0.000000] Reserved memory: reserved region for node 'adsp_fw_region@92a00000': base 0x0000000092a00000, size 30 MiB
[    0.000000] Reserved memory: reserved region for node 'pil_mba_region@94800000': base 0x0000000094800000, size 2 MiB
[    0.000000] Reserved memory: reserved region for node 'cdsp_fw_region@94a00000': base 0x0000000094a00000, size 6 MiB
[    0.000000] Reserved memory: reserved region for node 'splash_region@9d400000': base 0x000000009d400000, size 35 MiB
[    0.000000] Reserved memory: reserved region for node 'dfps_data_mem@0x9f7ff000': base 0x000000009f800000, size 0 MiB
[    0.000000] Reserved memory: reserved region for node 'ramoops_region@b0000000': base 0x00000000a0000000, size 4 MiB
[    0.000000] Reserved memory: allocated memory for 'venus_fw_region' node: base 0x000000009cc00000, size 8 MiB
[    0.000000] Reserved memory: created CMA memory pool at 0x000000009cc00000, size 8 MiB
[    0.000000] Reserved memory: initialized node venus_fw_region, compatible id shared-dma-pool
[    0.000000] Reserved memory: allocated memory for 'linux,cma' node: base 0x00000000fd000000, size 44 MiB
[    0.000000] Reserved memory: created CMA memory pool at 0x00000000fd000000, size 44 MiB
[    0.000000] Reserved memory: initialized node linux,cma, compatible id shared-dma-pool
[    0.000000] Reserved memory: allocated memory for 'secure_region' node: base 0x00000000f7400000, size 92 MiB
[    0.000000] Reserved memory: created CMA memory pool at 0x00000000f7400000, size 92 MiB
[    0.000000] Reserved memory: initialized node secure_region, compatible id shared-dma-pool
[    0.000000] Reserved memory: allocated memory for 'qseecom_region' node: base 0x00000000f6000000, size 20 MiB
[    0.000000] Reserved memory: created CMA memory pool at 0x00000000f6000000, size 20 MiB
[    0.000000] Reserved memory: initialized node qseecom_region, compatible id shared-dma-pool
[    0.000000] Reserved memory: allocated memory for 'adsp_region' node: base 0x00000000f5800000, size 8 MiB
[    0.000000] Reserved memory: created CMA memory pool at 0x00000000f5800000, size 8 MiB
[    0.000000] Reserved memory: initialized node adsp_region, compatible id shared-dma-pool
[    0.000000] Removed memory: created DMA memory pool at 0x0000000085600000, size 1 MiB
[    0.000000] Reserved memory: initialized node wlan_msa_guard@85600000, compatible id removed-dma-pool
[    0.000000] Removed memory: created DMA memory pool at 0x0000000085700000, size 1 MiB
[    0.000000] Reserved memory: initialized node wlan_msa_mem@85700000, compatible id removed-dma-pool
[    0.000000] Removed memory: created DMA memory pool at 0x0000000085800000, size 55 MiB
[    0.000000] Reserved memory: initialized node removed_regions@85800000, compatible id removed-dma-pool
[    0.000000] Removed memory: created DMA memory pool at 0x000000008ac00000, size 126 MiB
[    0.000000] Reserved memory: initialized node modem_fw_region@8ac00000, compatible id removed-dma-pool
[    0.000000] Removed memory: created DMA memory pool at 0x0000000092a00000, size 30 MiB
[    0.000000] Reserved memory: initialized node adsp_fw_region@92a00000, compatible id removed-dma-pool
[    0.000000] Removed memory: created DMA memory pool at 0x0000000094800000, size 2 MiB
[    0.000000] Reserved memory: initialized node pil_mba_region@94800000, compatible id removed-dma-pool
[    0.000000] Removed memory: created DMA memory pool at 0x0000000094a00000, size 6 MiB
[    0.000000] Reserved memory: initialized node cdsp_fw_region@94a00000, compatible id removed-dma-pool
[    0.000000] Removed memory: created DMA memory pool at 0x00000000a0000000, size 4 MiB
[    0.000000] Reserved memory: initialized node ramoops_region@b0000000, compatible id removed-dma-pool
[    0.000000] On node 0 totalpages: 984000
[    0.000000] DMA zone: 7292 pages used for memmap
[    0.000000] DMA zone: 0 pages reserved
[    0.000000] DMA zone: 466688 pages, LIFO batch:31
[    0.000000] Normal zone: 8083 pages used for memmap
[    0.000000] Normal zone: 517312 pages, LIFO batch:31
[    0.000000] psci: probing for conduit method from DT.
[    0.000000] psci: PSCIv1.0 detected in firmware.
[    0.000000] psci: Using standard PSCI v0.2 function IDs
[    0.000000] psci: MIGRATE_INFO_TYPE not supported.
[    0.000000] psci: SMC Calling Convention v1.0
[    0.000000] psci: Initializing psci_cpu_init
[    0.000000] psci: Initializing psci_cpu_init
[    0.000000] psci: Initializing psci_cpu_init
[    0.000000] psci: Initializing psci_cpu_init
[    0.000000] psci: Initializing psci_cpu_init
[    0.000000] psci: Initializing psci_cpu_init
[    0.000000] psci: Initializing psci_cpu_init
[    0.000000] PERCPU: Embedded 20 pages/cpu @ffffffdf3e3a5000 s43544 r8192 d30184 u81920
[    0.000000] pcpu-alloc: s43544 r8192 d30184 u81920 alloc=20*4096
[    0.000000] pcpu-alloc: [0] 0 [0] 1 [0] 2 [0] 3 [0] 4 [0] 5 [0] 6 [0] 7 
[    0.000000] CPU features: enabling workaround for Kryo2xx Silver erratum 845719
[    0.000000] Built 1 zonelists in Zone order, mobility grouping on.  Total pages: 968625
[    0.000000] Kernel command line: rcupdate.rcu_expedited=1 androidboot.hardware=qcom user_debug=31 msm_rtb.filter=0x37 ehci-hcd.park=3 lpm_levels.sleep_disabled=1 sched_enable_power_aware=1 service_locator.enable=1 androidboot.configfs=true androidboot.usbcontroller=a800000.dwc3 loop.max_part=7 printk.devkmsg=on usbcore.autosuspend=7 androidboot.init_fatal_reboot_target=recovery buildvariant=userdebug androidboot.verifiedbootstate=orange androidboot.keymaster=1 root=PARTUUID=6e31d469-0969-80c8-b7e3-91cb047d32f9 androidboot.bootdevice=c0c4000.sdhci androidboot.serialno=ee1dee4 androidboot.cpuid=0xdf2a80a3 androidboot.dp=0x0 androidboot.baseband=msm mdss_mdp.panel=1:dsi:0:qcom,mdss_dsi_nt36672a_shenchao_fhdplus_video:config0:1:none:cfg:single_dsi skip_initramfs rootwait ro init=/init androidboot.dtbo_idx=0 androidboot.dtb_idx=0 androidboot.fpsensor=gdx androidboot.secureboot=1 androidboot.hwc=India_48_5 androidboot.hwversion=1.79.0 androidboot.hwlevel=MP
[    0.000000] log_buf_len individual max cpu contribution: 131072 bytes
[    0.000000] log_buf_len total cpu_extra contributions: 917504 bytes
[    0.000000] log_buf_len min size: 131072 bytes
[    0.000000] log_buf_len: 1048576 bytes
[    0.000000] early log buf free: 123844(94%)
[    0.000000] PID hash table entries: 4096 (order: 3, 32768 bytes)
[    0.000000] Dentry cache hash table entries: 524288 (order: 10, 4194304 bytes)
[    0.000000] Inode-cache hash table entries: 262144 (order: 9, 2097152 bytes)
[    0.000000] software IO TLB: mapped [mem 0xf1800000-0xf5800000] (64MB)
[    0.000000] Memory: 3538384K/3936000K available (19966K kernel code, 2944K rwdata, 7104K rodata, 6144K init, 5577K bss, 221488K reserved, 176128K cma-reserved)
[    0.000000] Virtual kernel memory layout:\x0a    modules : 0xffffff8000000000 - 0xffffff8008000000   (   128 MB)\x0a    vmalloc : 0xffffff8008000000 - 0xffffffbdbfff0000   (   246 GB)\x0a      .init : 0xffffff81ace00000 - 0xffffff81ad400000   (  6144 KB)\x0a      .text : 0xffffff81ab280000 - 0xffffff81ac600000   ( 19968 KB)\x0a    .rodata : 0xffffff81ac600000 - 0xffffff81ace00000   (  8192 KB)\x0a      .data : 0xffffff81ad400000 - 0xffffff81ad6e0000   (  2944 KB)\x0a    vmemmap : 0xffffffbdc0000000 - 0xffffffbfc0000000   (     8 GB maximum)\x0a              0xffffffbe39000000 - 0xffffffbe3cf93000   (    63 MB actual)\x0a    fixed   : 0xffffffbffe7fb000 - 0xffffffbffec00000   (  4116 KB)\x0a    PCI I/O : 0xffffffbffee00000 - 0xffffffbfffe00000   (    16 MB)\x0a    memory  : 0xffffffde40000000 - 0xffffffdf3e4c0000   (  4068 MB)
[    0.000000] SLUB: HWalign=64, Order=0-3, MinObjects=0, CPUs=8, Nodes=1
[    0.000000] Preemptible hierarchical RCU implementation.
[    0.000000] \x09RCU dyntick-idle grace-period acceleration is enabled.
[    0.000000] NR_IRQS:64 nr_irqs:64 0
[    0.000000] mpm_init_irq_domain(): Cannot find irq controller for qcom,gpio-parent
[    0.000000] MPM 1 irq mapping errored -517
[    0.000000] \x09Offload RCU callbacks from all CPUs
[    0.000000] \x09Offload RCU callbacks from CPUs: 0-7.
[    0.000000] Architected cp15 and mmio timer(s) running at 19.20MHz (virt/virt).
[    0.000000] clocksource: arch_sys_counter: mask: 0xffffffffffffff max_cycles: 0x46d987e47, max_idle_ns: 440795202767 ns
[    0.000003] sched_clock: 56 bits at 19MHz, resolution 52ns, wraps every 4398046511078ns
[    0.000016] clocksource: Switched to clocksource arch_sys_counter
[    0.001407] Calibrating delay loop (skipped), value calculated using timer frequency.. 38.40 BogoMIPS (lpj=192000)
[    0.001418] pid_max: default: 32768 minimum: 301
[    0.001468] Security Framework initialized
[    0.001475] SELinux:  Initializing.
[    0.001506] SELinux:  Starting in permissive mode
[    0.001529] Mount-cache hash table entries: 8192 (order: 4, 65536 bytes)
[    0.001537] Mountpoint-cache hash table entries: 8192 (order: 4, 65536 bytes)
[    0.003434] sched-energy: Sched-energy-costs installed from DT
[    0.003471] ASID allocator initialised with 32768 entries
[    0.017243] MSM Memory Dump base table set up
[    0.017266] MSM Memory Dump apps data table set up
[    0.051924] Brought up 8 CPUs
[    0.051931] SMP: Total of 8 processors activated.
[    0.051936] CPU features: detected feature: GIC system register CPU interface
[    0.051941] CPU features: detected feature: 32-bit EL0 Support
[    0.052187] CPU: All CPU(s) started at EL1
[    0.052224] alternatives: patching kernel code
[    0.052391] CPU7: update max cpu_capacity 1024
[    0.060043] CPU7: update max cpu_capacity 1024
[    0.099408] clocksource: jiffies: mask: 0xffffffff max_cycles: 0xffffffff, max_idle_ns: 19112604462750000 ns
[    0.099425] futex hash table entries: 2048 (order: 5, 131072 bytes)
[    0.103503] pinctrl core: initialized pinctrl subsystem
[    0.104174] NET: Registered protocol family 16
[    0.104955] schedtune: init normalization constants...
[    0.104963] schedtune: CLUSTER[0-3]      min_pwr:     1 max_pwr:    13
[    0.104968] schedtune: CPU[0]            min_pwr:     8 max_pwr:   285
[    0.104974] schedtune: CPU[1]            min_pwr:     8 max_pwr:   285
[    0.104979] schedtune: CPU[2]            min_pwr:     8 max_pwr:   285
[    0.104984] schedtune: CPU[3]            min_pwr:     8 max_pwr:   285
[    0.104989] schedtune: CLUSTER[4-7]      min_pwr:     1 max_pwr:    45
[    0.104994] schedtune: CPU[4]            min_pwr:    40 max_pwr:  2080
[    0.104999] schedtune: CPU[5]            min_pwr:    40 max_pwr:  2080
[    0.105005] schedtune: CPU[6]            min_pwr:    40 max_pwr:  2080
[    0.105011] schedtune: CPU[7]            min_pwr:    40 max_pwr:  2080
[    0.105015] schedtune: SYSTEM            min_pwr:   194 max_pwr:  9518
[    0.105020] schedtune: using normalization constants mul: 3252088065 sh1: 1 sh2: 13
[    0.105023] schedtune: verify normalization constants...
[    0.105026] schedtune: max_pwr/2^0: 9324 => norm_pwr:  1024
[    0.105030] schedtune: max_pwr/2^1: 4662 => norm_pwr:   512
[    0.105034] schedtune: max_pwr/2^2: 2331 => norm_pwr:   256
[    0.105038] schedtune: max_pwr/2^3: 1165 => norm_pwr:   127
[    0.105042] schedtune: max_pwr/2^4:  582 => norm_pwr:    63
[    0.105046] schedtune: max_pwr/2^5:  291 => norm_pwr:    31
[    0.105050] schedtune: configured to support 5 boost groups
[    0.105462] cpuidle: using governor menu
[    0.105471] cpuidle: using governor qcom
[    0.105788] vdso: 2 pages (1 code @ ffffff81ac606000, 1 data @ ffffff81ad404000)
[    0.105797] hw-breakpoint: found 6 breakpoint and 4 watchpoint registers.
[    0.106212] DMA: preallocated 256 KiB pool for atomic allocations
[    0.107979] exit: IPA_USB init success!
[    0.117771] spmi spmi-0: PMIC arbiter version v3 (0x30000000)
[    0.122295] LCDB: qpnp_lcdb_regulator_probe: Failed to parse dt rc=-517
[    0.123036] msm_watchdog 17817000.qcom,wdt: wdog absent resource not present
[    0.123345] msm_watchdog 17817000.qcom,wdt: MSM Watchdog Initialized
[    0.123513] sps:sps is ready.
[    0.125685] gpu-sdm660 5065000.clock-controller: Registered GPU RBCPR clocks
[    0.127685] irq: no irq domain found for /soc/pinctrl@03000000 !
[    0.129055] platform soc:qcom,msm-adsprpc-mem: assigned reserved memory node adsp_region
[    0.131571] msm_rpm_dev_probe: APSS-RPM communication over GLINK
[    0.131705] msm_rpm_trans_notify_state: glink config params: transport=(null), edge=rpm, name=rpm_requests
[    0.146801] pm660l_l7: supplied by pm660_l10
[    0.150880] platform cce0000.qcom,venus: assigned reserved memory node venus_fw_region
[    0.151930] platform 15700000.qcom,lpass: assigned reserved memory node adsp_fw_region@92a00000
[    0.152280] platform 1a300000.qcom,turing: assigned reserved memory node cdsp_fw_region@94a00000
[    0.152660] platform 4080000.qcom,mss: assigned reserved memory node modem_fw_region@8ac00000
[    0.162078] msm_mpm_dev_probe(): Cannot get clk resource for XO: -517
[    0.162679] genirq: Setting trigger mode 8 for irq 102 failed (gic_set_type+0x0/0xa4)
[    0.162716] genirq: Setting trigger mode 8 for irq 103 failed (gic_set_type+0x0/0xa4)
[    0.162751] genirq: Setting trigger mode 8 for irq 104 failed (gic_set_type+0x0/0xa4)
[    0.162785] genirq: Setting trigger mode 8 for irq 105 failed (gic_set_type+0x0/0xa4)
[    0.162817] genirq: Setting trigger mode 8 for irq 106 failed (gic_set_type+0x0/0xa4)
[    0.169865] __of_mpm_init(): MPM driver mapping exists
[    0.182730] irq: no irq domain found for /soc/qcom,mdss_mdp@c900000 !
[    0.184755] platform soc:ramoops: assigned reserved memory node ramoops_region@b0000000
[    0.207130] console [pstore0] enabled
[    0.207230] pstore: Registered ramoops as persistent store backend
[    0.207242] ramoops: attached 0x400000@0xa0000000, ecc: 0/0
[    0.209505] LCDB: qpnp_lcdb_regulator_probe: Failed to parse dt rc=-517
[    0.214453] qcom-clk-smd-rpm soc:qcom,rpmcc: Registered RPM clocks
[    0.217091] gcc-sdm660 100000.clock-controller: Registered GCC clocks
[    0.222644] mmcc-sdm660 c8c0000.clock-controller: Registered MMSS clocks
[    0.223850] cpr4_sdm660_mmss_read_fuse_data: gfx_corner: CPR fusing revision = 0
[    0.223986] cpr4_sdm660_mmss_calculate_open_loop_voltages: gfx_corner: fuse_corner[0] open-loop= 585000 uV
[    0.223991] cpr4_sdm660_mmss_calculate_open_loop_voltages: gfx_corner: fuse_corner[1] open-loop= 645000 uV
[    0.223997] cpr4_sdm660_mmss_calculate_open_loop_voltages: gfx_corner: fuse_corner[2] open-loop= 725000 uV
[    0.224002] cpr4_sdm660_mmss_calculate_open_loop_voltages: gfx_corner: fuse_corner[3] open-loop= 790000 uV
[    0.224008] cpr4_sdm660_mmss_calculate_open_loop_voltages: gfx_corner: fuse_corner[4] open-loop= 870000 uV
[    0.224013] cpr4_sdm660_mmss_calculate_open_loop_voltages: gfx_corner: fuse_corner[5] open-loop= 925000 uV
[    0.224126] cpr3_regulator_init_ctrl: gfx: Default CPR mode = open-loop
[    0.224729] cprh_kbss_read_fuse_data: apc0_pwrcl_corner: speed bin = 1
[    0.224738] cprh_sdm660_kbss_read_fuse_data: apc0_pwrcl_corner: CPR fusing revision = 2
[    0.224805] cprh_kbss_calculate_open_loop_voltages: apc0_pwrcl_corner: fused   LowSVS: open-loop= 614000 uV
[    0.224811] cprh_kbss_calculate_open_loop_voltages: apc0_pwrcl_corner: fused      SVS: open-loop= 644000 uV
[    0.224817] cprh_kbss_calculate_open_loop_voltages: apc0_pwrcl_corner: fused  SVSPLUS: open-loop= 688000 uV
[    0.224821] cprh_kbss_calculate_open_loop_voltages: apc0_pwrcl_corner: fused      NOM: open-loop= 758000 uV
[    0.224827] cprh_kbss_calculate_open_loop_voltages: apc0_pwrcl_corner: fused TURBO_L1: open-loop= 908000 uV
[    0.224856] cprh_kbss_calculate_target_quotients: apc0_pwrcl_corner: fused   LowSVS: quot[ 7]= 349
[    0.224863] cprh_kbss_calculate_target_quotients: apc0_pwrcl_corner: fused      SVS: quot[ 7]= 404, quot_offset[ 7]=  55
[    0.224869] cprh_kbss_calculate_target_quotients: apc0_pwrcl_corner: fused  SVSPLUS: quot[ 7]= 478, quot_offset[ 7]=  70
[    0.224875] cprh_kbss_calculate_target_quotients: apc0_pwrcl_corner: fused      NOM: quot[ 7]= 607, quot_offset[ 7]= 125
[    0.224881] cprh_kbss_calculate_target_quotients: apc0_pwrcl_corner: fused TURBO_L1: quot[ 7]= 854, quot_offset[ 7]= 245
[    0.225410] cpr3_regulator_init_ctrl: apc0: Default CPR mode = full HW closed-loop
[    0.225780] cprh_kbss_read_fuse_data: apc1_perfcl_corner: speed bin = 1
[    0.225788] cprh_sdm660_kbss_read_fuse_data: apc1_perfcl_corner: CPR fusing revision = 2
[    0.225853] cprh_kbss_calculate_open_loop_voltages: apc1_perfcl_corner: fused      SVS: open-loop= 684000 uV
[    0.225859] cprh_kbss_calculate_open_loop_voltages: apc1_perfcl_corner: fused  SVSPLUS: open-loop= 718000 uV
[    0.225864] cprh_kbss_calculate_open_loop_voltages: apc1_perfcl_corner: fused      NOM: open-loop= 788000 uV
[    0.225869] cprh_kbss_calculate_open_loop_voltages: apc1_perfcl_corner: fused    TURBO: open-loop= 898000 uV
[    0.225874] cprh_kbss_calculate_open_loop_voltages: apc1_perfcl_corner: fused TURBO_L2: open-loop= 918000 uV
[    0.225900] cprh_kbss_calculate_target_quotients: apc1_perfcl_corner: fused      SVS: quot[ 7]= 577
[    0.225907] cprh_kbss_calculate_target_quotients: apc1_perfcl_corner: fused  SVSPLUS: quot[ 7]= 646, quot_offset[ 7]=  65
[    0.225913] cprh_kbss_calculate_target_quotients: apc1_perfcl_corner: fused      NOM: quot[ 7]= 801, quot_offset[ 7]= 155
[    0.225919] cprh_kbss_calculate_target_quotients: apc1_perfcl_corner: fused    TURBO: quot[ 7]=1010, quot_offset[ 7]= 205
[    0.225925] cprh_kbss_calculate_target_quotients: apc1_perfcl_corner: fused TURBO_L2: quot[ 7]=1050, quot_offset[ 7]=  40
[    0.226399] cpr3_regulator_init_ctrl: apc1: Default CPR mode = full HW closed-loop
[    0.227945] LCDB: qpnp_lcdb_regulator_probe: Failed to parse dt rc=-517
[    0.228581] gpucc-sdm660 5065000.gfx: Registered GPUCC clocks
[    0.229153] clk-cpu-osm 179c0000.qcom,clk-cpu-660: using pwrcl speed bin 1 and pvs_ver 0
[    0.229169] clk-cpu-osm 179c0000.qcom,clk-cpu-660: using perfcl speed bin 1 and pvs_ver 0
[    0.230649] add_opp: Set OPP pair (300000000 Hz, 612000 uv) on cpu0
[    0.230963] add_opp: Set OPP pair (1843200000 Hz, 900000 uv) on cpu0
[    0.231023] add_opp: Set OPP pair (300000000 Hz, 612000 uv) on cpu1
[    0.231277] add_opp: Set OPP pair (1843200000 Hz, 900000 uv) on cpu1
[    0.231338] add_opp: Set OPP pair (300000000 Hz, 612000 uv) on cpu2
[    0.231606] add_opp: Set OPP pair (1843200000 Hz, 900000 uv) on cpu2
[    0.231651] add_opp: Set OPP pair (300000000 Hz, 612000 uv) on cpu3
[    0.231926] add_opp: Set OPP pair (1843200000 Hz, 900000 uv) on cpu3
[    0.231973] add_opp: Set OPP pair (300000000 Hz, 700000 uv) on cpu4
[    0.232214] add_opp: Set OPP pair (2208000000 Hz, 940000 uv) on cpu4
[    0.232264] add_opp: Set OPP pair (300000000 Hz, 700000 uv) on cpu5
[    0.232485] add_opp: Set OPP pair (2208000000 Hz, 940000 uv) on cpu5
[    0.232546] add_opp: Set OPP pair (300000000 Hz, 700000 uv) on cpu6
[    0.232768] add_opp: Set OPP pair (2208000000 Hz, 940000 uv) on cpu6
[    0.232831] add_opp: Set OPP pair (300000000 Hz, 700000 uv) on cpu7
[    0.233055] add_opp: Set OPP pair (2208000000 Hz, 940000 uv) on cpu7
[    0.233482] clk_cpu_osm_driver_probe: OSM driver inited
[    0.233549] LCDB: qpnp_lcdb_regulator_probe: Failed to parse dt rc=-517
[    0.237457] sched-energy energy-costs: cpu=0 freq=633600 cap=184 power_d0=41
[    0.237463] sched-energy energy-costs: cpu=0 freq=902400 cap=262 power_d0=70
[    0.237466] sched-energy energy-costs: cpu=0 freq=1113600 cap=324 power_d0=83
[    0.237470] sched-energy energy-costs: cpu=0 freq=1401600 cap=407 power_d0=146
[    0.237473] sched-energy energy-costs: cpu=0 freq=1536000 cap=446 power_d0=158
[    0.237477] sched-energy energy-costs: cpu=0 freq=1612800 cap=469 power_d0=183
[    0.237480] sched-energy energy-costs: cpu=0 freq=1747200 cap=508 power_d0=228
[    0.237482] sched-energy energy-costs: cpu=0 freq=1843200 cap=535 power_d0=285
[    0.237486] sched-energy energy-costs: cpu=0 efficiency=1024 max_frequency=1843200 max_efficiency=1638 cpu_max_capacity=535
[    0.237490] sched-energy energy-costs: cpu=1 freq=633600 cap=184 power_d0=41
[    0.237493] sched-energy energy-costs: cpu=1 freq=902400 cap=262 power_d0=70
[    0.237496] sched-energy energy-costs: cpu=1 freq=1113600 cap=324 power_d0=83
[    0.237499] sched-energy energy-costs: cpu=1 freq=1401600 cap=407 power_d0=146
[    0.237501] sched-energy energy-costs: cpu=1 freq=1536000 cap=446 power_d0=158
[    0.237505] sched-energy energy-costs: cpu=1 freq=1612800 cap=469 power_d0=183
[    0.237507] sched-energy energy-costs: cpu=1 freq=1747200 cap=508 power_d0=228
[    0.237510] sched-energy energy-costs: cpu=1 freq=1843200 cap=535 power_d0=285
[    0.237512] sched-energy energy-costs: cpu=1 efficiency=1024 max_frequency=1843200 max_efficiency=1638 cpu_max_capacity=535
[    0.237516] sched-energy energy-costs: cpu=2 freq=633600 cap=184 power_d0=41
[    0.237519] sched-energy energy-costs: cpu=2 freq=902400 cap=262 power_d0=70
[    0.237521] sched-energy energy-costs: cpu=2 freq=1113600 cap=324 power_d0=83
[    0.237524] sched-energy energy-costs: cpu=2 freq=1401600 cap=407 power_d0=146
[    0.237526] sched-energy energy-costs: cpu=2 freq=1536000 cap=446 power_d0=158
[    0.237529] sched-energy energy-costs: cpu=2 freq=1612800 cap=469 power_d0=183
[    0.237532] sched-energy energy-costs: cpu=2 freq=1747200 cap=508 power_d0=228
[    0.237534] sched-energy energy-costs: cpu=2 freq=1843200 cap=535 power_d0=285
[    0.237537] sched-energy energy-costs: cpu=2 efficiency=1024 max_frequency=1843200 max_efficiency=1638 cpu_max_capacity=535
[    0.237540] sched-energy energy-costs: cpu=3 freq=633600 cap=184 power_d0=41
[    0.237543] sched-energy energy-costs: cpu=3 freq=902400 cap=262 power_d0=70
[    0.237545] sched-energy energy-costs: cpu=3 freq=1113600 cap=324 power_d0=83
[    0.237548] sched-energy energy-costs: cpu=3 freq=1401600 cap=407 power_d0=146
[    0.237550] sched-energy energy-costs: cpu=3 freq=1536000 cap=446 power_d0=158
[    0.237553] sched-energy energy-costs: cpu=3 freq=1612800 cap=469 power_d0=183
[    0.237555] sched-energy energy-costs: cpu=3 freq=1747200 cap=508 power_d0=228
[    0.237558] sched-energy energy-costs: cpu=3 freq=1843200 cap=535 power_d0=285
[    0.237561] sched-energy energy-costs: cpu=3 efficiency=1024 max_frequency=1843200 max_efficiency=1638 cpu_max_capacity=535
[    0.237564] sched-energy energy-costs: cpu=4 freq=1113600 cap=517 power_d0=307
[    0.237567] sched-energy energy-costs: cpu=4 freq=1401600 cap=651 power_d0=485
[    0.237569] sched-energy energy-costs: cpu=4 freq=1747200 cap=811 power_d0=857
[    0.237572] sched-energy energy-costs: cpu=4 freq=1804800 cap=838 power_d0=883
[    0.237574] sched-energy energy-costs: cpu=4 freq=1958400 cap=909 power_d0=1222
[    0.237577] sched-energy energy-costs: cpu=4 freq=2150400 cap=998 power_d0=1592
[    0.237579] sched-energy energy-costs: cpu=4 freq=2208000 cap=1024 power_d0=1632
[    0.237582] sched-energy energy-costs: cpu=4 freq=2208000 cap=1024 power_d0=2080
[    0.237585] sched-energy energy-costs: cpu=4 efficiency=1638 max_frequency=2208000 max_efficiency=1638 cpu_max_capacity=1024
[    0.237588] sched-energy energy-costs: cpu=5 freq=1113600 cap=517 power_d0=307
[    0.237591] sched-energy energy-costs: cpu=5 freq=1401600 cap=651 power_d0=485
[    0.237593] sched-energy energy-costs: cpu=5 freq=1747200 cap=811 power_d0=857
[    0.237596] sched-energy energy-costs: cpu=5 freq=1804800 cap=838 power_d0=883
[    0.237598] sched-energy energy-costs: cpu=5 freq=1958400 cap=909 power_d0=1222
[    0.237601] sched-energy energy-costs: cpu=5 freq=2150400 cap=998 power_d0=1592
[    0.237603] sched-energy energy-costs: cpu=5 freq=2208000 cap=1024 power_d0=1632
[    0.237606] sched-energy energy-costs: cpu=5 freq=2208000 cap=1024 power_d0=2080
[    0.237609] sched-energy energy-costs: cpu=5 efficiency=1638 max_frequency=2208000 max_efficiency=1638 cpu_max_capacity=1024
[    0.237611] sched-energy energy-costs: cpu=6 freq=1113600 cap=517 power_d0=307
[    0.237614] sched-energy energy-costs: cpu=6 freq=1401600 cap=651 power_d0=485
[    0.237616] sched-energy energy-costs: cpu=6 freq=1747200 cap=811 power_d0=857
[    0.237619] sched-energy energy-costs: cpu=6 freq=1804800 cap=838 power_d0=883
[    0.237621] sched-energy energy-costs: cpu=6 freq=1958400 cap=909 power_d0=1222
[    0.237624] sched-energy energy-costs: cpu=6 freq=2150400 cap=998 power_d0=1592
[    0.237626] sched-energy energy-costs: cpu=6 freq=2208000 cap=1024 power_d0=1632
[    0.237629] sched-energy energy-costs: cpu=6 freq=2208000 cap=1024 power_d0=2080
[    0.237632] sched-energy energy-costs: cpu=6 efficiency=1638 max_frequency=2208000 max_efficiency=1638 cpu_max_capacity=1024
[    0.237635] sched-energy energy-costs: cpu=7 freq=1113600 cap=517 power_d0=307
[    0.237637] sched-energy energy-costs: cpu=7 freq=1401600 cap=651 power_d0=485
[    0.237641] sched-energy energy-costs: cpu=7 freq=1747200 cap=811 power_d0=857
[    0.237643] sched-energy energy-costs: cpu=7 freq=1804800 cap=838 power_d0=883
[    0.237645] sched-energy energy-costs: cpu=7 freq=1958400 cap=909 power_d0=1222
[    0.237648] sched-energy energy-costs: cpu=7 freq=2150400 cap=998 power_d0=1592
[    0.237650] sched-energy energy-costs: cpu=7 freq=2208000 cap=1024 power_d0=1632
[    0.237653] sched-energy energy-costs: cpu=7 freq=2208000 cap=1024 power_d0=2080
[    0.237656] sched-energy energy-costs: cpu=7 efficiency=1638 max_frequency=2208000 max_efficiency=1638 cpu_max_capacity=1024
[    0.237658] sched-energy energy-costs: Sched-energy-costs capacity updated
[    0.239552] ACPI: Interpreter disabled.
[    0.239972] KPI: Bootloader start count = 74132
[    0.239975] KPI: Bootloader end count = 116834
[    0.239980] KPI: Bootloader display count = 3725250211
[    0.239983] KPI: Bootloader load kernel count = 4254066979
[    0.239988] KPI: Kernel MPM timestamp = 131800
[    0.239992] KPI: Kernel MPM Clock frequency = 32768
[    0.240001] socinfo_print: v0.11, id=317, ver=1.0, raw_id=140, raw_ver=0, hw_plat=8, hw_plat_ver=65536\x0a accessory_chip=0, hw_plat_subtype=0, pmic_model=65563, pmic_die_revision=131072 foundry_id=3 serial_number=3744104611 num_pmics=2
[    0.240009] msm_bus_fabric_init_driver
[    0.248082] msm_bus_dev_init_qos: Skipping QOS init for 1
[    0.248111] msm_bus_dev_init_qos: Skipping QOS init for 727
[    0.248116] msm_bus_dev_init_qos: Skipping QOS init for 728
[    0.249025] cam_avdd_gpio_regulator: supplied by pm660l_bob
[    0.249164] cam_dvdd_gpio_regulator: supplied by pm660_s5
[    0.249301] cam_rear_dvdd_gpio_regulator: supplied by pm660_s5
[    0.249448] cam_rear_avdd_gpio_regulator: supplied by pm660l_bob
[    0.249531] vgaarb: loaded
[    0.249628] qcom,qpnp-misc 800f000.qcom,spmi:qcom,pm660@0:qcom,misc@900: probe successful
[    0.250174] SCSI subsystem initialized
[    0.250455] usbcore: registered new interface driver usbfs
[    0.250472] usbcore: registered new interface driver hub
[    0.250488] usbcore: registered new device driver usb
[    0.250658] soc:usb_nop_phy supply vcc not found, using dummy regulator
[    0.250839] qcom,qpnp-power-on 800f000.qcom,spmi:qcom,pm660@0:qcom,power-on@800: PMIC@SID0 Power-on reason: Triggered from Hard Reset and 'cold' boot
[    0.250861] qcom,qpnp-power-on 800f000.qcom,spmi:qcom,pm660@0:qcom,power-on@800: PMIC@SID0: Power-off reason: Triggered from PS_HOLD (PS_HOLD/MSM controlled shutdown)
[    0.250954] input: qpnp_pon as /devices/virtual/input/input0
[    0.251771] qcom,qpnp-power-on 800f000.qcom,spmi:qcom,pm660l@2:qcom,power-on@800: No PON config. specified
[    0.251816] qcom,qpnp-power-on 800f000.qcom,spmi:qcom,pm660l@2:qcom,power-on@800: PMIC@SID2 Power-on reason: Triggered from PON1 (secondary PMIC) and 'cold' boot
[    0.251841] qcom,qpnp-power-on 800f000.qcom,spmi:qcom,pm660l@2:qcom,power-on@800: PMIC@SID2: Power-off reason: Triggered from GP1 (Keypad_Reset1)
[    0.252840] i2c-msm-v2 c175000.i2c: probing driver i2c-msm-v2
[    0.255063] i2c-msm-v2 c176000.i2c: probing driver i2c-msm-v2
[    0.255851] i2c-msm-v2 c1b6000.i2c: probing driver i2c-msm-v2
[    0.256729] media: Linux media interface: v0.10
[    0.256766] Linux video capture interface: v2.00
[    0.257822] msm-thermal soc:qcom,msm-thermal: probe_psm:Failed reading node=/soc/qcom,msm-thermal, key=qcom,pmic-sw-mode-temp. err=-22. KTM continues
[    0.258105] msm-thermal soc:qcom,msm-thermal: probe_ocr:Failed reading node=/soc/qcom,msm-thermal, key=qcom,pmic-opt-curr-temp err:-22. KTM continues
[    0.258120] msm-thermal soc:qcom,msm-thermal: probe_vdd_mx:Failed reading node=/soc/qcom,msm-thermal, key=qcom,mx-restriction-temp. KTM continues
[    0.258135] msm-thermal soc:qcom,msm-thermal: probe_freq_mitigation:Failed reading node=/soc/qcom,msm-thermal, key=qcom,limit-temp. err=-22. KTM continues
[    0.258147] msm-thermal soc:qcom,msm-thermal: msm_thermal:Failed reading node=/soc/qcom,msm-thermal, key=qcom,rpm-phase-resource-type err=-22. KTM continues
[    0.258158] msm-thermal soc:qcom,msm-thermal: msm_thermal:Failed reading node=/soc/qcom,msm-thermal, key=qcom,gfx-sensor-id. err=-22. KTM continues
[    0.260888] cpufreq: driver msm up and running
[    0.262302] platform soc:qcom,ion:qcom,ion-heap@22: assigned reserved memory node adsp_region
[    0.262599] platform soc:qcom,ion:qcom,ion-heap@27: assigned reserved memory node qseecom_region
[    0.262752] platform soc:qcom,ion:qcom,ion-heap@10: assigned reserved memory node secure_region
[    0.263072] ION heap system created
[    0.263287] ION heap adsp created at 0x00000000f5800000 with size 800000
[    0.263300] ION heap qsecom created at 0x00000000f6000000 with size 1400000
[    0.263311] ION heap secure_display created at 0x00000000f7400000 with size 5c00000
[    0.263322] ION heap secure_heap created
[    0.264033] PMIC@SID0: PM660 v2.0 options: 0, 0, 0, 0
[    0.264149] PMIC@SID2: PM660L v2.0.1 options: 0, 0, 0, 0
[    0.264944] ipa get_ipa_dts_configuration:4871 : apps shutdown support = Disabled
[    0.264990] IPA smmu_info.s1_bypass=1 smmu_info.fast_map=0
[    0.268932] gdsc_vfe0: supplied by gdsc_camss_top
[    0.269175] gdsc_vfe1: supplied by gdsc_camss_top
[    0.269384] gdsc_cpp: supplied by gdsc_camss_top
[    0.270226] gdsc_gpu_gx: supplied by gfx_corner
[    0.271874] mdss_pll_probe: MDSS pll label = MDSS DSI 0 PLL
[    0.271889] mdss_pll_probe: mdss_pll_probe: label=MDSS DSI 0 PLL PLL SSC enabled
[    0.272835] mdss_pll c994400.qcom,mdss_dsi_pll: Failed to create debugfs directory
[    0.272852] mdss_pll c994400.qcom,mdss_dsi_pll: Failed to create debugfs directory
[    0.272863] mdss_pll c994400.qcom,mdss_dsi_pll: Failed to create debugfs directory
[    0.273520] dsi_pll_clock_register_14nm: Registered DSI PLL ndx=0 clocks successfully
[    0.273568] mdss_pll_probe: MDSS pll label = MDSS DSI 1 PLL
[    0.273578] mdss_pll_probe: mdss_pll_probe: label=MDSS DSI 1 PLL PLL SSC enabled
[    0.273784] mdss_pll c996400.qcom,mdss_dsi_pll: Failed to create debugfs directory
[    0.273796] mdss_pll c996400.qcom,mdss_dsi_pll: Failed to create debugfs directory
[    0.273805] mdss_pll c996400.qcom,mdss_dsi_pll: Failed to create debugfs directory
[    0.274112] dsi_pll_clock_register_14nm: Registered DSI PLL ndx=1 clocks successfully
[    0.274143] mdss_pll_probe: MDSS pll label = MDSS DP PLL
[    0.288413] arm-smmu 16c0000.arm,smmu-anoc2: found 29 context interrupt(s) but have 21 context banks. assuming 21 context interrupts.
[    0.289756] arm-smmu 5100000.arm,smmu-lpass_q6: found 17 context interrupt(s) but have 14 context banks. assuming 14 context interrupts.
[    0.291360] arm-smmu cd00000.arm,smmu-mmss: found 24 context interrupt(s) but have 17 context banks. assuming 17 context interrupts.
[    0.291794] arm-smmu 5040000.arm,smmu-kgsl: regulator defer delay 80
[    0.292176] arm-smmu 5040000.arm,smmu-kgsl: found 8 context interrupt(s) but have 5 context banks. assuming 5 context interrupts.
[    0.293007] arm-smmu 5180000.arm,smmu-turing_q6: found 17 context interrupt(s) but have 13 context banks. assuming 13 context interrupts.
[    0.295985] iommu: Adding device 18800000.qcom,icnss to group 0
[    0.296340] iommu: Adding device soc:iommu_test_device to group 1
[    0.296390] iommu: Adding device soc:usb_audio_qmi_dev to group 2
[    0.296722] iommu: Adding device soc:qcom,msm-audio-ion to group 3
[    0.297021] iommu: Adding device 14780000.qcom,ipa:ipa_smmu_ap to group 4
[    0.297043] iommu: Adding device 14780000.qcom,ipa:ipa_smmu_uc to group 5
[    0.297936] Advanced Linux Sound Architecture Driver Initialized.
[    0.298578] Bluetooth: ffffffdf394dfd68
[    0.298611] NET: Registered protocol family 31
[    0.298620] Bluetooth: ffffffdf394dfd68
[    0.298634] Bluetooth: ffffffdf394dfd48
[    0.298646] Bluetooth: ffffffdf394dfd28
[    0.298674] Bluetooth: ffffffdf394dfd48
[    0.299265] cfg80211: World regulatory domain updated:
[    0.299274] cfg80211:  DFS Master region: unset
[    0.299283] cfg80211:   (start_freq - end_freq @ bandwidth), (max_antenna_gain, max_eirp), (dfs_cac_time)
[    0.299298] cfg80211:   (2402000 KHz - 2472000 KHz @ 40000 KHz), (N/A, 2000 mBm), (N/A)
[    0.299305] cfg80211:   (2457000 KHz - 2482000 KHz @ 40000 KHz), (N/A, 2000 mBm), (N/A)
[    0.299311] cfg80211:   (2474000 KHz - 2494000 KHz @ 20000 KHz), (N/A, 2000 mBm), (N/A)
[    0.299319] cfg80211:   (5170000 KHz - 5250000 KHz @ 80000 KHz), (N/A, 2000 mBm), (N/A)
[    0.299327] cfg80211:   (5250000 KHz - 5330000 KHz @ 80000 KHz), (N/A, 2000 mBm), (N/A)
[    0.299332] cfg80211:   (5490000 KHz - 5710000 KHz @ 80000 KHz), (N/A, 2000 mBm), (N/A)
[    0.299337] cfg80211:   (5735000 KHz - 5835000 KHz @ 80000 KHz), (N/A, 2000 mBm), (N/A)
[    0.299343] cfg80211:   (57240000 KHz - 63720000 KHz @ 2160000 KHz), (N/A, 0 mBm), (N/A)
[    0.299379] NetLabel: Initializing
[    0.299386] NetLabel:  domain hash size = 128
[    0.299391] NetLabel:  protocols = UNLABELED CIPSOv4
[    0.299433] NetLabel:  unlabeled traffic allowed by default
[    0.299487] pcie:pcie_init.
[    0.305623] LCDB: qpnp_lcdb_regulator_probe: LCDB module successfully registered! lcdb_en=1 ldo_voltage=5400mV ncp_voltage=5400mV bst_voltage=5500mV
[    0.310339] ipa ipa2_uc_state_check:296 uC interface not initialized
[    0.310369] ipa ipa_sps_irq_control_all:963 EP (2) not allocated.
[    0.310378] ipa ipa_sps_irq_control_all:963 EP (5) not allocated.
[    0.314290] sps:BAM 0x0000000014784000 is registered.
[    0.318125] sps:BAM 0x0000000014784000 (va:0xffffff80087c0000) enabled: ver:0x27, number of pipes:20
[    0.331800] IPA driver initialization was successful.
[    0.332698] clocksource: Switched to clocksource arch_sys_counter
[    0.357322] pnp: PnP ACPI: disabled
[    0.362229] gcc-debug-sdm660 62000.qcom,cc-debug: Registered debug mux successfully
[    0.362910] NET: Registered protocol family 2
[    0.363009] IP idents hash table entries: 65536 (order: 7, 524288 bytes)
[    0.364923] TCP established hash table entries: 32768 (order: 6, 262144 bytes)
[    0.365093] TCP bind hash table entries: 32768 (order: 7, 524288 bytes)
[    0.365608] TCP: Hash tables configured (established 32768 bind 32768)
[    0.365731] UDP hash table entries: 2048 (order: 4, 65536 bytes)
[    0.365776] UDP-Lite hash table entries: 2048 (order: 4, 65536 bytes)
[    0.365941] NET: Registered protocol family 1
[    0.365979] PCI: CLS 0 bytes, default 64
[    0.366257] Trying to unpack rootfs image as initramfs...
[    0.367693] Freeing initrd memory: 416K
[    0.372127] Initialise system trusted keyring
[    0.372258] vmscan: error setting kswapd cpu affinity mask
[    0.374069] VFS: Disk quotas dquot_6.6.0
[    0.374118] VFS: Dquot-cache hash table entries: 512 (order 0, 4096 bytes)
[    0.374479] [SDFAT] Filesystem version 2.3.0-lineage
[    0.374549] Registering sdcardfs 0.1
[    0.374650] ntfs: driver 2.1.32 [Flags: R/W].
[    0.374712] fuse init (API version 7.23)
[    0.374968] SELinux:  Registering netfilter hooks
[    0.375387] pfk_ecryptfs [pfk_ecryptfs_init]: PFK ecryptfs inited successfully
[    0.375393] pfk_ext4 [pfk_ext4_init]: PFK EXT4 inited successfully
[    0.375401] pfk [pfk_init]: Driver initialized successfully
[    0.379253] Key type asymmetric registered
[    0.379264] Asymmetric key parser 'x509' registered
[    0.379315] Block layer SCSI generic (bsg) driver version 0.4 loaded (major 245)
[    0.379328] io scheduler noop registered
[    0.379335] io scheduler deadline registered
[    0.379389] io scheduler cfq registered (default)
[    0.384006] msm_dss_get_res_byname: 'vbif_nrt_phys' resource not found
[    0.384028] mdss_mdp_probe+0x290/0x804->msm_dss_ioremap_byname: 'vbif_nrt_phys' msm_dss_get_res_byname failed
[    0.384537] mdss_mdp_irq_clk_setup: unable to get core gdsc regulator
[    0.385448] No change in context(0==0), skip
[    0.386261] mdss_mdp_pipe_addr_setup: type:0 ftchid:-1 xinid:0 num:0 rect:0 ndx:0x1 prio:0
[    0.386268] mdss_mdp_pipe_addr_setup: type:0 ftchid:-1 xinid:4 num:1 rect:0 ndx:0x2 prio:1
[    0.386296] mdss_mdp_pipe_addr_setup: type:2 ftchid:-1 xinid:1 num:6 rect:0 ndx:0x40 prio:2
[    0.386303] mdss_mdp_pipe_addr_setup: type:2 ftchid:-1 xinid:1 num:6 rect:1 ndx:0x40 prio:2
[    0.386307] mdss_mdp_pipe_addr_setup: type:2 ftchid:-1 xinid:5 num:7 rect:0 ndx:0x80 prio:3
[    0.386315] mdss_mdp_pipe_addr_setup: type:2 ftchid:-1 xinid:5 num:7 rect:1 ndx:0x80 prio:3
[    0.386319] mdss_mdp_pipe_addr_setup: type:2 ftchid:-1 xinid:9 num:12 rect:0 ndx:0x1000 prio:4
[    0.386327] mdss_mdp_pipe_addr_setup: type:2 ftchid:-1 xinid:9 num:12 rect:1 ndx:0x1000 prio:4
[    0.386338] mdss_mdp_pipe_addr_setup: type:3 ftchid:-1 xinid:2 num:10 rect:0 ndx:0x400 prio:0
[    0.386346] mdss_mdp_parse_dt_handler: Error from prop qcom,mdss-pipe-sw-reset-off : u32 array read
[    0.386406] mdss_mdp_parse_dt_handler: Error from prop qcom,mdss-ib-factor-overlap : u32 array read
[    0.386413] mdss_mdp_parse_dt_handler: Error from prop qcom,mdss-bus-througput-factor : u32 array read
[    0.386687] xlog_status: enable:0, panic:1, dump:2
[    0.387027] iommu: Adding device c900000.qcom,mdss_mdp:qcom,smmu_mdp_unsec_cb to group 6
[    0.387236] iommu: Adding device c900000.qcom,mdss_mdp:qcom,smmu_mdp_sec_cb to group 7
[    0.387343] mdss_mdp_probe: mdss version = 0x30020000, bootloader display is on, num 1, intf_sel=0x00000100
[    0.388725] mdss_smmu_probe: iommu v2 domain[0] mapping and clk register successful!
[    0.388912] mdss_smmu_probe: iommu v2 domain[2] mapping and clk register successful!
[    0.391606] mdss_dsi_ctrl_probe: DSI Ctrl name = MDSS DSI CTRL->0
[    0.391947] mdss_dsi_find_panel_of_node: cmdline:0:qcom,mdss_dsi_nt36672a_shenchao_fhdplus_video:config0:1:none:cfg:single_dsi panel_name:qcom,mdss_dsi_nt36672a_shenchao_fhdplus_video
[    0.392041] mdss_dsi_panel_init: Panel Name = shenchao nt36672a fhdplus video mode dsi panel
[    0.392101] mdss_dsi_parse_split_link_settings: enable 0 sublinks-count 0 lanes per sublink 0
[    0.392124] mdss_dsi_panel_timing_from_dt: found new timing "qcom,mdss_dsi_nt36672a_shenchao_fhdplus_video" (ffffffdf394df540)
[    0.392139] mdss_dsi_parse_dcs_cmds: failed, key=qcom,mdss-dsi-post-panel-on-command
[    0.392145] mdss_dsi_parse_dcs_cmds: failed, key=qcom,mdss-dsi-timing-switch-command
[    0.392149] mdss_dsi_panel_get_dsc_cfg_np: cannot find dsc config node:config0
[    0.392212] mdss_dsi_parse_panel_features: ulps feature disabled
[    0.392218] mdss_dsi_parse_panel_features: ulps during suspend feature disabled
[    0.392225] mdss_dsi_parse_dms_config: dynamic switch feature enabled: 0
[    0.392257] mdss_dsi_parse_dcs_cmds: failed, key=qcom,mdss-dsi-lp-mode-on
[    0.392263] mdss_dsi_parse_dcs_cmds: failed, key=qcom,mdss-dsi-lp-mode-off
[    0.392277] dyn_fps: min = 48, max = 60
[    0.392534] mdss_dsi_parse_ctrl_params:4561 Unable to read qcom,display-id, data=0000000000000000,len=20
[    0.392564] mdss_dsi_parse_gpio_params: bklt_en gpio not specified
[    0.392570] mdss_dsi_parse_gpio_params: avdd_en gpio not specified
[    0.392636] msm_dss_get_res_byname: 'dsi_phy_regulator' resource not found
[    0.392654] mdss_dsi_retrieve_ctrl_resources+0x194/0x1f8->msm_dss_ioremap_byname: 'dsi_phy_regulator' msm_dss_get_res_byname failed
[    0.392660] mdss_dsi_retrieve_ctrl_resources: ctrl_base=ffffff80086e6000 ctrl_size=400 phy_base=ffffff80086ec400 phy_size=588
[    0.392757] dsi_panel_device_register: Continuous splash enabled
[    0.392863] Unable to find fb node for device: c994000.qcom,mdss_dsi_ctrl0
[    0.393061] mdss_register_panel: adding framebuffer device c994000.qcom,mdss_dsi_ctrl0
[    0.395799] mdss_dsi_ctrl_probe: Dsi Ctrl->0 initialized, DSI rev:0x20010000, PHY rev:0x2
[    0.395840] mdss_dsi_ctrl_probe: DSI Ctrl name = MDSS DSI CTRL->1
[    0.395846] mdss_dsi_pinctrl_init: failed to get pinctrl
[    0.395850] mdss_dsi_ctrl_probe: failed to get pin resources
[    0.396049] mdss_dsi_find_panel_of_node: cmdline:0:qcom,mdss_dsi_nt36672a_shenchao_fhdplus_video:config0:1:none:cfg:single_dsi panel_name:none
[    0.396055] mdss_dsi_config_panel: can't find panel node 0:qcom,mdss_dsi_nt36672a_shenchao_fhdplus_video:config0:1:none:cfg:single_dsi
[    0.396060] mdss_dsi_ctrl_probe: panel configuration failed
[    0.396072] mdss_dsi_ctrl: probe of c996000.qcom,mdss_dsi_ctrl1 failed with error -22
[    0.396103] mdss_dsi_status_init: DSI status check interval:1000
[    0.396978] mdss_dp_usbpd_setup: get_usbpd phandle failed (-11)
[    0.396985] mdss_dp_probe: Error usbpd setup!
[    0.398034] mdss_register_panel: adding framebuffer device soc:qcom,mdss_wb_panel
[    0.398621] mdss_fb_probe: fb0: split_mode:0 left:0 right:0
[    0.398928] mdss_fb_register: FrameBuffer[0] 1080x2340 registered successfully!
[    0.399460] mdss_fb_probe: fb1: split_mode:0 left:0 right:0
[    0.399514] mdss_fb_register: FrameBuffer[1] 640x480 registered successfully!
[    0.399622] mdss_mdp_splash_parse_dt: splash mem child node is not present
[    0.400081] mdss_mdp_kcal_store_fb0_ctl panel name shenchao nt36672a fhdplus video mode dsi panel
[    0.400087] mdss_mdp_kcal_store_fb0_ctl panel found...
[    0.400120] kcal_ctrl_init: registered
[    0.404180] spcom [spcom_init]: spcom driver version 1.2 23-Aug-2017.
[    0.404713] audio_notifer_reg_service: service SSR_MODEM is in use
[    0.406809] In memshare_probe, Memshare probe success
[    0.411209] memshare_child soc:qcom,memshare:qcom,client_1: for memshare_GPS segments only will be dumped.
[    0.411287] memshare_child soc:qcom,memshare:qcom,client_2: for memshare_FTM segments only will be dumped.
[    0.411329] memshare_child soc:qcom,memshare:qcom,client_3: for memshare_DIAG segments only will be dumped.
[    0.411660] subsys-pil-tz cce0000.qcom,venus: invalid resource
[    0.411668] subsys-pil-tz cce0000.qcom,venus: Failed to iomap base register
[    0.412249] subsys-pil-tz cce0000.qcom,venus: for venus segments only will be dumped.
[    0.412757] subsys-pil-tz soc:qcom,kgsl-hyp: invalid resource
[    0.412763] subsys-pil-tz soc:qcom,kgsl-hyp: Failed to iomap base register
[    0.412772] subsys-pil-tz soc:qcom,kgsl-hyp: for a512_zap segments only will be dumped.
[    0.414073] pil-q6v5-mss 4080000.qcom,mss: No pas_id found.
[    0.416243] icnss 18800000.qcom,icnss: for wcss_msa0 segments only will be dumped.
[    0.416369] icnss: Platform driver probed successfully
[    0.420154] uart_tx_gpio is not available
[    0.420165] uart_rx_gpio is not available
[    0.420169] uart_cts_gpio is not available
[    0.420174] uart_rfr_gpio is not available
[    0.420691] sps: BAM device 0x000000000c184000 is not registered yet.
[    0.420834] sps:BAM 0x000000000c184000 is registered.
[    0.421916] c1af000.uart: ttyHS0 at MMIO 0xc1af000 (irq = 318, base_baud = 460800) is a MSM HS UART
[    0.422731] msm_serial_hs module loaded
[    0.424208] random: nonblocking pool is initialized
[    0.434405] iommu: Adding device 5040000.qcom,kgsl-iommu:gfx3d_user to group 8
[    0.434694] iommu: Adding device 5040000.qcom,kgsl-iommu:gfx3d_secure to group 9
[    0.440287] brd: module loaded
[    0.442163] loop: module loaded
[    0.442353] zram: Added device: zram0
[    0.443066] QSEECOM: qseecom_probe: qseecom.qsee_version = 0x1001000
[    0.443092] QSEECOM: qseecom_retrieve_ce_data: Device does not support PFE
[    0.443100] QSEECOM: qseecom_probe: no-clock-support=0x1
[    0.443107] QSEECOM: qseecom_probe: qseecom.qsee_reentrancy_support = 0
[    0.443278] QSEECOM: qseecom_probe: qseecom.whitelist_support = 1
[    0.445988] sdm660-pinctrl 3000000.pinctrl: pin_config_group_set op failed for group 74
[    0.445997] ant_check soc:ant_check: Error applying setting, reverse things back
[    0.446016] Macle ant_probe
[    0.446111] Macle irq_gpio=74
[    0.446183] input: ant_check-input as /devices/virtual/input/input1
[    0.446202] ant_probe: gpios = 0, gpion=0
[    0.446207] Macle irq = 274
[    0.446356] ant_probe end
[    0.448205] msm-cdc-pinctrl soc:sdw_clk_data_pinctrl: msm_cdc_pinctrl_probe: Cannot get cdc gpio pinctrl:-22
[    0.448219] msm-cdc-pinctrl: probe of soc:sdw_clk_data_pinctrl failed with error -22
[    0.448235] msm-cdc-pinctrl soc:wsa_spkr_en1_pinctrl: msm_cdc_pinctrl_probe: Cannot get cdc gpio pinctrl:-22
[    0.448241] msm-cdc-pinctrl: probe of soc:wsa_spkr_en1_pinctrl failed with error -22
[    0.448255] msm-cdc-pinctrl soc:wsa_spkr_en2_pinctrl: msm_cdc_pinctrl_probe: Cannot get cdc gpio pinctrl:-22
[    0.448261] msm-cdc-pinctrl: probe of soc:wsa_spkr_en2_pinctrl failed with error -22
[    0.449950] qce 1de0000.qcedev: Qualcomm Crypto 5.3.4 device found @0x1de0000
[    0.449959] qce 1de0000.qcedev: CE device = 0x0\x0aIO base, CE = 0xffffff8008e40000\x0aConsumer (IN) PIPE 2,    Producer (OUT) PIPE 3\x0aIO base BAM = 0x0000000000000000\x0aBAM IRQ 93\x0aEngines Availability = 0x2011053
[    0.450158] sps:BAM 0x0000000001dc4000 is registered.
[    0.450330] sps:BAM 0x0000000001dc4000 (va:0xffffff8009fc0000) enabled: ver:0x27, number of pipes:16
[    0.450533] QCE50: qce_sps_init:  Qualcomm MSM CE-BAM at 0x0000000001dc4000 irq 93
[    0.452459] qcrypto 1de0000.qcrypto: Qualcomm Crypto 5.3.4 device found @0x1de0000
[    0.452468] qcrypto 1de0000.qcrypto: CE device = 0x0\x0aIO base, CE = 0xffffff800b040000\x0aConsumer (IN) PIPE 4,    Producer (OUT) PIPE 5\x0aIO base BAM = 0x0000000000000000\x0aBAM IRQ 93\x0aEngines Availability = 0x2011053
[    0.452786] QCE50: qce_sps_init:  Qualcomm MSM CE-BAM at 0x0000000001dc4000 irq 93
[    0.453259] qcrypto 1de0000.qcrypto: qcrypto-ecb-aes
[    0.453352] qcrypto 1de0000.qcrypto: qcrypto-cbc-aes
[    0.453440] qcrypto 1de0000.qcrypto: qcrypto-ctr-aes
[    0.453530] qcrypto 1de0000.qcrypto: qcrypto-ecb-des
[    0.453615] qcrypto 1de0000.qcrypto: qcrypto-cbc-des
[    0.453703] qcrypto 1de0000.qcrypto: qcrypto-ecb-3des
[    0.453789] qcrypto 1de0000.qcrypto: qcrypto-cbc-3des
[    0.453882] qcrypto 1de0000.qcrypto: qcrypto-xts-aes
[    0.453971] qcrypto 1de0000.qcrypto: qcrypto-sha1
[    0.454059] qcrypto 1de0000.qcrypto: qcrypto-sha256
[    0.454149] qcrypto 1de0000.qcrypto: qcrypto-aead-hmac-sha1-cbc-aes
[    0.454242] qcrypto 1de0000.qcrypto: qcrypto-aead-hmac-sha1-cbc-des
[    0.454329] qcrypto 1de0000.qcrypto: qcrypto-aead-hmac-sha1-cbc-3des
[    0.454414] qcrypto 1de0000.qcrypto: qcrypto-aead-hmac-sha256-cbc-aes
[    0.454505] qcrypto 1de0000.qcrypto: qcrypto-aead-hmac-sha256-cbc-des
[    0.454593] qcrypto 1de0000.qcrypto: qcrypto-aead-hmac-sha256-cbc-3des
[    0.454683] qcrypto 1de0000.qcrypto: qcrypto-hmac-sha1
[    0.454770] qcrypto 1de0000.qcrypto: qcrypto-hmac-sha256
[    0.454857] qcrypto 1de0000.qcrypto: qcrypto-aes-ccm
[    0.454950] qcrypto 1de0000.qcrypto: qcrypto-rfc4309-aes-ccm
[    0.456446] qcom_ice_get_device_tree_data: No vdd-hba-supply regulator, assuming not needed
[    0.459271] sps:BAM 0x000000000c184000 (va:0xffffff8008a20000) enabled: ver:0x19, number of pipes:12
[    0.459770] Ethernet Channel Bonding Driver: v3.7.1 (April 27, 2011)
[    0.460598] wireguard: WireGuard 1.0.20210606 loaded. See www.wireguard.com for information.
[    0.460605] wireguard: Copyright (C) 2015-2019 Jason A. Donenfeld <Jason@zx2c4.com>. All Rights Reserved.
[    0.460620] tun: Universal TUN/TAP device driver, 1.6
[    0.460625] tun: (C) 1999-2004 Max Krasnyansky <maxk@qualcomm.com>
[    0.460669] PPP generic driver version 2.4.2
[    0.460712] PPP BSD Compression module registered
[    0.460720] PPP Deflate Compression module registered
[    0.460740] PPP MPPE Compression module registered
[    0.460748] NET: Registered protocol family 24
[    0.460839] CLD80211: Initializing
[    0.460941] usbcore: registered new interface driver rtl8150
[    0.460962] usbcore: registered new interface driver r8152
[    0.460984] usbcore: registered new interface driver asix
[    0.461001] usbcore: registered new interface driver ax88179_178a
[    0.461016] usbcore: registered new interface driver cdc_ether
[    0.461043] usbcore: registered new interface driver cdc_ncm
[    0.461441] msm_sharedmem: sharedmem_register_qmi: qmi init successful
[    0.465645] msm_sharedmem: msm_sharedmem_probe: Device created for client 'rmtfs'
[    0.469627] i2c-msm-v2 c1b6000.i2c: NACK: slave not responding, ensure its powered: msgs(n:1 cur:0 tx) bc(rx:0 tx:4) mode:FIFO slv_addr:0x28 MSTR_STS:0x0d1300c8 OPER:0x00000090
[    0.469662] nq-nci 6-0028: nfcc_hw_check: - i2c_master_send Error
[    0.469667] nq-nci 6-0028: nfcc_hw_check: - NFCC HW not available
[    0.469770] nq-nci 6-0028: nqx_probe: probing nqxx failed, check hardware
[    0.471294] msm-dwc3 a800000.ssusb: unable to get dbm device
[    0.472863] usbcore: registered new interface driver usb-storage
[    0.472893] usbcore: registered new interface driver usb_ehset_test
[    0.473555] usb_qcrndis_init: failed to register diag -17
[    0.474480] qpnp-pdphy 800f000.qcom,spmi:qcom,pm660@0:qcom,usb-pdphy@1700: usbpd_create failed: -517
[    0.475218] usbcore: registered new interface driver xpad
[    0.662566] input: NVTCapacitiveTouchScreen as /devices/virtual/input/input2
[    0.664923] nvt_driver_init: finished
[    0.665785] input: qti-haptics as /devices/soc/800f000.qcom,spmi/spmi-0/spmi0-01/800f000.qcom,spmi:qcom,pm660@1:qcom,haptic@c000/input/input3
[    0.667139] stmvl53l0_init: Enter
[    0.667144] stmvl53l0_init_cci: Enter
[    0.667760] stmvl53l0_init_cci: End
[    0.667764] stmvl53l0_init: End
[    0.668598] Macle fpc1020_probe failed as fpsensor=2(1=fp)
[    0.668608] fpc1020: probe of soc:fpc1020 failed with error -1
[    0.668646] fpc1020_init OK
[    0.669242] gf_spi: Macle Set voltage on vdd_ana for goodix fingerprint
[    0.690174] input: uinput-goodix as /devices/virtual/input/input4
[    0.690225] gf_spi: version V1.2.10
[    0.690297] gf_spi: status = 0x0
[    0.691077] qcom,qpnp-rtc 800f000.qcom,spmi:qcom,pm660@0:qcom,pm660_rtc: rtc core: registered qpnp_rtc as rtc0
[    0.691424] i2c /dev entries driver
[    0.692047] iommu: Adding device soc:qcom,cam_smmu:msm_cam_smmu_cb1 to group 10
[    0.692470] CAM-SMMU cam_smmu_populate_sids:2331 __debug cnt = 8, cb->name: :vfe sid [0] = 3072\x0a,
[    0.692476] CAM-SMMU cam_smmu_populate_sids:2331 __debug cnt = 8, cb->name: :vfe sid [1] = 3073\x0a,
[    0.692483] CAM-SMMU cam_smmu_populate_sids:2331 __debug cnt = 8, cb->name: :vfe sid [2] = 3074\x0a,
[    0.692487] CAM-SMMU cam_smmu_populate_sids:2331 __debug cnt = 8, cb->name: :vfe sid [3] = 3075\x0a,
[    0.692625] iommu: Adding device soc:qcom,cam_smmu:msm_cam_smmu_cb2 to group 11
[    0.692767] CAM-SMMU cam_smmu_populate_sids:2331 __debug cnt = 2, cb->name: :cpp sid [0] = 2560\x0a,
[    0.692870] iommu: Adding device soc:qcom,cam_smmu:msm_cam_smmu_cb4 to group 12
[    0.692968] CAM-SMMU cam_smmu_populate_sids:2331 __debug cnt = 2, cb->name: :jpeg_enc0 sid [0] = 2048\x0a,
[    0.693070] iommu: Adding device soc:qcom,cam_smmu:msm_cam_smmu_cb5 to group 13
[    0.693165] CAM-SMMU cam_smmu_populate_sids:2331 __debug cnt = 2, cb->name: :jpeg_dma sid [0] = 2049\x0a,
[    0.712145] msm_actuator_platform_probe:2225 msm_actuator_platform_probe: No/Error Actuator GPIOs
[    0.736197] msm_cci_init:1443: hw_version = 0x10060000
[    0.736377] msm_cci_irq:1801 MASTER_0 error 0x10000000
[    0.736409] msm_cci_i2c_read:964 read_words = 0, exp words = 4
[    0.736414] msm_cci_i2c_read_bytes:1047 failed rc -22
[    0.736434] read_eeprom_memory: read failed
[    0.736439] msm_eeprom_platform_probe read_eeprom_memory failed
[    0.758005] qcom,eeprom: probe of ca0c000.qcom,cci:qcom,eeprom@0 failed with error -22
[    0.758303] msm_eeprom_platform_probe failed 2110
[    0.758877] msm_eeprom_platform_probe failed 2110
[    0.782892] sps: BAM device 0x000000000c144000 is not registered yet.
[    0.783125] sps:BAM 0x000000000c144000 is registered.
[    0.783288] sps:BAM 0x000000000c144000 (va:0xffffff8009e60000) enabled: ver:0x19, number of pipes:12
[    0.793464] msm_cci_init:1443: hw_version = 0x10060000
[    1.330631] i=2 flag offset 412
[    1.330636] Invalid flag = 0x0
[    1.330639] i=1 flag offset 386
[    1.330643] Invalid flag = 0x0
[    1.330646] i=0 flag offset 360
[    1.330652] lavender_s5k5e8_ofilm_i_get_otp_vendor_module_id flag = 0x55, mid = 0x7, lensid = 0x38, sensorid = 0x9 
[    1.330658] get_otp_vendor_module_id 2006 eeprom_name=lavender_s5k5e8_ofilm_i, module_id=0x7
[    1.387032] msm_cci_init:1443: hw_version = 0x10060000
[    1.387192] msm_cci_irq:1801 MASTER_0 error 0x10000000
[    1.387226] msm_cci_i2c_read:964 read_words = 0, exp words = 4
[    1.387231] msm_cci_i2c_read_bytes:1047 failed rc -22
[    1.387250] read_eeprom_memory: read failed
[    1.387255] msm_eeprom_platform_probe read_eeprom_memory failed
[    1.408305] qcom,eeprom: probe of ca0c000.qcom,cci:qcom,eeprom@4 failed with error -22
[    1.443359] msm_cci_init:1443: hw_version = 0x10060000
[    1.980634] i=2 flag offset 412
[    1.980639] Invalid flag = 0x0
[    1.980643] i=1 flag offset 386
[    1.980647] Invalid flag = 0x0
[    1.980651] i=0 flag offset 360
[    1.980656] lavender_s5k5e8_sunny_ii_get_otp_vendor_module_id flag = 0x55, mid = 0x7, lensid = 0x38, sensorid = 0x9 
[    1.980661] get_otp_vendor_module_id 2006 eeprom_name=lavender_s5k5e8_sunny_ii, module_id=0x0
[    2.020849] MSM-CPP cpp_probe:4624 cpp_probe register cx_ipeak received bit 1
[    2.024065] MSM-CPP cpp_init_hardware:1145 CPP HW Version: 0x60010002
[    2.024080] MSM-CPP cpp_init_hardware:1163 stream_cnt:0
[    2.024273] MSM-CPP cpp_release_hardware:1226 cpp hw release done
[    2.026452] CAM-SOC msm_camera_get_reg_base:864 err: mem resource vfe_fuse not found
[    2.026458] CAM-SOC msm_camera_get_res_size:907 err: mem resource vfe_fuse not found
[    2.028256] CAM-SOC msm_camera_get_reg_base:864 err: mem resource vfe_fuse not found
[    2.028261] CAM-SOC msm_camera_get_res_size:907 err: mem resource vfe_fuse not found
[    2.037110] __msm_jpeg_init:1577] Jpeg Device id 0
[    2.044640] iommu: Adding device cc00000.qcom,vidc:non_secure_cb to group 14
[    2.047144] iommu: Adding device cc00000.qcom,vidc:firmware_cb to group 15
[    2.047280] iommu: Adding device cc00000.qcom,vidc:secure_bitstream_cb to group 16
[    2.048978] iommu: Adding device cc00000.qcom,vidc:secure_pixel_cb to group 17
[    2.049968] iommu: Adding device cc00000.qcom,vidc:secure_non_pixel_cb to group 18
[    2.052739] sde_smmu_callback: <SDEROT_INFO> sde_smmu_callback registered domain: 1
[    2.052751] sde_smmu_callback: <SDEROT_INFO> sde_smmu_callback registered domain: 0
[    2.053234] No change in context(0==0), skip
[    2.054062] sde_rotator_evtlog_create_debugfs: evtlog_status: enable:1, panic:1, dump:2
[    2.054091] sde_rotator c900000.qcom,mdss_rotator: <SDEROT_INFO> SDE v4l2 rotator probe success
[    2.054646] usbcore: registered new interface driver uvcvideo
[    2.054652] USB Video Class driver (1.1.1)
[    2.056924] thermal thermal_zone0: failed to read out thermal zone (-19)
[    2.057933] get prop 153 is not supported in usb
[    2.058144] get prop 153 is not supported in usb
[    2.058216] PMI: smblib_check_ov_condition: Couldn't get current voltage, rc=-61
[    2.058637] get prop 153 is not supported in usb
[    2.064446] QPNP SMB2 probed successfully usb:present=1 type=4 batt:present = 1 health = 1 charge = 3
[    2.064932] get prop 153 is not supported in usb
[    2.065892] qpnp_vadc_read: Error reading vadc_hc channel 78
[    2.065905] thermal thermal_zone1: failed to read out thermal zone (-517)
[    2.065982] qpnp_vadc_read: Error reading vadc_hc channel 79
[    2.065989] thermal thermal_zone2: failed to read out thermal zone (-517)
[    2.066082] qpnp_vadc_read: Error reading vadc_hc channel 80
[    2.066088] thermal thermal_zone3: failed to read out thermal zone (-517)
[    2.085108] msm_lmh_dcvs:lmh_activate_trip lmh_activate_trip: disable not supported
[    2.086021] msm_lmh_dcvs:lmh_activate_trip lmh_activate_trip: disable not supported
[    2.086406] md: linear personality registered for level -1
[    2.086532] device-mapper: uevent: version 1.0.3
[    2.086667] device-mapper: ioctl: 4.34.0-ioctl (2015-10-28) initialised: dm-devel@redhat.com
[    2.086748] device-mapper: req-crypt: dm-req-crypt successfully initalized.\x0a
[    2.087446] bt_power_populate_dt_pinfo: bt-reset-gpio not provided in device tree
[    2.087500] bt_dt_parse_vreg_info: qca,bt-vdd-io: is not provided in device tree
[    2.087506] bt_dt_parse_vreg_info: qca,bt-vdd-xtal: is not provided in device tree
[    2.087932] sdhci: Secure Digital Host Controller Interface driver
[    2.087938] sdhci: Copyright(c) Pierre Ossman
[    2.087944] sdhci-pltfm: SDHCI platform and OF driver helper
[    2.089312] qcom_ice_get_pdevice: found ice device ffffffdeb0118800
[    2.089318] qcom_ice_get_pdevice: matching platform device ffffffdf38411c00
[    2.092085] qcom_ice c0c8000.sdcc1ice: QC ICE 3.0.72 device found @0xffffff8008f70000
[    2.092639] sdhci_msm c0c4000.sdhci: No vmmc regulator found
[    2.092646] sdhci_msm c0c4000.sdhci: No vqmmc regulator found
[    2.093004] mmc0: SDHCI controller on c0c4000.sdhci [c0c4000.sdhci] using 64-bit ADMA in CMDQ mode
[    2.093260] hidraw: raw HID events driver (C) Jiri Kosina
[    2.094325] usbcore: registered new interface driver usbhid
[    2.094331] usbhid: USB HID core driver
[    2.094419] ashmem: initialized
[    2.094716] wlan: Loading driver v5.1.1.77V ()
[    2.094980] qpnp_coincell_charger_show_state: enabled=N, voltage=3200 mV, resistance=2100 ohm
[    2.095160] wlan_hdd_state wlan major(226) initialized
[    2.095166] wlan: driver loaded
[    2.159181] mmc0: Out-of-interrupt timeout is 100[ms]
[    2.159188] mmc0: eMMC FW version: 0x04
[    2.159192] mmc0: CMDQ supported: depth: 32
[    2.159196] mmc0: cache barrier support 1 flush policy 1
[    2.165608] cmdq_host_alloc_tdl: desc_size: 1024 data_sz: 63488 slot-sz: 32
[    2.165800] mmc0: CMDQ enabled on card
[    2.165811] mmc0: new HS400 Enhanced strobe MMC card at address 0001
[    2.167379] sdhci_msm_pm_qos_cpu_init (): voted for group #0 (mask=0xf) latency=-1
[    2.167388] sdhci_msm_pm_qos_cpu_init (): voted for group #1 (mask=0xf0) latency=-1
[    2.167463] mmcblk0: mmc0:0001 S0J9K8 58.2 GiB 
[    2.168641] mmcblk0rpmb: mmc0:0001 S0J9K8 partition 3 16.0 MiB
[    2.170450] mmcblk0: p1 p2 p3 p4 p5 p6 p7 p8 p9 p10 p11 p12 p13 p14 p15 p16 p17 p18 p19 p20 p21 p22 p23 p24 p25 p26 p27 p28 p29 p30 p31 p32 p33 p34 p35 p36 p37 p38 p39 p40 p41 p42 p43 p44 p45 p46 p47 p48 p49 p50 p51 p52 p53 p54 p55 p56 p57 p58 p59 p60 p61 p62 p63 p64 p65 p66
[    2.175494] sdhci_msm c084000.sdhci: sdhci_msm_probe: ICE device is not enabled
[    2.189627] sdhci_msm c084000.sdhci: No vmmc regulator found
[    2.189635] sdhci_msm c084000.sdhci: No vqmmc regulator found
[    2.189963] mmc1: SDHCI controller on c084000.sdhci [c084000.sdhci] using 64-bit ADMA in legacy mode
[    2.220124] bimc-bwmon 1008000.qcom,cpu-bwmon: BW HWmon governor registered.
[    2.220863] arm-memlat-mon soc:qcom,arm-memlat-mon-0: Memory Latency governor registered.
[    2.220893] arm-memlat-mon soc:qcom,arm-memlat-mon-4: Memory Latency governor registered.
[    2.223645] devfreq soc:qcom,cpubw: Couldn't update frequency transition information.
[    2.223715] devfreq soc:qcom,mincpubw: Couldn't update frequency transition information.
[    2.223777] devfreq soc:qcom,memlat-cpu0: Couldn't update frequency transition information.
[    2.223846] devfreq soc:qcom,memlat-cpu4: Couldn't update frequency transition information.
[    2.225905] hw perfevents: enabled with armv8_pmuv3 PMU driver, 7 counters available
[    2.226574] usbcore: registered new interface driver snd-usb-audio
[    2.229681] pmic_analog_codec 800f000.qcom,spmi:qcom,pm660l@3:analog-codec@f000: Adsp is not loaded yet 0
[    2.230163] msm_sdw_codec 152c1000.msm-sdw-codec: Adsp is not loaded yet 0
[    2.250181] i2c-msm-v2 c1b6000.i2c: NACK: slave not responding, ensure its powered: msgs(n:2 cur:0 tx) bc(rx:1 tx:2) mode:FIFO slv_addr:0x3a MSTR_STS:0x0d1300c8 OPER:0x00000010
[    2.250209] reading version=0 - retry(0)
[    2.270783] This is max98937! device version 0x43
[    2.280860] max98927 register codec ok.
[    2.291699] msm-dai-tdm soc:qcom,msm-dai-tdm-pri-rx: msm_dai_tdm_q6_probe: dev_name: soc:qcom,msm-dai-tdm-pri-rx group_id: 0x9100
[    2.291919] msm-dai-q6-tdm soc:qcom,msm-dai-tdm-pri-rx:qcom,msm-dai-q6-tdm-pri-rx-0: msm_dai_q6_tdm_dev_probe: dev_name: soc:qcom,msm-dai-tdm-pri-rx:qcom,msm-dai-q6-tdm-pri-rx-0 dev_id: 0x9000
[    2.291931] msm-dai-q6-tdm soc:qcom,msm-dai-tdm-pri-rx:qcom,msm-dai-q6-tdm-pri-rx-0: msm_dai_q6_tdm_dev_probe: Custom tdm header not supported
[    2.291955] msm-dai-tdm soc:qcom,msm-dai-tdm-pri-tx: msm_dai_tdm_q6_probe: dev_name: soc:qcom,msm-dai-tdm-pri-tx group_id: 0x9101
[    2.292134] msm-dai-q6-tdm soc:qcom,msm-dai-tdm-pri-tx:qcom,msm-dai-q6-tdm-pri-tx-0: msm_dai_q6_tdm_dev_probe: dev_name: soc:qcom,msm-dai-tdm-pri-tx:qcom,msm-dai-q6-tdm-pri-tx-0 dev_id: 0x9001
[    2.292144] msm-dai-q6-tdm soc:qcom,msm-dai-tdm-pri-tx:qcom,msm-dai-q6-tdm-pri-tx-0: msm_dai_q6_tdm_dev_probe: Custom tdm header not supported
[    2.292170] msm-dai-tdm soc:qcom,msm-dai-tdm-sec-rx: msm_dai_tdm_q6_probe: dev_name: soc:qcom,msm-dai-tdm-sec-rx group_id: 0x9110
[    2.292337] msm-dai-q6-tdm soc:qcom,msm-dai-tdm-sec-rx:qcom,msm-dai-q6-tdm-sec-rx-0: msm_dai_q6_tdm_dev_probe: dev_name: soc:qcom,msm-dai-tdm-sec-rx:qcom,msm-dai-q6-tdm-sec-rx-0 dev_id: 0x9010
[    2.292347] msm-dai-q6-tdm soc:qcom,msm-dai-tdm-sec-rx:qcom,msm-dai-q6-tdm-sec-rx-0: msm_dai_q6_tdm_dev_probe: Custom tdm header not supported
[    2.292369] msm-dai-tdm soc:qcom,msm-dai-tdm-sec-tx: msm_dai_tdm_q6_probe: dev_name: soc:qcom,msm-dai-tdm-sec-tx group_id: 0x9111
[    2.292533] msm-dai-q6-tdm soc:qcom,msm-dai-tdm-sec-tx:qcom,msm-dai-q6-tdm-sec-tx-0: msm_dai_q6_tdm_dev_probe: dev_name: soc:qcom,msm-dai-tdm-sec-tx:qcom,msm-dai-q6-tdm-sec-tx-0 dev_id: 0x9011
[    2.292543] msm-dai-q6-tdm soc:qcom,msm-dai-tdm-sec-tx:qcom,msm-dai-q6-tdm-sec-tx-0: msm_dai_q6_tdm_dev_probe: Custom tdm header not supported
[    2.292566] msm-dai-tdm soc:qcom,msm-dai-tdm-tert-rx: msm_dai_tdm_q6_probe: dev_name: soc:qcom,msm-dai-tdm-tert-rx group_id: 0x9120
[    2.292735] msm-dai-q6-tdm soc:qcom,msm-dai-tdm-tert-rx:qcom,msm-dai-q6-tdm-tert-rx-0: msm_dai_q6_tdm_dev_probe: dev_name: soc:qcom,msm-dai-tdm-tert-rx:qcom,msm-dai-q6-tdm-tert-rx-0 dev_id: 0x9020
[    2.292746] msm-dai-q6-tdm soc:qcom,msm-dai-tdm-tert-rx:qcom,msm-dai-q6-tdm-tert-rx-0: msm_dai_q6_tdm_dev_probe: Custom tdm header not supported
[    2.292769] msm-dai-tdm soc:qcom,msm-dai-tdm-tert-tx: msm_dai_tdm_q6_probe: dev_name: soc:qcom,msm-dai-tdm-tert-tx group_id: 0x9121
[    2.292933] msm-dai-q6-tdm soc:qcom,msm-dai-tdm-tert-tx:qcom,msm-dai-q6-tdm-tert-tx-0: msm_dai_q6_tdm_dev_probe: dev_name: soc:qcom,msm-dai-tdm-tert-tx:qcom,msm-dai-q6-tdm-tert-tx-0 dev_id: 0x9021
[    2.292943] msm-dai-q6-tdm soc:qcom,msm-dai-tdm-tert-tx:qcom,msm-dai-q6-tdm-tert-tx-0: msm_dai_q6_tdm_dev_probe: Custom tdm header not supported
[    2.292965] msm-dai-tdm soc:qcom,msm-dai-tdm-quat-rx: msm_dai_tdm_q6_probe: dev_name: soc:qcom,msm-dai-tdm-quat-rx group_id: 0x9130
[    2.293129] msm-dai-q6-tdm soc:qcom,msm-dai-tdm-quat-rx:qcom,msm-dai-q6-tdm-quat-rx-0: msm_dai_q6_tdm_dev_probe: dev_name: soc:qcom,msm-dai-tdm-quat-rx:qcom,msm-dai-q6-tdm-quat-rx-0 dev_id: 0x9030
[    2.293139] msm-dai-q6-tdm soc:qcom,msm-dai-tdm-quat-rx:qcom,msm-dai-q6-tdm-quat-rx-0: msm_dai_q6_tdm_dev_probe: Custom tdm header not supported
[    2.293162] msm-dai-tdm soc:qcom,msm-dai-tdm-quat-tx: msm_dai_tdm_q6_probe: dev_name: soc:qcom,msm-dai-tdm-quat-tx group_id: 0x9131
[    2.293327] msm-dai-q6-tdm soc:qcom,msm-dai-tdm-quat-tx:qcom,msm-dai-q6-tdm-quat-tx-0: msm_dai_q6_tdm_dev_probe: dev_name: soc:qcom,msm-dai-tdm-quat-tx:qcom,msm-dai-q6-tdm-quat-tx-0 dev_id: 0x9031
[    2.293337] msm-dai-q6-tdm soc:qcom,msm-dai-tdm-quat-tx:qcom,msm-dai-q6-tdm-quat-tx-0: msm_dai_q6_tdm_dev_probe: Custom tdm header not supported
[    2.300537] pri_i2s_gpio_init:enter.
[    2.300836] sdm660-asoc-snd soc:sound: msm_internal_init: default codec configured
[    2.306212] sdm660-asoc-snd soc:sound: ASoC: platform (null) not registered
[    2.306388] GACT probability NOT on
[    2.306398] Mirror/redirect action on
[    2.306419] u32 classifier
[    2.306421] Actions configured
[    2.306435] Netfilter messages via NETLINK v0.30.
[    2.306457] nf_conntrack version 0.5.0 (16384 buckets, 65536 max)
[    2.306593] ctnetlink v0.93: registering with nfnetlink.
[    2.306773] xt_time: kernel timezone is -0000
[    2.306826] IPv4 over IPsec tunneling driver
[    2.307071] ip_tables: (C) 2000-2006 Netfilter Core Team
[    2.307176] arp_tables: (C) 2002 David S. Miller
[    2.307242] Initializing XFRM netlink socket
[    2.307379] NET: Registered protocol family 10
[    2.307812] mip6: Mobile IPv6
[    2.307823] ip6_tables: (C) 2000-2006 Netfilter Core Team
[    2.308133] sit: IPv6 over IPv4 tunneling driver
[    2.308390] NET: Registered protocol family 17
[    2.308400] NET: Registered protocol family 15
[    2.308417] bridge: automatic filtering via arp/ip/ip6tables has been deprecated. Update your scripts to load br_netfilter if you need this.
[    2.308423] Ebtables v2.0 registered
[    2.308487] l2tp_core: L2TP core driver, V2.0
[    2.308495] l2tp_ppp: PPPoL2TP kernel driver, V2.0
[    2.308500] l2tp_ip: L2TP IP encapsulation support (L2TPv3)
[    2.308510] l2tp_netlink: L2TP netlink interface
[    2.308525] l2tp_eth: L2TP ethernet pseudowire support (L2TPv3)
[    2.308530] l2tp_ip6: L2TP IP encapsulation support for IPv6 (L2TPv3)
[    2.308931] NET: Registered protocol family 27
[    2.313022] mdss_dp_usbpd_setup: get_usbpd phandle failed (-517)
[    2.313030] mdss_dp_probe: Error usbpd setup!
[    2.314103] subsys-pil-tz 15700000.qcom,lpass: for adsp segments only will be dumped.
[    2.315645] subsys-pil-tz 1a300000.qcom,turing: for cdsp segments only will be dumped.
[    2.316244] pil-q6v5-mss 4080000.qcom,mss: No pas_id found.
[    2.316699] platform 4080000.qcom,mss:qcom,mba-mem@0: assigned reserved memory node pil_mba_region@94800000
[    2.316982] pil-q6v5-mss 4080000.qcom,mss: for modem segments only will be dumped.
[    2.317020] pil-q6v5-mss 4080000.qcom,mss: for md_modem segments only will be dumped.
[    2.321674] sps:BAM 0x000000000a904000 is registered.
[    2.322193] Invalid index Defaulting curr to 0
[    2.323915] usbpd usbpd0: Type-C Source (high - 3.0A) connected
[    2.330698] thermal thermal_zone25: failed to read out thermal zone (-19)
[    2.331790] spmi spmi-0: cleanup_irq apid=31 sid=0x0 per=0x41 irq=6
[    2.332716] FG: fg_gen3_probe: battery SOC:97 voltage: 4298572uV temp: 370 id: 0KOhms
[    2.333556] pmic_analog_codec 800f000.qcom,spmi:qcom,pm660l@3:analog-codec@f000: Adsp is not loaded yet 0
[    2.333733] msm_sdw_codec 152c1000.msm-sdw-codec: Adsp is not loaded yet 0
[    2.334717] pri_i2s_gpio_init:enter.
[    2.335075] sdm660-asoc-snd soc:sound: msm_internal_init: default codec configured
[    2.340285] FG: fg_psy_get_property: unsupported property 4
[    2.340914] sdm660-asoc-snd soc:sound: ASoC: platform (null) not registered
[    2.342281] FG: fg_get_time_to_full_locked: battery profile is not loaded
[    2.342807] mdss_dp_parse_gpio_params: 970,hpd gpio not specified
[    2.342992] mdss_register_panel: adding framebuffer device c990000.qcom,dp_ctrl
[    2.343231] mdss_dp_device_register: dp initialized
[    2.343236] hdmi_edid_config_override: invalid input
[    2.345211] sps:BAM 0x000000000a904000 is registered.
[    2.345665] pmic_analog_codec 800f000.qcom,spmi:qcom,pm660l@3:analog-codec@f000: Adsp is not loaded yet 0
[    2.345770] msm_sdw_codec 152c1000.msm-sdw-codec: Adsp is not loaded yet 0
[    2.346347] pri_i2s_gpio_init:enter.
[    2.346645] sdm660-asoc-snd soc:sound: msm_internal_init: default codec configured
[    2.352086] sdm660-asoc-snd soc:sound: ASoC: platform (null) not registered
[    2.352183] mdss_fb_probe: fb2: split_mode:0 left:0 right:0
[    2.352241] mdss_fb_register: FrameBuffer[2] 640x480 registered successfully!
[    2.352632] mdss_mdp_splash_parse_dt: splash mem child node is not present
[    2.352895] pmic_analog_codec 800f000.qcom,spmi:qcom,pm660l@3:analog-codec@f000: Adsp is not loaded yet 0
[    2.352981] msm_sdw_codec 152c1000.msm-sdw-codec: Adsp is not loaded yet 0
[    2.353557] pri_i2s_gpio_init:enter.
[    2.353855] sdm660-asoc-snd soc:sound: msm_internal_init: default codec configured
[    2.359269] sdm660-asoc-snd soc:sound: ASoC: platform (null) not registered
[    2.359495] Registered cp15_barrier emulation handler
[    2.359509] Registered setend emulation handler
[    2.359686] registered taskstats version 1
[    2.359710] Loading compiled-in X.509 certificates
[    2.360742] Loaded X.509 cert 'Build time autogenerated kernel key: 4bdb1a5053426cfa2016c28a6728f21d55db5112'
[    2.361043] Loaded X.509 cert 'Android: 7e4333f9bba00adfe0ede979e28ed1920492b40f'
[    2.361938] Key type encrypted registered
[    2.363761] spss_utils [spss_init]: spss-utils driver Ver 1.2 13-Jan-2017.
[    2.365290] scm_call failed: func id 0x42001601, ret: -2, syscall returns: 0x0, 0x0, 0x0
[    2.365645] fastrpc soc:qcom,msm-adsprpc-mem: for adsp_rh segments only will be dumped.
[    2.365700] ADSPRPC: gcinfo[0].heap_vmid 33
[    2.365871] iommu: Adding device soc:qcom,msm_fastrpc:qcom,msm_fastrpc_compute_cb1 to group 19
[    2.366737] iommu: Adding device soc:qcom,msm_fastrpc:qcom,msm_fastrpc_compute_cb2 to group 20
[    2.367335] iommu: Adding device soc:qcom,msm_fastrpc:qcom,msm_fastrpc_compute_cb3 to group 21
[    2.367877] iommu: Adding device soc:qcom,msm_fastrpc:qcom,msm_fastrpc_compute_cb4 to group 22
[    2.368401] iommu: Adding device soc:qcom,msm_fastrpc:qcom,msm_fastrpc_compute_cb5 to group 23
[    2.369515] iommu: Adding device soc:qcom,msm_fastrpc:qcom,msm_fastrpc_compute_cb6 to group 24
[    2.370046] iommu: Adding device soc:qcom,msm_fastrpc:qcom,msm_fastrpc_compute_cb7 to group 25
[    2.370570] iommu: Adding device soc:qcom,msm_fastrpc:qcom,msm_fastrpc_compute_cb8 to group 26
[    2.371085] iommu: Adding device soc:qcom,msm_fastrpc:qcom,msm_fastrpc_compute_cb9 to group 27
[    2.371595] iommu: Adding device soc:qcom,msm_fastrpc:qcom,msm_fastrpc_compute_cb10 to group 28
[    2.372107] iommu: Adding device soc:qcom,msm_fastrpc:qcom,msm_fastrpc_compute_cb11 to group 29
[    2.372628] iommu: Adding device soc:qcom,msm_fastrpc:qcom,msm_fastrpc_compute_cb12 to group 30
[    2.373128] iommu: Adding device soc:qcom,msm_fastrpc:qcom,msm_fastrpc_compute_cb13 to group 31
[    2.374826] pmic_analog_codec 800f000.qcom,spmi:qcom,pm660l@3:analog-codec@f000: Adsp is not loaded yet 0
[    2.374915] msm_sdw_codec 152c1000.msm-sdw-codec: Adsp is not loaded yet 0
[    2.375590] pri_i2s_gpio_init:enter.
[    2.375885] sdm660-asoc-snd soc:sound: msm_internal_init: default codec configured
[    2.381227] sdm660-asoc-snd soc:sound: ASoC: platform (null) not registered
[    2.381404] Unable to find log_buf by kallsyms!
[    2.382303] pmic_analog_codec 800f000.qcom,spmi:qcom,pm660l@3:analog-codec@f000: Adsp is not loaded yet 0
[    2.382474] msm_sdw_codec 152c1000.msm-sdw-codec: Adsp is not loaded yet 0
[    2.382710] RNDIS_IPA module is loaded.
[    2.383304] pri_i2s_gpio_init:enter.
[    2.383675] sdm660-asoc-snd soc:sound: msm_internal_init: default codec configured
[    2.385502] input: gpio-keys as /devices/soc/soc:gpio_keys/input/input5
[    2.387975] qcom,qpnp-rtc 800f000.qcom,spmi:qcom,pm660@0:qcom,pm660_rtc: setting system clock to 1970-01-07 07:02:16 UTC (543736)
[    2.389395] sdm660-asoc-snd soc:sound: ASoC: platform (null) not registered
[    2.389930] pmic_analog_codec 800f000.qcom,spmi:qcom,pm660l@3:analog-codec@f000: Adsp is not loaded yet 0
[    2.390182] msm_sdw_codec 152c1000.msm-sdw-codec: Adsp is not loaded yet 0
[    2.391035] pri_i2s_gpio_init:enter.
[    2.391331] sdm660-asoc-snd soc:sound: msm_internal_init: default codec configured
[    2.396868] sdm660-asoc-snd soc:sound: ASoC: platform (null) not registered
[    2.397170] pmic_analog_codec 800f000.qcom,spmi:qcom,pm660l@3:analog-codec@f000: Adsp is not loaded yet 0
[    2.397255] msm_sdw_codec 152c1000.msm-sdw-codec: Adsp is not loaded yet 0
[    2.397877] pri_i2s_gpio_init:enter.
[    2.398441] sdm660-asoc-snd soc:sound: msm_internal_init: default codec configured
[    2.399465] lmh_lite:lmh_parse_sensor Registering sensor:[GLM_soc]
[    2.399651] lmh_lite:lmh_parse_sensor Registering sensor:[LLM_cp1-]
[    2.399800] lmh_lite:lmh_parse_sensor Registering sensor:[LLM_cp0-]
[    2.400096] soc:qcom,lmh supply vdd-apss not found, using dummy regulator
[    2.400166] lmh_lite:lmh_get_sensor_devicetree Error getting ODCM thresh. err:-22
[    2.403949] sdm660-asoc-snd soc:sound: ASoC: platform (null) not registered
[    2.404347] pmic_analog_codec 800f000.qcom,spmi:qcom,pm660l@3:analog-codec@f000: Adsp is not loaded yet 0
[    2.404477] msm_sdw_codec 152c1000.msm-sdw-codec: Adsp is not loaded yet 0
[    2.404515] calculate_residency: residency < 0 for LPM
[    2.404520] parse_cpu_levels: idx 1 172
[    2.404523] parse_cpu_levels: idx 2 1181
[    2.404526] parse_cpu_levels: idx 2 2009
[    2.404531] calculate_residency: residency < 0 for LPM
[    2.404606] parse_cpu_levels: idx 1 191
[    2.404609] parse_cpu_levels: idx 2 1109
[    2.404612] parse_cpu_levels: idx 2 2410
[    2.404617] calculate_residency: residency < 0 for LPM
[    2.405194] pri_i2s_gpio_init:enter.
[    2.405532] sdm660-asoc-snd soc:sound: msm_internal_init: default codec configured
[    2.411078] sdm660-asoc-snd soc:sound: ASoC: platform (null) not registered
[    2.411588] pmic_analog_codec 800f000.qcom,spmi:qcom,pm660l@3:analog-codec@f000: Adsp is not loaded yet 0
[    2.411756] msm_sdw_codec 152c1000.msm-sdw-codec: Adsp is not loaded yet 0
[    2.412510] pri_i2s_gpio_init:enter.
[    2.412860] sdm660-asoc-snd soc:sound: msm_internal_init: default codec configured
[    2.413771] ipa-wan ipa_wwan_init:3286 Registering for q6_cleanup_cb
[    2.413780] ipa register_ipa_platform_cb:2210 In register_ipa_platform_cb
[    2.413784] ipa register_ipa_platform_cb:2213 reg q6_cleanup_cb
[    2.415105] rmnet_ipa started initialization
[    2.415136] IPA SSR support = True
[    2.415168] IPA ipa-loaduC = True
[    2.415199] IPA SG support = True
[    2.415233] IPA Napi Enable = False
[    2.415265] using default for wan-rx-desc-size = 1024
[    2.416704] ipa ipa_sps_irq_control_all:963 EP (5) not allocated.
[    2.416710] ipa ipa2_uc_state_check:301 uC is not loaded
[    2.417472] rmnet_ipa completed initialization
[    2.418254] sdm660-asoc-snd soc:sound: ASoC: platform (null) not registered
[    2.418676] pmic_analog_codec 800f000.qcom,spmi:qcom,pm660l@3:analog-codec@f000: Adsp is not loaded yet 0
[    2.418803] msm_sdw_codec 152c1000.msm-sdw-codec: Adsp is not loaded yet 0
[    2.419555] pri_i2s_gpio_init:enter.
[    2.419852] sdm660-asoc-snd soc:sound: msm_internal_init: default codec configured
[    2.425043] sdm660-asoc-snd soc:sound: ASoC: platform (null) not registered
[    2.425808] gfx_mem_acc_corner: disabling
[    2.425815] apc0_pwrcl_corner: disabling
[    2.425819] apc1_perfcl_corner: disabling
[    2.425823] cam_avdd_gpio_regulator: disabling
[    2.425827] cam_dvdd_gpio_regulator: disabling
[    2.425830] cam_rear_dvdd_gpio_regulator: disabling
[    2.425833] cam_rear_avdd_gpio_regulator: disabling
[    2.425839] gdsc_ufs: disabling
[    2.425852] gdsc_venus: disabling
[    2.425879] regulator_proxy_consumer_remove_all: removing regulator proxy consumer requests
[    2.427598] ALSA device list:
[    2.427602] No soundcards found.
[    2.427647] Warning: unable to open an initial console.
[    2.429737] Freeing unused kernel memory: 6144K
[    2.430338] magiskinit: open '/proc/bootconfig': : No such file or directory
[    2.451086] msm-dwc3 a800000.ssusb: DWC3 exited from low power mode
[    2.790586] of_batterydata_get_best_profile: 3632066_lc_m6100_sunwoda_4000mah_fg_averaged_masterslave_oct17th2018 found
[    2.794963] FG: is_profile_load_required: Profiles doesn't match, skipping loading it since force_load_profile is disabled
[    2.880220] get prop 153 is not supported in usb
[    2.880737] get prop 153 is not supported in usb
[    3.410544] IPC_RTR: msm_ipc_router_smd_driver_register Already driver registered IPCRTR
[    3.410550] IPC_RTR: msm_ipc_router_smd_driver_register Already driver registered IPCRTR
[    3.970196] get prop 153 is not supported in usb
[    4.270160] get prop 153 is not supported in usb
[    4.470181] get prop 153 is not supported in usb
[    7.465840] magiskinit: Legacy SAR Init
[    7.649652] EXT4-fs (mmcblk0p63): mounted filesystem without journal. Opts: (null)
[    7.651625] magiskinit: unlinkat 'bpf': : Operation not permitted
[    7.689804] magiskinit: unmount '/sys': : Invalid argument
[    7.832840] init: init first stage started!
[    7.833200] init: Unable to open /lib/modules, skipping module loading.
[    7.837544] init: [libfs_mgr]ReadDefaultFstab(): failed to find device default fstab
[    7.837911] init: Using Android DT directory /proc/device-tree/firmware/android/
[    8.090248] get prop 153 is not supported in usb
[    8.116617] init: DSU not detected, proceeding with normal boot
[    8.116680] init: AVB is not enabled, skip verity setup for '/vendor'
[    8.117294] init: [libfs_mgr]superblock s_max_mnt_count:65535,/dev/block/platform/soc/c0c4000.sdhci/by-name/vendor
[    8.120007] EXT4-fs (mmcblk0p64): mounted filesystem without journal. Opts: barrier=1,discard
[    8.120465] init: [libfs_mgr]__mount(source=/dev/block/platform/soc/c0c4000.sdhci/by-name/vendor,target=/vendor,type=ext4)=0: Success
[    8.121169] init: Skipped setting INIT_AVB_VERSION (not in recovery mode)
[    8.122502] magiskinit: open '/proc/bootconfig': : No such file or directory
[    8.122613] magiskinit: Second Stage Init
[    8.140762] EXT4-fs (mmcblk0p66): mounted filesystem with ordered data mode. Opts: (null)
[    8.176827] magiskinit: SePatchStrategy: LD_PRELOAD
[    8.192263] init: Could not find mount entry for /system
[    8.192293] init: Opening SELinux policy
[    8.192618] init: Error: Apex SEPolicy failed signature check
[    8.192629] init: Loading APEX Sepolicy from /system/etc/selinux/apex/SEPolicy.zip
[    8.192643] init: Failed to open package /system/etc/selinux/apex/SEPolicy.zip: No such file or directory
[    8.213629] init: Loading SELinux policy
[    8.419967] SELinux: 32768 avtab hash slots, 68010 rules.
[    8.429180] SELinux: 32768 avtab hash slots, 68010 rules.
[    8.429219] SELinux:  1 users, 4 roles, 2845 types, 0 bools, 1 sens, 1024 cats
[    8.429223] SELinux:  103 classes, 68010 rules
[    8.433021] SELinux:  Completing initialization.
[    8.433026] SELinux:  Setting up existing superblocks.
[    8.515007] selinux: SELinux: Loaded file_contexts
[    8.515019] selinux: 
[    8.535209] init: init second stage started!
[    8.564959] init: Using Android DT directory /proc/device-tree/firmware/android/
[    8.567866] init: Couldn't load property file '/system_dlkm/etc/build.prop': open() failed: No such file or directory: No such file or directory
[    8.567906] init: Couldn't load property file '/vendor/default.prop': open() failed: No such file or directory: No such file or directory
[    8.568627] init: Do not have permissions to set 'ro.vendor.qti.am.reschedule_service' to 'true' in property file '/vendor/build.prop': SELinux permission check failed
[    8.568670] init: Do not have permissions to set 'ro.sys.fw.dex2oat_thread_count' to '8' in property file '/vendor/build.prop': SELinux permission check failed
[    8.568713] init: Overriding previous property 'dalvik.vm.dex2oat-minidebuginfo':'true' with new value 'false'
[    8.568726] init: Overriding previous property 'dalvik.vm.minidebuginfo':'true' with new value 'false'
[    8.569192] init: Do not have permissions to set 'persist.vendor.bt.a2dp_offload_cap' to 'sbc-aptx-aptxhd-aac' in property file '/vendor/build.prop': SELinux permission check failed
[    8.569685] init: Do not have permissions to set 'ro.telephony.block_binder_thread_on_incoming_calls' to 'false' in property file '/vendor/build.prop': SELinux permission check failed
[    8.569974] init: Overriding previous property 'ro.com.android.dataroaming':'false' with new value 'true'
[    8.570174] init: Do not have permissions to set 'ro.recovery.usb.vid' to '18D1' in property file '/vendor/build.prop': SELinux permission check failed
[    8.570193] init: Do not have permissions to set 'ro.recovery.usb.adb.pid' to 'D001' in property file '/vendor/build.prop': SELinux permission check failed
[    8.570212] init: Do not have permissions to set 'ro.recovery.usb.fastboot.pid' to '4EE0' in property file '/vendor/build.prop': SELinux permission check failed
[    8.571667] init: Couldn't load property file '/odm_dlkm/etc/build.prop': open() failed: No such file or directory: No such file or directory
[    8.573929] init: Setting product property ro.product.brand to 'Xiaomi' (from ro.product.odm.brand)
[    8.573950] init: Setting product property ro.product.device to 'lavender' (from ro.product.odm.device)
[    8.573969] init: Setting product property ro.product.manufacturer to 'Xiaomi' (from ro.product.odm.manufacturer)
[    8.573986] init: Setting product property ro.product.model to 'Redmi Note 7' (from ro.product.odm.model)
[    8.574003] init: Setting product property ro.product.name to 'aosp_lavender' (from ro.product.odm.name)
[    8.574034] init: Setting property 'ro.product.cpu.abilist' to 'arm64-v8a,armeabi-v7a,armeabi'
[    8.574048] init: Setting property 'ro.product.cpu.abilist32' to 'armeabi-v7a,armeabi'
[    8.574062] init: Setting property 'ro.product.cpu.abilist64' to 'arm64-v8a'
[    8.574114] init: snet: Hiding sensitive props
[    8.577577] selinux: SELinux: Loaded file_contexts
[    8.577587] selinux: 
[    8.577620] init: Running restorecon...
[    8.589604] selinux: SELinux: Could not get canonical path for /metadata/ota/rollback-indicator restorecon: No such file or directory.
[    8.589615] selinux: 
[    8.589645] selinux: SELinux:  Could not stat /metadata/gsi: No such file or directory.
[    8.589651] selinux: 
[    8.590128] init: Created socket '/dev/socket/property_service', mode 666, user 0, group 0
[    8.595248] init: SetupMountNamespaces done
[    8.596510] init: Forked subcontext for 'u:r:vendor_init:s0' with pid 590
[    8.596627] init: Parsing file /system/etc/init/hw/init.rc...
[    8.596847] init: Added '/init.environ.rc' to import list
[    8.596862] init: Added '/system/etc/init/hw/init.usb.rc' to import list
[    8.596878] init: Added '/init.qcom.rc' to import list
[    8.596890] init: Added '/vendor/etc/init/hw/init.qcom.rc' to import list
[    8.596898] init: Added '/system/etc/init/hw/init.usb.configfs.rc' to import list
[    8.596916] init: Added '/system/etc/init/hw/init.zygote64_32.rc' to import list
[    8.598331] init: Parsing file /init.environ.rc...
[    8.601286] init: Parsing file /system/etc/init/hw/init.usb.rc...
[    8.601948] init: Parsing file /init.qcom.rc...
[    8.601968] init: Unable to read config file '/init.qcom.rc': open() failed: No such file or directory
[    8.602594] init: Parsing file /vendor/etc/init/hw/init.qcom.rc...
[    8.603407] init: Added '/vendor/etc/init/hw/init.qcom.usb.rc' to import list
[    8.603419] init: Added '/vendor/etc/init/hw/init.msm.usb.configfs.rc' to import list
[    8.603427] init: Added '/vendor/etc/init/hw/init.target.rc' to import list
[    8.603440] init: Added '/vendor/etc/init/hw/init.qcom.factory.rc' to import list
[    8.603449] init: Added '/vendor/etc/init/hw/init.qcom.test.rc' to import list
[    8.603458] init: Added '/vendor/etc/init/hw/init.device.rc' to import list
[    8.605276] init: Parsing file /vendor/etc/init/hw/init.qcom.usb.rc...
[    8.610060] init: Parsing file /vendor/etc/init/hw/init.msm.usb.configfs.rc...
[    8.614190] init: Parsing file /vendor/etc/init/hw/init.target.rc...
[    8.615017] init: Parsing file /vendor/etc/init/hw/init.qcom.factory.rc...
[    8.615041] init: Unable to read config file '/vendor/etc/init/hw/init.qcom.factory.rc': open() failed: No such file or directory
[    8.615058] init: Parsing file /vendor/etc/init/hw/init.qcom.test.rc...
[    8.615071] init: Unable to read config file '/vendor/etc/init/hw/init.qcom.test.rc': open() failed: No such file or directory
[    8.615097] init: Parsing file /vendor/etc/init/hw/init.device.rc...
[    8.615563] init: Parsing file /system/etc/init/hw/init.usb.configfs.rc...
[    8.616182] init: Parsing file /system/etc/init/hw/init.zygote64_32.rc...
[    8.616306] init: Parsing directory /system/etc/init...
[    8.616456] init: Parsing file /system/etc/init/android.hidl.allocator@1.0-service.rc...
[    8.616704] init: Parsing file /system/etc/init/android.system.suspend@1.0-service.rc...
[    8.616953] init: Parsing file /system/etc/init/apexd.rc...
[    8.617228] init: Parsing file /system/etc/init/atrace.rc...
[    8.618447] init: Parsing file /system/etc/init/atrace_userdebug.rc...
[    8.618702] init: Parsing file /system/etc/init/audioserver.rc...
[    8.619025] init: Parsing file /system/etc/init/blank_screen.rc...
[    8.619273] init: Parsing file /system/etc/init/bootanim.rc...
[    8.619524] init: Parsing file /system/etc/init/bootstat-debug.rc...
[    8.619746] init: Parsing file /system/etc/init/bootstat.rc...
[    8.620153] init: Parsing file /system/etc/init/bpfloader.rc...
[    8.620501] init: Parsing file /system/etc/init/cameraserver.rc...
[    8.620742] init: Parsing file /system/etc/init/clean_scratch_files.rc...
[    8.620967] init: Parsing file /system/etc/init/credstore.rc...
[    8.621191] init: Parsing file /system/etc/init/dmesgd.rc...
[    8.621433] init: Parsing file /system/etc/init/drmserver.rc...
[    8.621674] init: Parsing file /system/etc/init/dumpstate.rc...
[    8.621920] init: Parsing file /system/etc/init/flags_health_check.rc...
[    8.622152] init: Parsing file /system/etc/init/gatekeeperd.rc...
[    8.622378] init: Parsing file /system/etc/init/gpuservice.rc...
[    8.622605] init: Parsing file /system/etc/init/gsid.rc...
[    8.622864] init: Parsing file /system/etc/init/heapprofd.rc...
[    8.623193] init: Parsing file /system/etc/init/hwservicemanager.rc...
[    8.623450] init: Parsing file /system/etc/init/idmap2d.rc...
[    8.623692] init: Parsing file /system/etc/init/incidentd.rc...
[    8.623946] init: Parsing file /system/etc/init/init-debug.rc...
[    8.624208] init: Parsing file /system/etc/init/installd.rc...
[    8.624628] init: Parsing file /system/etc/init/keystore2.rc...
[    8.624875] init: Parsing file /system/etc/init/llkd.rc...
[    8.625169] init: Parsing file /system/etc/init/lmkd.rc...
[    8.625485] init: Parsing file /system/etc/init/logcatd.rc...
[    8.625795] init: Parsing file /system/etc/init/logd.rc...
[    8.626074] init: Parsing file /system/etc/init/logtagd.rc...
[    8.626305] init: Parsing file /system/etc/init/lpdumpd.rc...
[    8.626555] init: Parsing file /system/etc/init/mdnsd.rc...
[    8.626789] init: Parsing file /system/etc/init/mediaextractor.rc...
[    8.627022] init: Parsing file /system/etc/init/mediametrics.rc...
[    8.627247] init: Parsing file /system/etc/init/mediaserver.rc...
[    8.627503] init: Parsing file /system/etc/init/mtpd.rc...
[    8.627733] init: Parsing file /system/etc/init/netd.rc...
[    8.627994] init: Parsing file /system/etc/init/odsign.rc...
[    8.628222] init: Parsing file /system/etc/init/perfetto.rc...
[    8.628634] init: Parsing file /system/etc/init/prng_seeder.rc...
[    8.628870] init: Parsing file /system/etc/init/profcollectd.rc...
[    8.629121] init: Parsing file /system/etc/init/racoon.rc...
[    8.629351] init: Parsing file /system/etc/init/recovery-persist.rc...
[    8.629571] init: Parsing file /system/etc/init/rss_hwm_reset.rc...
[    8.629856] init: Parsing file /system/etc/init/servicemanager.rc...
[    8.630161] init: Parsing file /system/etc/init/simpleperf.rc...
[    8.630437] init: Parsing file /system/etc/init/snapuserd.rc...
[    8.630740] init: Parsing file /system/etc/init/storaged.rc...
[    8.631018] init: Parsing file /system/etc/init/surfaceflinger.rc...
[    8.631317] init: Parsing file /system/etc/init/tombstoned.rc...
[    8.631603] init: Parsing file /system/etc/init/traced_perf.rc...
[    8.631926] init: Parsing file /system/etc/init/uncrypt.rc...
[    8.632221] init: Parsing file /system/etc/init/usbd.rc...
[    8.632501] init: Parsing file /system/etc/init/vold.rc...
[    8.632788] init: Parsing file /system/etc/init/wifi.rc...
[    8.633254] init: Parsing file /system/etc/init/wificond.rc...
[    8.633570] init: Parsing directory /system_ext/etc/init...
[    8.633606] init: Parsing file /system_ext/etc/init/dpmd.rc...
[    8.633929] init: Parsing file /system_ext/etc/init/init.pixelexperience-updater.rc...
[    8.634217] init: Parsing directory /vendor/etc/init...
[    8.634355] init: Parsing file /vendor/etc/init/android.hardware.audio.service.rc...
[    8.634702] init: /vendor/etc/init/android.hardware.audio.service.rc: 1: ignored duplicate definition of service 'vendor.audio-hal'
[    8.634713] init: Parsing file /vendor/etc/init/android.hardware.biometrics.fingerprint@2.1-service.xiaomi_sdm660.rc...
[    8.635022] init: Parsing file /vendor/etc/init/android.hardware.bluetooth@1.0-service-qti.rc...
[    8.635279] init: Parsing file /vendor/etc/init/android.hardware.camera.provider@2.4-service.rc...
[    8.635545] init: Parsing file /vendor/etc/init/android.hardware.cas@1.2-service.rc...
[    8.635781] init: Parsing file /vendor/etc/init/android.hardware.configstore@1.1-service.rc...
[    8.636020] init: Parsing file /vendor/etc/init/android.hardware.drm@1.0-service.rc...
[    8.636274] init: Parsing file /vendor/etc/init/android.hardware.drm@1.2-service.widevine.rc...
[    8.636591] init: 'writepid /dev/cpuset/foreground/tasks' is converted into 'task_profiles ProcessCapacityHigh' for service vendor.drm-widevine-hal-1-2
[    8.636605] init: Parsing file /vendor/etc/init/android.hardware.gatekeeper@1.0-service-qti.rc...
[    8.636833] init: Parsing file /vendor/etc/init/android.hardware.gnss@2.0-service-qti.rc...
[    8.637063] init: Parsing file /vendor/etc/init/android.hardware.graphics.allocator@2.0-service.rc...
[    8.637310] init: Parsing file /vendor/etc/init/android.hardware.graphics.composer@2.1-service.rc...
[    8.637599] init: Parsing file /vendor/etc/init/android.hardware.health@2.1-service.rc...
[    8.637883] init: Parsing file /vendor/etc/init/android.hardware.ir@1.0-service.xiaomi_sdm660.rc...
[    8.638118] init: Parsing file /vendor/etc/init/android.hardware.keymaster@4.0-service-qti.rc...
[    8.638356] init: Parsing file /vendor/etc/init/android.hardware.lights.xiaomi_sdm660.rc...
[    8.638614] init: Parsing file /vendor/etc/init/android.hardware.media.omx@1.0-service.rc...
[    8.638851] init: Parsing file /vendor/etc/init/android.hardware.memtrack@1.0-service.rc...
[    8.639087] init: Parsing file /vendor/etc/init/android.hardware.power-service.xiaomi-libperfmgr.rc...
[    8.639465] init: Parsing file /vendor/etc/init/android.hardware.power.stats@1.0-service.rc...
[    8.639756] init: Parsing file /vendor/etc/init/android.hardware.sensors@1.0-service.rc...
[    8.640127] init: Parsing file /vendor/etc/init/android.hardware.thermal@2.0-service.xiaomi_sdm660.qti.rc...
[    8.640471] init: Parsing file /vendor/etc/init/android.hardware.usb@1.0-service.rc...
[    8.640761] init: Parsing file /vendor/etc/init/android.hardware.wifi.supplicant-service.rc...
[    8.641053] init: Parsing file /vendor/etc/init/android.hardware.wifi@1.0-service.rc...
[    8.641373] init: Parsing file /vendor/etc/init/boringssl_self_test.rc...
[    8.641685] init: Parsing file /vendor/etc/init/cnd.rc...
[    8.641970] init: Parsing file /vendor/etc/init/dataadpl.rc...
[    8.642232] init: Parsing file /vendor/etc/init/dataqti.rc...
[    8.642496] init: Parsing file /vendor/etc/init/dpmQmiMgr.rc...
[    8.642775] init: Parsing file /vendor/etc/init/hostapd.android.rc...
[    8.643072] init: Parsing file /vendor/etc/init/ims_rtp_daemon.rc...
[    8.643310] init: Parsing file /vendor/etc/init/imsdatadaemon.rc...
[    8.643559] init: Parsing file /vendor/etc/init/imsqmidaemon.rc...
[    8.643794] init: Parsing file /vendor/etc/init/imsrcsd.rc...
[    8.644031] init: Parsing file /vendor/etc/init/init.time_daemon.rc...
[    8.644277] init: Parsing file /vendor/etc/init/ipacm.rc...
[    8.644541] init: Parsing file /vendor/etc/init/netmgrd.rc...
[    8.644882] init: Parsing file /vendor/etc/init/port-bridge.rc...
[    8.645152] init: Parsing file /vendor/etc/init/qcrild.rc...
[    8.645460] init: Parsing file /vendor/etc/init/rild.rc...
[    8.645718] init: Parsing file /vendor/etc/init/vendor.display.color@1.0-service.rc...
[    8.645972] init: Parsing file /vendor/etc/init/vendor.lineage.livedisplay@2.0-service-sdm.rc...
[    8.646206] init: Parsing file /vendor/etc/init/vendor.lineage.livedisplay@2.0-service-sysfs.rc...
[    8.646470] init: Parsing file /vendor/etc/init/vendor.qti.hardware.alarm@1.0-service.rc...
[    8.646702] init: Parsing file /vendor/etc/init/vendor.qti.hardware.soter@1.0-service.rc...
[    8.646983] init: Parsing file /vendor/etc/init/vendor.qti.hardware.tui_comm@1.0-service-qti.rc...
[    8.647261] init: Parsing file /vendor/etc/init/vendor.qti.hardware.vibrator.service.rc...
[    8.647553] init: Parsing file /vendor/etc/init/vendor.xiaomi.hardware.mlipay@1.1-service.rc...
[    8.647833] init: Parsing file /vendor/etc/init/vndservicemanager.rc...
[    8.648152] init: Parsing file /odm/etc/init...
[    8.648169] init: Unable to read config file '/odm/etc/init': open() failed: No such file or directory
[    8.648189] init: Parsing file /product/etc/init...
[    8.648202] init: Unable to read config file '/product/etc/init': open() failed: No such file or directory
[    8.648763] init: processing action (SetupCgroups) from (<Builtin Action>:0)
[    8.653481] cgroup: cgroup2: unknown option "memory_recursiveprot"
[    8.653518] libprocessgroup: Mounting memcg with memory_recursiveprot failed. Retrying without.
[    8.654724] libprocessgroup: Failed to mount memory cgroup: No such file or directory
[    8.654737] libprocessgroup: Failed to setup memory cgroup
[    8.655306] init: Untracked pid 587 exited with status 0
[    8.655315] init: Untracked pid 587 did not have an associated service entry and will not be reaped
[    8.655458] init: DM_DEV_STATUS failed for system: No such device or address
[    8.655470] init: DM_DEV_STATUS failed for vroot: No such device or address
[    8.657145] init: processing action (SetKptrRestrict) from (<Builtin Action>:0)
[    8.657499] init: processing action (TestPerfEventSelinux) from (<Builtin Action>:0)
[    8.657617] init: processing action (ConnectEarlyStageSnapuserd) from (<Builtin Action>:0)
[    8.657762] init: processing action (early-init) from (/system/etc/init/hw/init.rc:15)
[    8.660571] init: Command 'mkdir /acct/uid' action=early-init (/system/etc/init/hw/init.rc:30) took 0ms and failed: mkdir() failed on /acct/uid: Read-only file system
[    8.665078] init: starting service 'exec 1 (/system/bin/bootstrap/linkerconfig --target /linkerconfig/bootstrap)'...
[    8.667272] init: SVC_EXEC service 'exec 1 (/system/bin/bootstrap/linkerconfig --target /linkerconfig/bootstrap)' pid 592 (uid 0 gid 0+0 context default) started; waiting...
[    8.686488] linkerconfig: Unable to access VNDK APEX at path: /apex/com.android.vndk.v33: No such file or directory
[    8.689093] init: Service 'exec 1 (/system/bin/bootstrap/linkerconfig --target /linkerconfig/bootstrap)' (pid 592) exited with status 0 waiting took 0.023000 seconds
[    8.689108] init: Sending signal 9 to service 'exec 1 (/system/bin/bootstrap/linkerconfig --target /linkerconfig/bootstrap)' (pid 592) process group...
[    8.689196] libprocessgroup: Successfully killed process cgroup uid 0 pid 592 in 0ms
[    8.690106] init: DM_DEV_STATUS failed for system: No such device or address
[    8.690117] init: DM_DEV_STATUS failed for vroot: No such device or address
[    8.690883] init: starting service 'ueventd'...
[    8.693071] init: starting service 'apexd-bootstrap'...
[    8.695467] init: SVC_EXEC service 'apexd-bootstrap' pid 594 (uid 0 gid 1000+0 context default) started; waiting...
[    8.702381] ueventd: ueventd started!
[    8.704938] selinux: SELinux: Loaded file_contexts
[    8.704948] selinux: 
[    8.705150] ueventd: Parsing file /system/etc/ueventd.rc...
[    8.705869] ueventd: Added '/vendor/etc/ueventd.rc' to import list
[    8.705891] ueventd: Added '/odm/etc/ueventd.rc' to import list
[    8.709328] ueventd: Parsing file /vendor/etc/ueventd.rc...
[    8.714313] ueventd: /vendor/etc/ueventd.rc: 169: /sys/ lines must have 5 or 6 entries
[    8.715453] ueventd: Parsing file /odm/etc/ueventd.rc...
[    8.715485] ueventd: Unable to read config file '/odm/etc/ueventd.rc': open() failed: No such file or directory
[    8.715513] ueventd: Parsing file /vendor/ueventd.rc...
[    8.715535] ueventd: Unable to read config file '/vendor/ueventd.rc': open() failed: No such file or directory
[    8.715559] ueventd: Parsing file /odm/ueventd.rc...
[    8.715580] ueventd: Unable to read config file '/odm/ueventd.rc': open() failed: No such file or directory
[    8.715602] ueventd: Parsing file /ueventd.qcom.rc...
[    8.715623] ueventd: Unable to read config file '/ueventd.qcom.rc': open() failed: No such file or directory
[    8.716934] ueventd: [libfs_mgr]ReadFstabFromFile(): failed to access() DSU booted indicator: Permission denied
[    8.716947] ueventd: [libfs_mgr]ReadDefaultFstab(): failed to find device default fstab
[    8.759327] apexd: Bootstrap subcommand detected
[    8.759831] apexd: ActivateFlattenedApex
[    8.759848] apexd: Scanning /system/apex
[    8.761317] apexd: Bind mounting /system/apex/com.android.adbd onto /apex/com.android.adbd
[    8.761652] init: DM_DEV_STATUS failed for system: No such device or address
[    8.761678] init: DM_DEV_STATUS failed for vroot: No such device or address
[    8.761911] apexd: Bind mounting /system/apex/com.android.adservices onto /apex/com.android.adservices
[    8.762373] apexd: Bind mounting /system/apex/com.android.appsearch onto /apex/com.android.appsearch
[    8.762566] init: DM_DEV_STATUS failed for system: No such device or address
[    8.762580] init: DM_DEV_STATUS failed for vroot: No such device or address
[    8.762948] apexd: Bind mounting /system/apex/com.android.art onto /apex/com.android.art
[    8.763050] init: DM_DEV_STATUS failed for system: No such device or address
[    8.763062] init: DM_DEV_STATUS failed for vroot: No such device or address
[    8.763462] apexd: Bind mounting /system/apex/com.android.btservices onto /apex/com.android.btservices
[    8.763490] init: DM_DEV_STATUS failed for system: No such device or address
[    8.763500] init: DM_DEV_STATUS failed for vroot: No such device or address
[    8.763942] init: DM_DEV_STATUS failed for system: No such device or address
[    8.763953] init: DM_DEV_STATUS failed for vroot: No such device or address
[    8.763985] apexd: Bind mounting /system/apex/com.android.cellbroadcast onto /apex/com.android.cellbroadcast
[    8.764378] init: DM_DEV_STATUS failed for system: No such device or address
[    8.764389] init: DM_DEV_STATUS failed for vroot: No such device or address
[    8.764552] apexd: Bind mounting /system/apex/com.android.conscrypt onto /apex/com.android.conscrypt
[    8.764827] init: DM_DEV_STATUS failed for system: No such device or address
[    8.764838] init: DM_DEV_STATUS failed for vroot: No such device or address
[    8.765022] apexd: Bind mounting /system/apex/com.android.extservices onto /apex/com.android.extservices
[    8.765261] init: DM_DEV_STATUS failed for system: No such device or address
[    8.765274] init: DM_DEV_STATUS failed for vroot: No such device or address
[    8.765501] apexd: Bind mounting /system/apex/com.android.i18n onto /apex/com.android.i18n
[    8.765704] init: DM_DEV_STATUS failed for system: No such device or address
[    8.765715] init: DM_DEV_STATUS failed for vroot: No such device or address
[    8.766028] apexd: Bind mounting /system/apex/com.android.ipsec onto /apex/com.android.ipsec
[    8.766146] init: DM_DEV_STATUS failed for system: No such device or address
[    8.766157] init: DM_DEV_STATUS failed for vroot: No such device or address
[    8.766475] apexd: Bind mounting /system/apex/com.android.media onto /apex/com.android.media
[    8.766583] init: DM_DEV_STATUS failed for system: No such device or address
[    8.766594] init: DM_DEV_STATUS failed for vroot: No such device or address
[    8.766948] apexd: Bind mounting /system/apex/com.android.media.swcodec onto /apex/com.android.media.swcodec
[    8.767023] init: DM_DEV_STATUS failed for system: No such device or address
[    8.767034] init: DM_DEV_STATUS failed for vroot: No such device or address
[    8.767353] apexd: Bind mounting /system/apex/com.android.mediaprovider onto /apex/com.android.mediaprovider
[    8.767458] init: DM_DEV_STATUS failed for system: No such device or address
[    8.767469] init: DM_DEV_STATUS failed for vroot: No such device or address
[    8.767879] apexd: Bind mounting /system/apex/com.android.neuralnetworks onto /apex/com.android.neuralnetworks
[    8.767896] init: DM_DEV_STATUS failed for system: No such device or address
[    8.767907] init: DM_DEV_STATUS failed for vroot: No such device or address
[    8.768338] init: DM_DEV_STATUS failed for system: No such device or address
[    8.768349] init: DM_DEV_STATUS failed for vroot: No such device or address
[    8.768460] apexd: Bind mounting /system/apex/com.android.ondevicepersonalization onto /apex/com.android.ondevicepersonalization
[    8.768761] init: DM_DEV_STATUS failed for system: No such device or address
[    8.768772] init: DM_DEV_STATUS failed for vroot: No such device or address
[    8.769374] init: DM_DEV_STATUS failed for system: No such device or address
[    8.769384] init: DM_DEV_STATUS failed for vroot: No such device or address
[    8.769919] init: DM_DEV_STATUS failed for system: No such device or address
[    8.769930] init: DM_DEV_STATUS failed for vroot: No such device or address
[    8.770319] apexd: Bind mounting /system/apex/com.android.os.statsd onto /apex/com.android.os.statsd
[    8.770403] init: DM_DEV_STATUS failed for system: No such device or address
[    8.770414] init: DM_DEV_STATUS failed for vroot: No such device or address
[    8.770831] apexd: Bind mounting /system/apex/com.android.permission onto /apex/com.android.permission
[    8.770836] init: DM_DEV_STATUS failed for system: No such device or address
[    8.770843] init: DM_DEV_STATUS failed for vroot: No such device or address
[    8.771275] init: DM_DEV_STATUS failed for system: No such device or address
[    8.771285] init: DM_DEV_STATUS failed for vroot: No such device or address
[    8.771354] apexd: Bind mounting /system/apex/com.android.resolv onto /apex/com.android.resolv
[    8.771712] init: DM_DEV_STATUS failed for system: No such device or address
[    8.771723] init: DM_DEV_STATUS failed for vroot: No such device or address
[    8.771819] apexd: Bind mounting /system/apex/com.android.runtime onto /apex/com.android.runtime
[    8.772161] init: DM_DEV_STATUS failed for system: No such device or address
[    8.772172] init: DM_DEV_STATUS failed for vroot: No such device or address
[    8.772311] apexd: Bind mounting /system/apex/com.android.scheduling onto /apex/com.android.scheduling
[    8.772600] init: DM_DEV_STATUS failed for system: No such device or address
[    8.772611] init: DM_DEV_STATUS failed for vroot: No such device or address
[    8.772809] apexd: Bind mounting /system/apex/com.android.sdkext onto /apex/com.android.sdkext
[    8.773030] init: DM_DEV_STATUS failed for system: No such device or address
[    8.773041] init: DM_DEV_STATUS failed for vroot: No such device or address
[    8.773251] apexd: Bind mounting /system/apex/com.android.tethering onto /apex/com.android.tethering
[    8.773463] init: DM_DEV_STATUS failed for system: No such device or address
[    8.773474] init: DM_DEV_STATUS failed for vroot: No such device or address
[    8.773748] apexd: Bind mounting /system/apex/com.android.tzdata onto /apex/com.android.tzdata
[    8.773895] init: DM_DEV_STATUS failed for system: No such device or address
[    8.773907] init: DM_DEV_STATUS failed for vroot: No such device or address
[    8.774209] apexd: Bind mounting /system/apex/com.android.uwb onto /apex/com.android.uwb
[    8.774328] init: DM_DEV_STATUS failed for system: No such device or address
[    8.774339] init: DM_DEV_STATUS failed for vroot: No such device or address
[    8.774713] apexd: Bind mounting /system/apex/com.android.vndk.current onto /apex/com.android.vndk.v33
[    8.774762] init: DM_DEV_STATUS failed for system: No such device or address
[    8.774774] init: DM_DEV_STATUS failed for vroot: No such device or address
[    8.775174] apexd: Bind mounting /system/apex/com.android.wifi onto /apex/com.android.wifi
[    8.775191] init: DM_DEV_STATUS failed for system: No such device or address
[    8.775203] init: DM_DEV_STATUS failed for vroot: No such device or address
[    8.775217] apexd: Scanning /system_ext/apex
[    8.775286] apexd: Failed to scan /system_ext/apex : Can't open /system_ext/apex for reading : No such file or directory
[    8.775298] apexd: Scanning /product/apex
[    8.775332] apexd: Failed to scan /product/apex : Can't open /product/apex for reading : No such file or directory
[    8.775345] apexd: Scanning /vendor/apex
[    8.775388] apexd: Failed to scan /vendor/apex : Can't open /vendor/apex for reading : No such file or directory
[    8.775621] init: DM_DEV_STATUS failed for system: No such device or address
[    8.775631] init: DM_DEV_STATUS failed for vroot: No such device or address
[    8.776039] init: DM_DEV_STATUS failed for system: No such device or address
[    8.776050] init: DM_DEV_STATUS failed for vroot: No such device or address
[    8.776478] init: DM_DEV_STATUS failed for system: No such device or address
[    8.776488] init: DM_DEV_STATUS failed for vroot: No such device or address
[    8.776892] init: DM_DEV_STATUS failed for system: No such device or address
[    8.776902] init: DM_DEV_STATUS failed for vroot: No such device or address
[    8.777320] init: DM_DEV_STATUS failed for system: No such device or address
[    8.777330] init: DM_DEV_STATUS failed for vroot: No such device or address
[    8.777741] init: DM_DEV_STATUS failed for system: No such device or address
[    8.777751] init: DM_DEV_STATUS failed for vroot: No such device or address
[    8.778176] init: DM_DEV_STATUS failed for system: No such device or address
[    8.778186] init: DM_DEV_STATUS failed for vroot: No such device or address
[    8.778601] init: DM_DEV_STATUS failed for system: No such device or address
[    8.778611] init: DM_DEV_STATUS failed for vroot: No such device or address
[    8.779012] init: DM_DEV_STATUS failed for system: No such device or address
[    8.779022] init: DM_DEV_STATUS failed for vroot: No such device or address
[    8.779445] init: DM_DEV_STATUS failed for system: No such device or address
[    8.779455] init: DM_DEV_STATUS failed for vroot: No such device or address
[    8.779868] init: DM_DEV_STATUS failed for system: No such device or address
[    8.779879] init: DM_DEV_STATUS failed for vroot: No such device or address
[    8.780528] init: DM_DEV_STATUS failed for system: No such device or address
[    8.780539] init: DM_DEV_STATUS failed for vroot: No such device or address
[    8.780983] init: DM_DEV_STATUS failed for system: No such device or address
[    8.781002] init: DM_DEV_STATUS failed for vroot: No such device or address
[    8.781657] init: DM_DEV_STATUS failed for system: No such device or address
[    8.781667] init: DM_DEV_STATUS failed for vroot: No such device or address
[    8.782217] init: DM_DEV_STATUS failed for system: No such device or address
[    8.782227] init: DM_DEV_STATUS failed for vroot: No such device or address
[    8.782670] init: DM_DEV_STATUS failed for system: No such device or address
[    8.782680] init: DM_DEV_STATUS failed for vroot: No such device or address
[    8.783107] init: DM_DEV_STATUS failed for system: No such device or address
[    8.783118] init: DM_DEV_STATUS failed for vroot: No such device or address
[    8.783549] init: DM_DEV_STATUS failed for system: No such device or address
[    8.783559] init: DM_DEV_STATUS failed for vroot: No such device or address
[    8.783984] init: DM_DEV_STATUS failed for system: No such device or address
[    8.783994] init: DM_DEV_STATUS failed for vroot: No such device or address
[    8.784449] init: DM_DEV_STATUS failed for system: No such device or address
[    8.784460] init: DM_DEV_STATUS failed for vroot: No such device or address
[    8.784896] init: DM_DEV_STATUS failed for system: No such device or address
[    8.784906] init: DM_DEV_STATUS failed for vroot: No such device or address
[    8.785329] init: DM_DEV_STATUS failed for system: No such device or address
[    8.785340] init: DM_DEV_STATUS failed for vroot: No such device or address
[    8.785772] init: DM_DEV_STATUS failed for system: No such device or address
[    8.785783] init: DM_DEV_STATUS failed for vroot: No such device or address
[    8.786203] init: DM_DEV_STATUS failed for system: No such device or address
[    8.786214] init: DM_DEV_STATUS failed for vroot: No such device or address
[    8.786643] init: DM_DEV_STATUS failed for system: No such device or address
[    8.786653] init: DM_DEV_STATUS failed for vroot: No such device or address
[    8.787078] init: DM_DEV_STATUS failed for system: No such device or address
[    8.787088] init: DM_DEV_STATUS failed for vroot: No such device or address
[    8.787515] init: DM_DEV_STATUS failed for system: No such device or address
[    8.787526] init: DM_DEV_STATUS failed for vroot: No such device or address
[    8.787956] init: DM_DEV_STATUS failed for system: No such device or address
[    8.787967] init: DM_DEV_STATUS failed for vroot: No such device or address
[    8.788392] init: DM_DEV_STATUS failed for system: No such device or address
[    8.788403] init: DM_DEV_STATUS failed for vroot: No such device or address
[    8.788828] init: DM_DEV_STATUS failed for system: No such device or address
[    8.788838] init: DM_DEV_STATUS failed for vroot: No such device or address
[    8.789263] init: DM_DEV_STATUS failed for system: No such device or address
[    8.789273] init: DM_DEV_STATUS failed for vroot: No such device or address
[    8.789704] init: DM_DEV_STATUS failed for system: No such device or address
[    8.789715] init: DM_DEV_STATUS failed for vroot: No such device or address
[    8.790177] init: DM_DEV_STATUS failed for system: No such device or address
[    8.790189] init: DM_DEV_STATUS failed for vroot: No such device or address
[    8.790634] init: DM_DEV_STATUS failed for system: No such device or address
[    8.790645] init: DM_DEV_STATUS failed for vroot: No such device or address
[    8.791091] init: DM_DEV_STATUS failed for system: No such device or address
[    8.791102] init: DM_DEV_STATUS failed for vroot: No such device or address
[    8.791520] init: DM_DEV_STATUS failed for system: No such device or address
[    8.791532] init: DM_DEV_STATUS failed for vroot: No such device or address
[    8.791970] init: DM_DEV_STATUS failed for system: No such device or address
[    8.791980] init: DM_DEV_STATUS failed for vroot: No such device or address
[    8.792399] init: DM_DEV_STATUS failed for system: No such device or address
[    8.792410] init: DM_DEV_STATUS failed for vroot: No such device or address
[    8.792841] init: DM_DEV_STATUS failed for system: No such device or address
[    8.792852] init: DM_DEV_STATUS failed for vroot: No such device or address
[    8.793278] init: DM_DEV_STATUS failed for system: No such device or address
[    8.793289] init: DM_DEV_STATUS failed for vroot: No such device or address
[    8.793763] init: Service 'apexd-bootstrap' (pid 594) exited with status 0 waiting took 0.099000 seconds
[    8.793775] init: Sending signal 9 to service 'apexd-bootstrap' (pid 594) process group...
[    8.793852] libprocessgroup: Successfully killed process cgroup uid 0 pid 594 in 0ms
[    8.843601] init: linkerconfig generated /linkerconfig with mounted APEX modules info
[    8.846743] init: DM_DEV_STATUS failed for system: No such device or address
[    8.846761] init: DM_DEV_STATUS failed for vroot: No such device or address
[    8.847531] init: DM_DEV_STATUS failed for system: No such device or address
[    8.847542] init: DM_DEV_STATUS failed for vroot: No such device or address
[    8.847991] init: DM_DEV_STATUS failed for system: No such device or address
[    8.848001] init: DM_DEV_STATUS failed for vroot: No such device or address
[    8.848422] init: DM_DEV_STATUS failed for system: No such device or address
[    8.848432] init: DM_DEV_STATUS failed for vroot: No such device or address
[    8.848851] init: DM_DEV_STATUS failed for system: No such device or address
[    8.848862] init: DM_DEV_STATUS failed for vroot: No such device or address
[    8.849282] init: DM_DEV_STATUS failed for system: No such device or address
[    8.849293] init: DM_DEV_STATUS failed for vroot: No such device or address
[    8.849744] init: DM_DEV_STATUS failed for system: No such device or address
[    8.849755] init: DM_DEV_STATUS failed for vroot: No such device or address
[    8.850225] init: DM_DEV_STATUS failed for system: No such device or address
[    8.850236] init: DM_DEV_STATUS failed for vroot: No such device or address
[    8.850674] init: DM_DEV_STATUS failed for system: No such device or address
[    8.850684] init: DM_DEV_STATUS failed for vroot: No such device or address
[    8.851110] init: DM_DEV_STATUS failed for system: No such device or address
[    8.851120] init: DM_DEV_STATUS failed for vroot: No such device or address
[    8.851548] init: DM_DEV_STATUS failed for system: No such device or address
[    8.851559] init: DM_DEV_STATUS failed for vroot: No such device or address
[    8.851993] init: DM_DEV_STATUS failed for system: No such device or address
[    8.852004] init: DM_DEV_STATUS failed for vroot: No such device or address
[    8.852432] init: DM_DEV_STATUS failed for system: No such device or address
[    8.852443] init: DM_DEV_STATUS failed for vroot: No such device or address
[    8.852866] init: DM_DEV_STATUS failed for system: No such device or address
[    8.852878] init: DM_DEV_STATUS failed for vroot: No such device or address
[    8.853304] init: DM_DEV_STATUS failed for system: No such device or address
[    8.853314] init: DM_DEV_STATUS failed for vroot: No such device or address
[    8.853742] init: DM_DEV_STATUS failed for system: No such device or address
[    8.853753] init: DM_DEV_STATUS failed for vroot: No such device or address
[    8.854171] init: DM_DEV_STATUS failed for system: No such device or address
[    8.854182] init: DM_DEV_STATUS failed for vroot: No such device or address
[    8.854606] init: DM_DEV_STATUS failed for system: No such device or address
[    8.854616] init: DM_DEV_STATUS failed for vroot: No such device or address
[    8.855030] init: DM_DEV_STATUS failed for system: No such device or address
[    8.855041] init: DM_DEV_STATUS failed for vroot: No such device or address
[    8.855462] init: DM_DEV_STATUS failed for system: No such device or address
[    8.855473] init: DM_DEV_STATUS failed for vroot: No such device or address
[    8.855892] init: DM_DEV_STATUS failed for system: No such device or address
[    8.855903] init: DM_DEV_STATUS failed for vroot: No such device or address
[    8.856344] init: DM_DEV_STATUS failed for system: No such device or address
[    8.856355] init: DM_DEV_STATUS failed for vroot: No such device or address
[    8.856781] init: DM_DEV_STATUS failed for system: No such device or address
[    8.856791] init: DM_DEV_STATUS failed for vroot: No such device or address
[    8.857209] init: DM_DEV_STATUS failed for system: No such device or address
[    8.857219] init: DM_DEV_STATUS failed for vroot: No such device or address
[    8.857651] init: DM_DEV_STATUS failed for system: No such device or address
[    8.857662] init: DM_DEV_STATUS failed for vroot: No such device or address
[    8.858077] init: DM_DEV_STATUS failed for system: No such device or address
[    8.858087] init: DM_DEV_STATUS failed for vroot: No such device or address
[    8.858515] init: DM_DEV_STATUS failed for system: No such device or address
[    8.858525] init: DM_DEV_STATUS failed for vroot: No such device or address
[    8.860468] init: processing action (early-init) from (/init.environ.rc:2)
[    8.860525] init: processing action (early-init) from (/vendor/etc/init/hw/init.qcom.rc:35)
[    8.861504] init: processing action (early-init) from (/system/etc/init/prng_seeder.rc:5)
[    8.861761] init: starting service 'prng_seeder'...
[    8.862095] init: Created socket '/dev/socket/prng_seeder', mode 666, user 1092, group 1092
[    8.863988] init: processing action (ro.product.cpu.abilist32=* && early-init) from (/vendor/etc/init/boringssl_self_test.rc:2)
[    8.866554] init: starting service 'boringssl_self_test32_vendor'...
[    8.868251] init: SVC_EXEC service 'boringssl_self_test32_vendor' pid 601 (uid 0 gid 0+0 context default) started; waiting...
[    8.943351] prng_seeder: Hanging forever because setup failed: Unable to open hwrng /dev/hw_random\x0a
[    8.943367] Caused by:
[    8.943375] No such file or directory (os error 2)
[    8.960203] get prop 153 is not supported in usb
[    8.977376] init: Service 'boringssl_self_test32_vendor' (pid 601) exited with status 0 waiting took 0.109000 seconds
[    8.977393] init: Sending signal 9 to service 'boringssl_self_test32_vendor' (pid 601) process group...
[    8.977482] libprocessgroup: Successfully killed process cgroup uid 0 pid 601 in 0ms
[    8.980529] init: processing action (ro.product.cpu.abilist64=* && early-init) from (/vendor/etc/init/boringssl_self_test.rc:4)
[    8.980862] init: starting service 'boringssl_self_test64_vendor'...
[    8.982806] init: SVC_EXEC service 'boringssl_self_test64_vendor' pid 602 (uid 0 gid 0+0 context default) started; waiting...
[    9.033046] init: Service 'boringssl_self_test64_vendor' (pid 602) exited with status 0 waiting took 0.051000 seconds
[    9.033074] init: Sending signal 9 to service 'boringssl_self_test64_vendor' (pid 602) process group...
[    9.033215] libprocessgroup: Successfully killed process cgroup uid 0 pid 602 in 0ms
[    9.033861] init: processing action (wait_for_coldboot_done) from (<Builtin Action>:0)
[   10.909877] init: Wait for property 'ro.cold_boot_done=true' took 1875ms
[   10.909993] init: processing action (SetMmapRndBits) from (<Builtin Action>:0)
[   10.910117] ueventd: Coldboot took 2.192 seconds
[   10.910604] init: processing action (KeychordInit) from (<Builtin Action>:0)
[   10.910748] init: EVIOCSMASK not supported: Invalid argument
[   10.911227] init: processing action (init) from (/system/etc/init/hw/init.rc:89)
[   10.911832] init: Command 'copy /system/etc/prop.default /dev/urandom' action=init (/system/etc/init/hw/init.rc:94) took 0ms and failed: Could not read input file '/system/etc/prop.default': open() failed: No such file or directory
[   10.924446] init: Command 'write /dev/cpuctl/nnapi-hal/cpu.uclamp.min 1' action=init (/system/etc/init/hw/init.rc:187) took 0ms and failed: Unable to write to file '/dev/cpuctl/nnapi-hal/cpu.uclamp.min': open() failed: Permission denied
[   10.925255] init: Command 'write /dev/cpuctl/nnapi-hal/cpu.uclamp.latency_sensitive 1' action=init (/system/etc/init/hw/init.rc:188) took 0ms and failed: Unable to write to file '/dev/cpuctl/nnapi-hal/cpu.uclamp.latency_sensitive': open() failed: Permission denied
[   10.926705] Trying to create more than 5 SchedTune boosting groups
[   10.926863] init: Command 'mkdir /dev/stune/camera-daemon' action=init (/system/etc/init/hw/init.rc:199) took 0ms and failed: mkdir() failed on /dev/stune/camera-daemon: No space left on device
[   10.927557] Trying to create more than 5 SchedTune boosting groups
[   10.927621] init: Command 'mkdir /dev/stune/nnapi-hal' action=init (/system/etc/init/hw/init.rc:207) took 0ms and failed: mkdir() failed on /dev/stune/nnapi-hal: No space left on device
[   10.930965] init: Command 'write /dev/blkio/blkio.weight 1000' action=init (/system/etc/init/hw/init.rc:230) took 0ms and failed: Unable to write to file '/dev/blkio/blkio.weight': open() failed: Permission denied
[   10.931764] init: Command 'write /dev/blkio/background/blkio.weight 200' action=init (/system/etc/init/hw/init.rc:231) took 0ms and failed: Unable to write to file '/dev/blkio/background/blkio.weight': open() failed: Permission denied
[   10.932517] init: Command 'write /dev/blkio/background/blkio.bfq.weight 10' action=init (/system/etc/init/hw/init.rc:232) took 0ms and failed: Unable to write to file '/dev/blkio/background/blkio.bfq.weight': open() failed: Permission denied
[   10.933165] init: Command 'write /dev/blkio/blkio.group_idle 0' action=init (/system/etc/init/hw/init.rc:233) took 0ms and failed: Unable to write to file '/dev/blkio/blkio.group_idle': open() failed: Permission denied
[   10.933870] init: Command 'write /dev/blkio/background/blkio.group_idle 0' action=init (/system/etc/init/hw/init.rc:234) took 0ms and failed: Unable to write to file '/dev/blkio/background/blkio.group_idle': open() failed: Permission denied
[   10.936449] init: DM_DEV_STATUS failed for system: No such device or address
[   10.936473] init: DM_DEV_STATUS failed for vroot: No such device or address
[   10.937709] init: DM_DEV_STATUS failed for system: No such device or address
[   10.937727] init: DM_DEV_STATUS failed for vroot: No such device or address
[   10.938519] init: DM_DEV_STATUS failed for system: No such device or address
[   10.938537] init: DM_DEV_STATUS failed for vroot: No such device or address
[   10.939298] init: DM_DEV_STATUS failed for system: No such device or address
[   10.939314] init: DM_DEV_STATUS failed for vroot: No such device or address
[   10.940201] init: DM_DEV_STATUS failed for system: No such device or address
[   10.940215] init: DM_DEV_STATUS failed for vroot: No such device or address
[   10.940697] init: DM_DEV_STATUS failed for system: No such device or address
[   10.940709] init: DM_DEV_STATUS failed for vroot: No such device or address
[   10.941179] init: DM_DEV_STATUS failed for system: No such device or address
[   10.941190] init: DM_DEV_STATUS failed for vroot: No such device or address
[   10.941615] init: DM_DEV_STATUS failed for system: No such device or address
[   10.941625] init: DM_DEV_STATUS failed for vroot: No such device or address
[   10.942052] init: DM_DEV_STATUS failed for system: No such device or address
[   10.942063] init: DM_DEV_STATUS failed for vroot: No such device or address
[   10.942479] init: DM_DEV_STATUS failed for system: No such device or address
[   10.942490] init: DM_DEV_STATUS failed for vroot: No such device or address
[   10.942914] init: DM_DEV_STATUS failed for system: No such device or address
[   10.942925] init: DM_DEV_STATUS failed for vroot: No such device or address
[   10.943355] init: DM_DEV_STATUS failed for system: No such device or address
[   10.943366] init: DM_DEV_STATUS failed for vroot: No such device or address
[   10.943785] init: DM_DEV_STATUS failed for system: No such device or address
[   10.943796] init: DM_DEV_STATUS failed for vroot: No such device or address
[   10.944220] init: DM_DEV_STATUS failed for system: No such device or address
[   10.944230] init: DM_DEV_STATUS failed for vroot: No such device or address
[   10.944638] init: DM_DEV_STATUS failed for system: No such device or address
[   10.944649] init: DM_DEV_STATUS failed for vroot: No such device or address
[   10.945070] init: DM_DEV_STATUS failed for system: No such device or address
[   10.945081] init: DM_DEV_STATUS failed for vroot: No such device or address
[   10.945485] init: DM_DEV_STATUS failed for system: No such device or address
[   10.945495] init: DM_DEV_STATUS failed for vroot: No such device or address
[   10.945912] init: DM_DEV_STATUS failed for system: No such device or address
[   10.945923] init: DM_DEV_STATUS failed for vroot: No such device or address
[   10.946337] init: DM_DEV_STATUS failed for system: No such device or address
[   10.946348] init: DM_DEV_STATUS failed for vroot: No such device or address
[   10.946754] init: DM_DEV_STATUS failed for system: No such device or address
[   10.946765] init: DM_DEV_STATUS failed for vroot: No such device or address
[   10.947182] init: DM_DEV_STATUS failed for system: No such device or address
[   10.947192] init: DM_DEV_STATUS failed for vroot: No such device or address
[   10.947621] init: DM_DEV_STATUS failed for system: No such device or address
[   10.947631] init: DM_DEV_STATUS failed for vroot: No such device or address
[   10.948047] init: DM_DEV_STATUS failed for system: No such device or address
[   10.948058] init: DM_DEV_STATUS failed for vroot: No such device or address
[   10.948465] init: DM_DEV_STATUS failed for system: No such device or address
[   10.948475] init: DM_DEV_STATUS failed for vroot: No such device or address
[   10.948889] init: DM_DEV_STATUS failed for system: No such device or address
[   10.948900] init: DM_DEV_STATUS failed for vroot: No such device or address
[   10.949319] init: DM_DEV_STATUS failed for system: No such device or address
[   10.949330] init: DM_DEV_STATUS failed for vroot: No such device or address
[   10.949738] init: DM_DEV_STATUS failed for system: No such device or address
[   10.949748] init: DM_DEV_STATUS failed for vroot: No such device or address
[   10.951272] init: Command 'mount binder binder /dev/binderfs stats=global' action=init (/system/etc/init/hw/init.rc:244) took 0ms and failed: mount() failed: No such device
[   10.951551] init: DM_DEV_STATUS failed for system: No such device or address
[   10.951562] init: DM_DEV_STATUS failed for vroot: No such device or address
[   10.952131] init: DM_DEV_STATUS failed for system: No such device or address
[   10.952142] init: DM_DEV_STATUS failed for vroot: No such device or address
[   10.952571] init: DM_DEV_STATUS failed for system: No such device or address
[   10.952582] init: DM_DEV_STATUS failed for vroot: No such device or address
[   10.952991] init: DM_DEV_STATUS failed for system: No such device or address
[   10.953002] init: DM_DEV_STATUS failed for vroot: No such device or address
[   10.953409] init: DM_DEV_STATUS failed for system: No such device or address
[   10.953419] init: DM_DEV_STATUS failed for vroot: No such device or address
[   10.953834] init: DM_DEV_STATUS failed for system: No such device or address
[   10.953845] init: DM_DEV_STATUS failed for vroot: No such device or address
[   10.954277] init: DM_DEV_STATUS failed for system: No such device or address
[   10.954288] init: DM_DEV_STATUS failed for vroot: No such device or address
[   10.954703] init: DM_DEV_STATUS failed for system: No such device or address
[   10.954714] init: DM_DEV_STATUS failed for vroot: No such device or address
[   10.955125] init: DM_DEV_STATUS failed for system: No such device or address
[   10.955135] init: DM_DEV_STATUS failed for vroot: No such device or address
[   10.955552] init: DM_DEV_STATUS failed for system: No such device or address
[   10.955563] init: DM_DEV_STATUS failed for vroot: No such device or address
[   10.955975] init: DM_DEV_STATUS failed for system: No such device or address
[   10.955987] init: DM_DEV_STATUS failed for vroot: No such device or address
[   10.956396] init: DM_DEV_STATUS failed for system: No such device or address
[   10.956406] init: DM_DEV_STATUS failed for vroot: No such device or address
[   10.956820] init: DM_DEV_STATUS failed for system: No such device or address
[   10.956830] init: DM_DEV_STATUS failed for vroot: No such device or address
[   10.957234] init: DM_DEV_STATUS failed for system: No such device or address
[   10.957245] init: DM_DEV_STATUS failed for vroot: No such device or address
[   10.957663] init: DM_DEV_STATUS failed for system: No such device or address
[   10.957674] init: DM_DEV_STATUS failed for vroot: No such device or address
[   10.958077] init: DM_DEV_STATUS failed for system: No such device or address
[   10.958088] init: DM_DEV_STATUS failed for vroot: No such device or address
[   10.958504] init: DM_DEV_STATUS failed for system: No such device or address
[   10.958514] init: DM_DEV_STATUS failed for vroot: No such device or address
[   10.958929] init: DM_DEV_STATUS failed for system: No such device or address
[   10.958939] init: DM_DEV_STATUS failed for vroot: No such device or address
[   10.959344] init: DM_DEV_STATUS failed for system: No such device or address
[   10.959355] init: DM_DEV_STATUS failed for vroot: No such device or address
[   10.959768] init: DM_DEV_STATUS failed for system: No such device or address
[   10.959778] init: DM_DEV_STATUS failed for vroot: No such device or address
[   10.960210] init: DM_DEV_STATUS failed for system: No such device or address
[   10.960220] init: DM_DEV_STATUS failed for vroot: No such device or address
[   10.960662] init: DM_DEV_STATUS failed for system: No such device or address
[   10.960673] init: DM_DEV_STATUS failed for vroot: No such device or address
[   10.961081] init: DM_DEV_STATUS failed for system: No such device or address
[   10.961091] init: DM_DEV_STATUS failed for vroot: No such device or address
[   10.961507] init: DM_DEV_STATUS failed for system: No such device or address
[   10.961518] init: DM_DEV_STATUS failed for vroot: No such device or address
[   10.961940] init: DM_DEV_STATUS failed for system: No such device or address
[   10.961950] init: DM_DEV_STATUS failed for vroot: No such device or address
[   10.962353] init: DM_DEV_STATUS failed for system: No such device or address
[   10.962364] init: DM_DEV_STATUS failed for vroot: No such device or address
[   10.962780] init: DM_DEV_STATUS failed for system: No such device or address
[   10.962791] init: DM_DEV_STATUS failed for vroot: No such device or address
[   10.963426] init: Command 'symlink /dev/binderfs/binder /dev/binder' action=init (/system/etc/init/hw/init.rc:250) took 0ms and failed: symlink() failed: File exists
[   10.963572] init: Command 'symlink /dev/binderfs/hwbinder /dev/hwbinder' action=init (/system/etc/init/hw/init.rc:251) took 0ms and failed: symlink() failed: File exists
[   10.963713] init: Command 'symlink /dev/binderfs/vndbinder /dev/vndbinder' action=init (/system/etc/init/hw/init.rc:252) took 0ms and failed: symlink() failed: File exists
[   10.984031] init: DM_DEV_STATUS failed for system: No such device or address
[   10.984044] init: DM_DEV_STATUS failed for vroot: No such device or address
[   10.984638] init: DM_DEV_STATUS failed for system: No such device or address
[   10.984648] init: DM_DEV_STATUS failed for vroot: No such device or address
[   10.985093] init: DM_DEV_STATUS failed for system: No such device or address
[   10.985103] init: DM_DEV_STATUS failed for vroot: No such device or address
[   10.985526] init: DM_DEV_STATUS failed for system: No such device or address
[   10.985536] init: DM_DEV_STATUS failed for vroot: No such device or address
[   10.985962] init: DM_DEV_STATUS failed for system: No such device or address
[   10.985973] init: DM_DEV_STATUS failed for vroot: No such device or address
[   10.986395] init: DM_DEV_STATUS failed for system: No such device or address
[   10.986406] init: DM_DEV_STATUS failed for vroot: No such device or address
[   10.986860] init: DM_DEV_STATUS failed for system: No such device or address
[   10.986871] init: DM_DEV_STATUS failed for vroot: No such device or address
[   10.987304] init: DM_DEV_STATUS failed for system: No such device or address
[   10.987314] init: DM_DEV_STATUS failed for vroot: No such device or address
[   10.987738] init: DM_DEV_STATUS failed for system: No such device or address
[   10.987749] init: DM_DEV_STATUS failed for vroot: No such device or address
[   10.988168] init: DM_DEV_STATUS failed for system: No such device or address
[   10.988179] init: DM_DEV_STATUS failed for vroot: No such device or address
[   10.988590] init: DM_DEV_STATUS failed for system: No such device or address
[   10.988600] init: DM_DEV_STATUS failed for vroot: No such device or address
[   10.989019] init: DM_DEV_STATUS failed for system: No such device or address
[   10.989029] init: DM_DEV_STATUS failed for vroot: No such device or address
[   10.989440] init: DM_DEV_STATUS failed for system: No such device or address
[   10.989450] init: DM_DEV_STATUS failed for vroot: No such device or address
[   10.989869] init: DM_DEV_STATUS failed for system: No such device or address
[   10.989880] init: DM_DEV_STATUS failed for vroot: No such device or address
[   10.990321] init: DM_DEV_STATUS failed for system: No such device or address
[   10.990332] init: DM_DEV_STATUS failed for vroot: No such device or address
[   10.990736] init: DM_DEV_STATUS failed for system: No such device or address
[   10.990747] init: DM_DEV_STATUS failed for vroot: No such device or address
[   10.991163] init: DM_DEV_STATUS failed for system: No such device or address
[   10.991174] init: DM_DEV_STATUS failed for vroot: No such device or address
[   10.991584] init: DM_DEV_STATUS failed for system: No such device or address
[   10.991595] init: DM_DEV_STATUS failed for vroot: No such device or address
[   10.992012] init: DM_DEV_STATUS failed for system: No such device or address
[   10.992022] init: DM_DEV_STATUS failed for vroot: No such device or address
[   10.992428] init: DM_DEV_STATUS failed for system: No such device or address
[   10.992438] init: DM_DEV_STATUS failed for vroot: No such device or address
[   10.992855] init: DM_DEV_STATUS failed for system: No such device or address
[   10.992865] init: DM_DEV_STATUS failed for vroot: No such device or address
[   10.993306] init: DM_DEV_STATUS failed for system: No such device or address
[   10.993316] init: DM_DEV_STATUS failed for vroot: No such device or address
[   10.993727] init: DM_DEV_STATUS failed for system: No such device or address
[   10.993737] init: DM_DEV_STATUS failed for vroot: No such device or address
[   10.994155] init: DM_DEV_STATUS failed for system: No such device or address
[   10.994165] init: DM_DEV_STATUS failed for vroot: No such device or address
[   10.994572] init: DM_DEV_STATUS failed for system: No such device or address
[   10.994582] init: DM_DEV_STATUS failed for vroot: No such device or address
[   10.995001] init: DM_DEV_STATUS failed for system: No such device or address
[   10.995012] init: DM_DEV_STATUS failed for vroot: No such device or address
[   10.995426] init: DM_DEV_STATUS failed for system: No such device or address
[   10.995437] init: DM_DEV_STATUS failed for vroot: No such device or address
[   10.998231] init: DM_DEV_STATUS failed for system: No such device or address
[   10.998243] init: DM_DEV_STATUS failed for vroot: No such device or address
[   10.998873] init: DM_DEV_STATUS failed for system: No such device or address
[   10.998885] init: DM_DEV_STATUS failed for vroot: No such device or address
[   10.999306] init: DM_DEV_STATUS failed for system: No such device or address
[   10.999317] init: DM_DEV_STATUS failed for vroot: No such device or address
[   10.999752] init: DM_DEV_STATUS failed for system: No such device or address
[   10.999763] init: DM_DEV_STATUS failed for vroot: No such device or address
[   11.000207] init: DM_DEV_STATUS failed for system: No such device or address
[   11.000218] init: DM_DEV_STATUS failed for vroot: No such device or address
[   11.000648] init: DM_DEV_STATUS failed for system: No such device or address
[   11.000659] init: DM_DEV_STATUS failed for vroot: No such device or address
[   11.001119] init: DM_DEV_STATUS failed for system: No such device or address
[   11.001130] init: DM_DEV_STATUS failed for vroot: No such device or address
[   11.001550] init: DM_DEV_STATUS failed for system: No such device or address
[   11.001560] init: DM_DEV_STATUS failed for vroot: No such device or address
[   11.001990] init: DM_DEV_STATUS failed for system: No such device or address
[   11.002001] init: DM_DEV_STATUS failed for vroot: No such device or address
[   11.002422] init: DM_DEV_STATUS failed for system: No such device or address
[   11.002433] init: DM_DEV_STATUS failed for vroot: No such device or address
[   11.002863] init: DM_DEV_STATUS failed for system: No such device or address
[   11.002874] init: DM_DEV_STATUS failed for vroot: No such device or address
[   11.003295] init: DM_DEV_STATUS failed for system: No such device or address
[   11.003305] init: DM_DEV_STATUS failed for vroot: No such device or address
[   11.003732] init: DM_DEV_STATUS failed for system: No such device or address
[   11.003743] init: DM_DEV_STATUS failed for vroot: No such device or address
[   11.004171] init: DM_DEV_STATUS failed for system: No such device or address
[   11.004182] init: DM_DEV_STATUS failed for vroot: No such device or address
[   11.004602] init: DM_DEV_STATUS failed for system: No such device or address
[   11.004613] init: DM_DEV_STATUS failed for vroot: No such device or address
[   11.005036] init: DM_DEV_STATUS failed for system: No such device or address
[   11.005047] init: DM_DEV_STATUS failed for vroot: No such device or address
[   11.005466] init: DM_DEV_STATUS failed for system: No such device or address
[   11.005476] init: DM_DEV_STATUS failed for vroot: No such device or address
[   11.005901] init: DM_DEV_STATUS failed for system: No such device or address
[   11.005911] init: DM_DEV_STATUS failed for vroot: No such device or address
[   11.006334] init: DM_DEV_STATUS failed for system: No such device or address
[   11.006344] init: DM_DEV_STATUS failed for vroot: No such device or address
[   11.006768] init: DM_DEV_STATUS failed for system: No such device or address
[   11.006778] init: DM_DEV_STATUS failed for vroot: No such device or address
[   11.007204] init: DM_DEV_STATUS failed for system: No such device or address
[   11.007215] init: DM_DEV_STATUS failed for vroot: No such device or address
[   11.007657] init: DM_DEV_STATUS failed for system: No such device or address
[   11.007667] init: DM_DEV_STATUS failed for vroot: No such device or address
[   11.008091] init: DM_DEV_STATUS failed for system: No such device or address
[   11.008102] init: DM_DEV_STATUS failed for vroot: No such device or address
[   11.008519] init: DM_DEV_STATUS failed for system: No such device or address
[   11.008530] init: DM_DEV_STATUS failed for vroot: No such device or address
[   11.008953] init: DM_DEV_STATUS failed for system: No such device or address
[   11.008964] init: DM_DEV_STATUS failed for vroot: No such device or address
[   11.009389] init: DM_DEV_STATUS failed for system: No such device or address
[   11.009400] init: DM_DEV_STATUS failed for vroot: No such device or address
[   11.009818] init: DM_DEV_STATUS failed for system: No such device or address
[   11.009829] init: DM_DEV_STATUS failed for vroot: No such device or address
[   11.010924] Registered swp emulation handler
[   11.013074] init: starting service 'logd'...
[   11.013360] init: Created socket '/dev/socket/logd', mode 666, user 1036, group 1036
[   11.013555] init: Created socket '/dev/socket/logdr', mode 666, user 1036, group 1036
[   11.013755] init: Created socket '/dev/socket/logdw', mode 222, user 1036, group 1036
[   11.016736] init: starting service 'lmkd'...
[   11.017102] init: Created socket '/dev/socket/lmkd', mode 660, user 1000, group 1000
[   11.019413] init: starting service 'servicemanager'...
[   11.021887] init: starting service 'hwservicemanager'...
[   11.024986] init: starting service 'vndservicemanager'...
[   11.027667] init: processing action (ro.product.cpu.abilist32=* && init) from (/system/etc/init/hw/init.rc:480)
[   11.028133] init: starting service 'boringssl_self_test32'...
[   11.031344] init: SVC_EXEC service 'boringssl_self_test32' pid 618 (uid 0 gid 0+0 context default) started; waiting...
[   11.079621] binder: 615:615 ioctl 40046210 7fc02daeb0 returned -22
[   11.093643] binder: 616:616 ioctl 40046210 7feafde204 returned -22
[   11.097724] binder: 617:617 ioctl 40046210 7fffb583b0 returned -22
[   11.103302] logd.auditd: start
[   11.106879] logd: SocketListener: Failed to start unbound listener
[   11.112697] init: Service 'boringssl_self_test32' (pid 618) exited with status 0 waiting took 0.082000 seconds
[   11.112728] init: Sending signal 9 to service 'boringssl_self_test32' (pid 618) process group...
[   11.112892] libprocessgroup: Successfully killed process cgroup uid 0 pid 618 in 0ms
[   11.113538] init: processing action (ro.product.cpu.abilist64=* && init) from (/system/etc/init/hw/init.rc:482)
[   11.113896] init: starting service 'boringssl_self_test64'...
[   11.116457] init: SVC_EXEC service 'boringssl_self_test64' pid 623 (uid 0 gid 0+0 context default) started; waiting...
[   11.152325] init: Service 'boringssl_self_test64' (pid 623) exited with status 0 waiting took 0.037000 seconds
[   11.152349] init: Sending signal 9 to service 'boringssl_self_test64' (pid 623) process group...
[   11.152442] libprocessgroup: Successfully killed process cgroup uid 0 pid 623 in 0ms
[   11.152959] init: processing action (init) from (/system/etc/init/hw/init.usb.rc:27)
[   11.153166] init: processing action (init) from (/vendor/etc/init/hw/init.qcom.rc:50)
[   11.161536] init: processing action (init) from (/vendor/etc/init/hw/init.target.rc:30)
[   11.167433] init: processing action (init) from (/vendor/etc/init/hw/init.target.rc:78)
[   11.168201] init: processing action (init) from (/system/etc/init/audioserver.rc:62)
[   11.169023] init: processing action (init) from (/vendor/etc/init/android.hardware.biometrics.fingerprint@2.1-service.xiaomi_sdm660.rc:1)
[   11.171460] init: processing action (init) from (/vendor/etc/init/android.hardware.keymaster@4.0-service-qti.rc:1)
[   11.174519] init: starting service 'keymaster-4-0'...
[   11.176176] init: processing action (init) from (/vendor/etc/init/vendor.lineage.livedisplay@2.0-service-sysfs.rc:1)
[   11.177722] init: processing action (late-init) from (/system/etc/init/hw/init.rc:517)
[   11.177763] init: processing action (late-init) from (/vendor/etc/init/hw/init.target.rc:81)
[   11.178138] init: starting service 'surfaceflinger'...
[   11.178438] init: Could not create socket 'pdx/system/vr/display/client': Failed to bind socket 'pdx/system/vr/display/client': No such file or directory
[   11.178622] init: Could not create socket 'pdx/system/vr/display/manager': Failed to bind socket 'pdx/system/vr/display/manager': No such file or directory
[   11.178796] init: Could not create socket 'pdx/system/vr/display/vsync': Failed to bind socket 'pdx/system/vr/display/vsync': No such file or directory
[   11.181152] init: starting service 'bootanim'...
[   11.184368] init: Command 'start vendor.hwcomposer-2-3' action=late-init (/vendor/etc/init/hw/init.target.rc:85) took 0ms and failed: service vendor.hwcomposer-2-3 not found
[   11.184733] init: starting service 'vendor.configstore-hal'...
[   11.187402] init: Command 'start vendor.qti.hardware.display.allocator' action=late-init (/vendor/etc/init/hw/init.target.rc:87) took 0ms and failed: service vendor.qti.hardware.display.allocator not found
[   11.187433] init: processing action (late-init) from (/system/etc/init/atrace.rc:3)
[   11.192699] init: Command 'write /sys/kernel/tracing/synthetic_events rss_stat_throttled unsigned int mm_id; unsigned int curr; int member; long size' action=late-init (/system/etc/init/atrace.rc:294) took 0ms and failed: Unable to write to file '/sys/kernel/tracing/synthetic_events': open() failed: Permission denied
[   11.193244] init: processing action (late-init) from (/vendor/etc/init/vendor.qti.hardware.vibrator.service.rc:1)
[   11.193540] init: processing action (late-init) from (/vendor/etc/init/vendor.qti.hardware.vibrator.service.rc:10)
[   11.194313] init: processing action (queue_property_triggers) from (<Builtin Action>:0)
[   11.194420] init: processing action (early-fs) from (/system/etc/init/hw/init.rc:550)
[   11.194749] init: starting service 'vold'...
[   11.197145] init: processing action (fs) from (/vendor/etc/init/hw/init.target.rc:56)
[   11.197409] init: wait for '/dev/block/platform/soc/c0c4000.sdhci' took 0ms
[   11.199709] init: [libfs_mgr]superblock s_max_mnt_count:65535,/dev/block/bootdevice/by-name/userdata
[   11.200944] EXT4-fs (mmcblk0p66): Ignoring removed nomblk_io_submit option
[   11.216539] binder: 624:624 ioctl 40046210 7fc1ce5834 returned -22
[   11.221565] EXT4-fs (mmcblk0p66): mounted filesystem with ordered data mode. Opts: errors=remount-ro,nomblk_io_submit
[   11.221847] init: [libfs_mgr]check_fs(): mount(/dev/block/bootdevice/by-name/userdata,/data,ext4)=0: Success
[   11.224059] binder: 627:627 ioctl 40046210 7fe3259104 returned -22
[   11.229278] init: [libfs_mgr]umount_retry(): unmount(/data) succeeded
[   11.229559] init: [libfs_mgr]Running /system/bin/e2fsck on /dev/block/mmcblk0p66
[   11.264780] e2fsck: e2fsck 1.46.2 (28-Feb-2021)
[   11.283840] binder: 628:628 ioctl 40046210 7fd2165b94 returned -22
[   11.283930] binder: 628:628 ioctl 40046210 7fd21658f0 returned -22
[   11.311362] e2fsck: /dev/block/bootdevice/by-name/userdata: clean, 51234/3334144 files, 2958262/13334523 blocks
[   11.316254] init: [libfs_mgr]superblock s_max_mnt_count:65535,/dev/block/bootdevice/by-name/userdata
[   11.323705] EXT4-fs (mmcblk0p66): mounted filesystem with ordered data mode. Opts: barrier=1,noauto_da_alloc,lazytime
[   11.323827] init: [libfs_mgr]__mount(source=/dev/block/bootdevice/by-name/userdata,target=/data,type=ext4)=0: Success
[   11.324077] init: [libfs_mgr]/data is file encrypted
[   11.344017] init: [libfs_mgr]__mount(source=/dev/block/bootdevice/by-name/modem,target=/vendor/firmware_mnt,type=vfat)=0: Success
[   11.350252] init: [libfs_mgr]__mount(source=/dev/block/bootdevice/by-name/bluetooth,target=/vendor/bt_firmware,type=vfat)=0: Success
[   11.351202] init: [libfs_mgr]superblock s_max_mnt_count:65535,/dev/block/bootdevice/by-name/dsp
[   11.357388] binder: 625:625 ioctl 40046210 7fcac728c4 returned -22
[   11.357448] EXT4-fs (mmcblk0p48): mounted filesystem with ordered data mode. Opts: barrier=1
[   11.357548] init: [libfs_mgr]__mount(source=/dev/block/bootdevice/by-name/dsp,target=/vendor/dsp,type=ext4)=0: Success
[   11.358435] init: [libfs_mgr]superblock s_max_mnt_count:65535,/dev/block/bootdevice/by-name/cache
[   11.359161] binder: 625:625 ioctl 40046210 7fcac726a0 returned -22
[   11.364235] EXT4-fs (mmcblk0p62): mounted filesystem with ordered data mode. Opts: barrier=1
[   11.364336] init: [libfs_mgr]__mount(source=/dev/block/bootdevice/by-name/cache,target=/cache,type=ext4)=0: Success
[   11.364645] init: [libfs_mgr]mount_with_alternatives(): skipping fstab dup mountpoint=/cache rec[8].fs_type=f2fs already mounted as ext4
[   11.365287] init: [libfs_mgr]superblock s_max_mnt_count:65535,/dev/block/bootdevice/by-name/persist
[   11.366230] EXT4-fs (mmcblk0p55): Ignoring removed nomblk_io_submit option
[   11.372696] EXT4-fs (mmcblk0p55): mounted filesystem with ordered data mode. Opts: errors=remount-ro,nomblk_io_submit
[   11.373949] init: [libfs_mgr]check_fs(): mount(/dev/block/bootdevice/by-name/persist,/mnt/vendor/persist,ext4)=0: Success
[   11.375670] init: [libfs_mgr]umount_retry(): unmount(/mnt/vendor/persist) succeeded
[   11.375815] init: [libfs_mgr]Running /system/bin/e2fsck on /dev/block/mmcblk0p55
[   11.385276] e2fsck: e2fsck 1.46.2 (28-Feb-2021)
[   11.388700] e2fsck: /dev/block/bootdevice/by-name/persist: clean, 76/8192 files, 1420/8192 blocks
[   11.406441] EXT4-fs (mmcblk0p55): mounted filesystem with ordered data mode. Opts: barrier=1
[   11.408513] init: [libfs_mgr]__mount(source=/dev/block/bootdevice/by-name/persist,target=/mnt/vendor/persist,type=ext4)=0: Success
[   11.409233] init: Userdata mounted using /vendor/etc/fstab.qcom result : 5
[   11.409314] init: Keyring created with id 118385251 in process 1
[   11.409444] init: Command 'mount_all /vendor/etc/fstab.qcom' action=fs (/vendor/etc/init/hw/init.target.rc:59) took 211ms and succeeded
[   11.409724] init: DM_DEV_STATUS failed for system: No such device or address
[   11.409736] init: DM_DEV_STATUS failed for vroot: No such device or address
[   11.410694] init: DM_DEV_STATUS failed for system: No such device or address
[   11.410707] init: DM_DEV_STATUS failed for vroot: No such device or address
[   11.411277] init: DM_DEV_STATUS failed for system: No such device or address
[   11.411289] init: DM_DEV_STATUS failed for vroot: No such device or address
[   11.411804] init: DM_DEV_STATUS failed for system: No such device or address
[   11.411815] init: DM_DEV_STATUS failed for vroot: No such device or address
[   11.412320] init: DM_DEV_STATUS failed for system: No such device or address
[   11.412333] init: DM_DEV_STATUS failed for vroot: No such device or address
[   11.412835] init: DM_DEV_STATUS failed for system: No such device or address
[   11.412847] init: DM_DEV_STATUS failed for vroot: No such device or address
[   11.413390] init: DM_DEV_STATUS failed for system: No such device or address
[   11.413404] init: DM_DEV_STATUS failed for vroot: No such device or address
[   11.413891] init: DM_DEV_STATUS failed for system: No such device or address
[   11.413903] init: DM_DEV_STATUS failed for vroot: No such device or address
[   11.414395] init: DM_DEV_STATUS failed for system: No such device or address
[   11.414408] init: DM_DEV_STATUS failed for vroot: No such device or address
[   11.414900] init: DM_DEV_STATUS failed for system: No such device or address
[   11.414911] init: DM_DEV_STATUS failed for vroot: No such device or address
[   11.415366] init: DM_DEV_STATUS failed for system: No such device or address
[   11.415376] init: DM_DEV_STATUS failed for vroot: No such device or address
[   11.415856] init: DM_DEV_STATUS failed for system: No such device or address
[   11.415868] init: DM_DEV_STATUS failed for vroot: No such device or address
[   11.416367] init: DM_DEV_STATUS failed for system: No such device or address
[   11.416379] init: DM_DEV_STATUS failed for vroot: No such device or address
[   11.416880] init: DM_DEV_STATUS failed for system: No such device or address
[   11.416891] init: DM_DEV_STATUS failed for vroot: No such device or address
[   11.417359] init: DM_DEV_STATUS failed for system: No such device or address
[   11.417371] init: DM_DEV_STATUS failed for vroot: No such device or address
[   11.417870] init: DM_DEV_STATUS failed for system: No such device or address
[   11.417882] init: DM_DEV_STATUS failed for vroot: No such device or address
[   11.418363] init: DM_DEV_STATUS failed for system: No such device or address
[   11.418374] init: DM_DEV_STATUS failed for vroot: No such device or address
[   11.418829] init: DM_DEV_STATUS failed for system: No such device or address
[   11.418840] init: DM_DEV_STATUS failed for vroot: No such device or address
[   11.419330] init: DM_DEV_STATUS failed for system: No such device or address
[   11.419343] init: DM_DEV_STATUS failed for vroot: No such device or address
[   11.419828] init: DM_DEV_STATUS failed for system: No such device or address
[   11.419839] init: DM_DEV_STATUS failed for vroot: No such device or address
[   11.420377] init: DM_DEV_STATUS failed for system: No such device or address
[   11.420390] init: DM_DEV_STATUS failed for vroot: No such device or address
[   11.420969] init: DM_DEV_STATUS failed for system: No such device or address
[   11.420982] init: DM_DEV_STATUS failed for vroot: No such device or address
[   11.421502] init: DM_DEV_STATUS failed for system: No such device or address
[   11.421514] init: DM_DEV_STATUS failed for vroot: No such device or address
[   11.422016] init: DM_DEV_STATUS failed for system: No such device or address
[   11.422028] init: DM_DEV_STATUS failed for vroot: No such device or address
[   11.422531] init: DM_DEV_STATUS failed for system: No such device or address
[   11.422543] init: DM_DEV_STATUS failed for vroot: No such device or address
[   11.423029] init: DM_DEV_STATUS failed for system: No such device or address
[   11.423040] init: DM_DEV_STATUS failed for vroot: No such device or address
[   11.423502] init: DM_DEV_STATUS failed for system: No such device or address
[   11.423512] init: DM_DEV_STATUS failed for vroot: No such device or address
[   11.444730] adsp-loader soc:qcom,msm-adsp-loader: adsp_loader_do: scheduling work to load ADSP fw
[   11.457472] init: DM_DEV_STATUS failed for system: No such device or address
[   11.457488] init: DM_DEV_STATUS failed for vroot: No such device or address
[   11.458270] init: DM_DEV_STATUS failed for system: No such device or address
[   11.458283] init: DM_DEV_STATUS failed for vroot: No such device or address
[   11.458804] init: DM_DEV_STATUS failed for system: No such device or address
[   11.458818] init: DM_DEV_STATUS failed for vroot: No such device or address
[   11.459337] init: DM_DEV_STATUS failed for system: No such device or address
[   11.459349] init: DM_DEV_STATUS failed for vroot: No such device or address
[   11.459858] init: DM_DEV_STATUS failed for system: No such device or address
[   11.459870] init: DM_DEV_STATUS failed for vroot: No such device or address
[   11.460372] init: DM_DEV_STATUS failed for system: No such device or address
[   11.460384] init: DM_DEV_STATUS failed for vroot: No such device or address
[   11.460914] init: DM_DEV_STATUS failed for system: No such device or address
[   11.460926] init: DM_DEV_STATUS failed for vroot: No such device or address
[   11.461394] init: DM_DEV_STATUS failed for system: No such device or address
[   11.461404] init: DM_DEV_STATUS failed for vroot: No such device or address
[   11.461893] init: DM_DEV_STATUS failed for system: No such device or address
[   11.461904] init: DM_DEV_STATUS failed for vroot: No such device or address
[   11.462348] init: DM_DEV_STATUS failed for system: No such device or address
[   11.462359] init: DM_DEV_STATUS failed for vroot: No such device or address
[   11.462845] init: DM_DEV_STATUS failed for system: No such device or address
[   11.462856] init: DM_DEV_STATUS failed for vroot: No such device or address
[   11.463341] init: DM_DEV_STATUS failed for system: No such device or address
[   11.463353] init: DM_DEV_STATUS failed for vroot: No such device or address
[   11.463813] init: DM_DEV_STATUS failed for system: No such device or address
[   11.463824] init: DM_DEV_STATUS failed for vroot: No such device or address
[   11.464283] init: DM_DEV_STATUS failed for system: No such device or address
[   11.464294] init: DM_DEV_STATUS failed for vroot: No such device or address
[   11.464734] init: DM_DEV_STATUS failed for system: No such device or address
[   11.464745] init: DM_DEV_STATUS failed for vroot: No such device or address
[   11.465206] init: DM_DEV_STATUS failed for system: No such device or address
[   11.465217] init: DM_DEV_STATUS failed for vroot: No such device or address
[   11.465672] init: DM_DEV_STATUS failed for system: No such device or address
[   11.465684] init: DM_DEV_STATUS failed for vroot: No such device or address
[   11.466132] init: DM_DEV_STATUS failed for system: No such device or address
[   11.466142] init: DM_DEV_STATUS failed for vroot: No such device or address
[   11.466595] init: DM_DEV_STATUS failed for system: No such device or address
[   11.466607] init: DM_DEV_STATUS failed for vroot: No such device or address
[   11.467067] init: DM_DEV_STATUS failed for system: No such device or address
[   11.467078] init: DM_DEV_STATUS failed for vroot: No such device or address
[   11.467535] init: DM_DEV_STATUS failed for system: No such device or address
[   11.467546] init: DM_DEV_STATUS failed for vroot: No such device or address
[   11.468062] init: DM_DEV_STATUS failed for system: No such device or address
[   11.468075] init: DM_DEV_STATUS failed for vroot: No such device or address
[   11.468540] init: DM_DEV_STATUS failed for system: No such device or address
[   11.468552] init: DM_DEV_STATUS failed for vroot: No such device or address
[   11.469004] init: DM_DEV_STATUS failed for system: No such device or address
[   11.469015] init: DM_DEV_STATUS failed for vroot: No such device or address
[   11.469455] init: DM_DEV_STATUS failed for system: No such device or address
[   11.469465] init: DM_DEV_STATUS failed for vroot: No such device or address
[   11.469933] init: DM_DEV_STATUS failed for system: No such device or address
[   11.469944] init: DM_DEV_STATUS failed for vroot: No such device or address
[   11.470422] init: DM_DEV_STATUS failed for system: No such device or address
[   11.470434] init: DM_DEV_STATUS failed for vroot: No such device or address
[   11.471098] init: processing action (fs) from (/system/etc/init/logd.rc:29)
[   11.471617] init: processing action (fs) from (/system/etc/init/wifi.rc:25)
[   11.471965] init: processing action (post-fs) from (/system/etc/init/hw/init.rc:554)
[   11.472305] init: starting service 'exec 2 (/system/bin/vdc checkpoint markBootAttempt)'...
[   11.473735] init: SVC_EXEC service 'exec 2 (/system/bin/vdc checkpoint markBootAttempt)' pid 656 (uid 1000 gid 1000+0 context default) started; waiting...
[   11.484990] binder: 656:656 ioctl 40046210 7fd27bf900 returned -22
[   11.485817] vdc: Waited 0ms for vold
[   11.486707] init: Service 'exec 2 (/system/bin/vdc checkpoint markBootAttempt)' (pid 656) exited with status 0 waiting took 0.013000 seconds
[   11.486727] init: Sending signal 9 to service 'exec 2 (/system/bin/vdc checkpoint markBootAttempt)' (pid 656) process group...
[   11.486891] libprocessgroup: Successfully killed process cgroup uid 1000 pid 656 in 0ms
[   11.487215] init: DM_DEV_STATUS failed for system: No such device or address
[   11.487227] init: DM_DEV_STATUS failed for vroot: No such device or address
[   11.488026] init: DM_DEV_STATUS failed for system: No such device or address
[   11.488039] init: DM_DEV_STATUS failed for vroot: No such device or address
[   11.488782] init: DM_DEV_STATUS failed for system: No such device or address
[   11.488795] init: DM_DEV_STATUS failed for vroot: No such device or address
[   11.489330] init: DM_DEV_STATUS failed for system: No such device or address
[   11.489343] init: DM_DEV_STATUS failed for vroot: No such device or address
[   11.489812] init: DM_DEV_STATUS failed for system: No such device or address
[   11.489824] init: DM_DEV_STATUS failed for vroot: No such device or address
[   11.490423] init: DM_DEV_STATUS failed for system: No such device or address
[   11.490439] init: DM_DEV_STATUS failed for vroot: No such device or address
[   11.491041] init: DM_DEV_STATUS failed for system: No such device or address
[   11.491057] init: DM_DEV_STATUS failed for vroot: No such device or address
[   11.491582] init: DM_DEV_STATUS failed for system: No such device or address
[   11.491593] init: DM_DEV_STATUS failed for vroot: No such device or address
[   11.492070] init: DM_DEV_STATUS failed for system: No such device or address
[   11.492080] init: DM_DEV_STATUS failed for vroot: No such device or address
[   11.492537] init: DM_DEV_STATUS failed for system: No such device or address
[   11.492548] init: DM_DEV_STATUS failed for vroot: No such device or address
[   11.493028] init: DM_DEV_STATUS failed for system: No such device or address
[   11.493039] init: DM_DEV_STATUS failed for vroot: No such device or address
[   11.493526] init: DM_DEV_STATUS failed for system: No such device or address
[   11.493538] init: DM_DEV_STATUS failed for vroot: No such device or address
[   11.494064] init: DM_DEV_STATUS failed for system: No such device or address
[   11.494076] init: DM_DEV_STATUS failed for vroot: No such device or address
[   11.494605] init: DM_DEV_STATUS failed for system: No such device or address
[   11.494616] init: DM_DEV_STATUS failed for vroot: No such device or address
[   11.495079] init: DM_DEV_STATUS failed for system: No such device or address
[   11.495090] init: DM_DEV_STATUS failed for vroot: No such device or address
[   11.495543] init: DM_DEV_STATUS failed for system: No such device or address
[   11.495554] init: DM_DEV_STATUS failed for vroot: No such device or address
[   11.496044] init: DM_DEV_STATUS failed for system: No such device or address
[   11.496057] init: DM_DEV_STATUS failed for vroot: No such device or address
[   11.496536] init: DM_DEV_STATUS failed for system: No such device or address
[   11.496548] init: DM_DEV_STATUS failed for vroot: No such device or address
[   11.497051] init: DM_DEV_STATUS failed for system: No such device or address
[   11.497064] init: DM_DEV_STATUS failed for vroot: No such device or address
[   11.497548] init: DM_DEV_STATUS failed for system: No such device or address
[   11.497561] init: DM_DEV_STATUS failed for vroot: No such device or address
[   11.498076] init: DM_DEV_STATUS failed for system: No such device or address
[   11.498089] init: DM_DEV_STATUS failed for vroot: No such device or address
[   11.498634] init: DM_DEV_STATUS failed for system: No such device or address
[   11.498647] init: DM_DEV_STATUS failed for vroot: No such device or address
[   11.499170] init: DM_DEV_STATUS failed for system: No such device or address
[   11.499183] init: DM_DEV_STATUS failed for vroot: No such device or address
[   11.499672] init: DM_DEV_STATUS failed for system: No such device or address
[   11.499683] init: DM_DEV_STATUS failed for vroot: No such device or address
[   11.500209] init: DM_DEV_STATUS failed for system: No such device or address
[   11.500221] init: DM_DEV_STATUS failed for vroot: No such device or address
[   11.500708] init: DM_DEV_STATUS failed for system: No such device or address
[   11.500719] init: DM_DEV_STATUS failed for vroot: No such device or address
[   11.501197] init: DM_DEV_STATUS failed for system: No such device or address
[   11.501208] init: DM_DEV_STATUS failed for vroot: No such device or address
[   11.502164] init: DM_DEV_STATUS failed for system: No such device or address
[   11.502179] init: DM_DEV_STATUS failed for vroot: No such device or address
[   11.502848] init: DM_DEV_STATUS failed for system: No such device or address
[   11.502861] init: DM_DEV_STATUS failed for vroot: No such device or address
[   11.503380] init: DM_DEV_STATUS failed for system: No such device or address
[   11.503392] init: DM_DEV_STATUS failed for vroot: No such device or address
[   11.503868] init: DM_DEV_STATUS failed for system: No such device or address
[   11.503880] init: DM_DEV_STATUS failed for vroot: No such device or address
[   11.504375] init: DM_DEV_STATUS failed for system: No such device or address
[   11.504388] init: DM_DEV_STATUS failed for vroot: No such device or address
[   11.504895] init: DM_DEV_STATUS failed for system: No such device or address
[   11.504907] init: DM_DEV_STATUS failed for vroot: No such device or address
[   11.505426] init: DM_DEV_STATUS failed for system: No such device or address
[   11.505437] init: DM_DEV_STATUS failed for vroot: No such device or address
[   11.505922] init: DM_DEV_STATUS failed for system: No such device or address
[   11.505933] init: DM_DEV_STATUS failed for vroot: No such device or address
[   11.506407] init: DM_DEV_STATUS failed for system: No such device or address
[   11.506418] init: DM_DEV_STATUS failed for vroot: No such device or address
[   11.506905] init: DM_DEV_STATUS failed for system: No such device or address
[   11.506916] init: DM_DEV_STATUS failed for vroot: No such device or address
[   11.507389] init: DM_DEV_STATUS failed for system: No such device or address
[   11.507400] init: DM_DEV_STATUS failed for vroot: No such device or address
[   11.507849] init: DM_DEV_STATUS failed for system: No such device or address
[   11.507861] init: DM_DEV_STATUS failed for vroot: No such device or address
[   11.508330] init: DM_DEV_STATUS failed for system: No such device or address
[   11.508343] init: DM_DEV_STATUS failed for vroot: No such device or address
[   11.508812] init: DM_DEV_STATUS failed for system: No such device or address
[   11.508823] init: DM_DEV_STATUS failed for vroot: No such device or address
[   11.509279] init: DM_DEV_STATUS failed for system: No such device or address
[   11.509290] init: DM_DEV_STATUS failed for vroot: No such device or address
[   11.509751] init: DM_DEV_STATUS failed for system: No such device or address
[   11.509762] init: DM_DEV_STATUS failed for vroot: No such device or address
[   11.510232] init: DM_DEV_STATUS failed for system: No such device or address
[   11.510243] init: DM_DEV_STATUS failed for vroot: No such device or address
[   11.510736] init: DM_DEV_STATUS failed for system: No such device or address
[   11.510748] init: DM_DEV_STATUS failed for vroot: No such device or address
[   11.511229] init: DM_DEV_STATUS failed for system: No such device or address
[   11.511241] init: DM_DEV_STATUS failed for vroot: No such device or address
[   11.511718] init: DM_DEV_STATUS failed for system: No such device or address
[   11.511729] init: DM_DEV_STATUS failed for vroot: No such device or address
[   11.512182] init: DM_DEV_STATUS failed for system: No such device or address
[   11.512192] init: DM_DEV_STATUS failed for vroot: No such device or address
[   11.512736] init: DM_DEV_STATUS failed for system: No such device or address
[   11.512748] init: DM_DEV_STATUS failed for vroot: No such device or address
[   11.513244] init: DM_DEV_STATUS failed for system: No such device or address
[   11.513255] init: DM_DEV_STATUS failed for vroot: No such device or address
[   11.513714] init: DM_DEV_STATUS failed for system: No such device or address
[   11.513725] init: DM_DEV_STATUS failed for vroot: No such device or address
[   11.514176] init: DM_DEV_STATUS failed for system: No such device or address
[   11.514186] init: DM_DEV_STATUS failed for vroot: No such device or address
[   11.514646] init: DM_DEV_STATUS failed for system: No such device or address
[   11.514658] init: DM_DEV_STATUS failed for vroot: No such device or address
[   11.515157] init: DM_DEV_STATUS failed for system: No such device or address
[   11.515170] init: DM_DEV_STATUS failed for vroot: No such device or address
[   11.521502] selinux: SELinux: Skipping restorecon on directory(/cache)
[   11.521514] selinux: 
[   11.525030] selinux: SELinux:  setxattr failed: /metadata:  Read-only file system
[   11.525041] selinux: 
[   11.525611] init: Command 'mkdir /metadata/vold' action=post-fs (/system/etc/init/hw/init.rc:608) took 0ms and failed: mkdir() failed on /metadata/vold: Read-only file system
[   11.526250] init: Command 'mkdir /metadata/password_slots 0771 root system' action=post-fs (/system/etc/init/hw/init.rc:610) took 0ms and failed: mkdir() failed on /metadata/password_slots: Read-only file system
[   11.526684] init: Command 'mkdir /metadata/bootstat 0750 system log' action=post-fs (/system/etc/init/hw/init.rc:611) took 0ms and failed: mkdir() failed on /metadata/bootstat: Read-only file system
[   11.527128] init: Command 'mkdir /metadata/ota 0700 root system' action=post-fs (/system/etc/init/hw/init.rc:612) took 0ms and failed: mkdir() failed on /metadata/ota: Read-only file system
[   11.527967] init: Command 'mkdir /metadata/userspacereboot 0770 root system' action=post-fs (/system/etc/init/hw/init.rc:614) took 0ms and failed: mkdir() failed on /metadata/userspacereboot: Read-only file system
[   11.528417] init: Command 'mkdir /metadata/watchdog 0770 root system' action=post-fs (/system/etc/init/hw/init.rc:615) took 0ms and failed: mkdir() failed on /metadata/watchdog: Read-only file system
[   11.528884] init: Command 'mkdir /metadata/apex 0700 root system' action=post-fs (/system/etc/init/hw/init.rc:617) took 0ms and failed: mkdir() failed on /metadata/apex: Read-only file system
[   11.529398] selinux: SELinux:  Could not stat /metadata/apex: No such file or directory.
[   11.529407] selinux: 
[   11.529869] init: Command 'mkdir /metadata/staged-install 0770 root system' action=post-fs (/system/etc/init/hw/init.rc:626) took 0ms and failed: mkdir() failed on /metadata/staged-install: Read-only file system
[   11.530349] init: Command 'mkdir /metadata/sepolicy 0700 root root' action=post-fs (/system/etc/init/hw/init.rc:627) took 0ms and failed: mkdir() failed on /metadata/sepolicy: Read-only file system
[   11.530386] init: processing action (post-fs) from (/vendor/etc/init/hw/init.qcom.rc:58)
[   11.531519] init: processing action (post-fs) from (/vendor/etc/init/hw/init.target.rc:73)
[   11.531864] init: starting service 'vendor.qseecomd'...
[   11.579250] init: Wait for property 'vendor.sys.listeners.registered=true' took 45ms
[   11.579789] init: Command 'write /dev/ipa 1' action=post-fs (/vendor/etc/init/hw/init.target.rc:76) took 0ms and failed: Unable to write to file '/dev/ipa': Unable to write file contents: Invalid argument
[   11.579830] init: processing action (post-fs) from (/system/etc/init/atrace_userdebug.rc:7)
[   11.580094] init: processing action (post-fs) from (/system/etc/init/gsid.rc:8)
[   11.580852] init: Command 'mkdir /metadata/gsi 0771 root system' action=post-fs (/system/etc/init/gsid.rc:9) took 0ms and failed: mkdir() failed on /metadata/gsi: Read-only file system
[   11.582470] init: processing action (late-fs) from (/system/etc/init/hw/init.rc:628)
[   11.583473] init: starting service 'system_suspend'...
[   11.585801] init: starting service 'keystore2'...
[   11.588264] init: starting service 'gatekeeper-1-0'...
[   11.590289] init: service 'keymaster-4-0' requested start, but it is already running (flags: 4)
[   11.590758] init: starting service 'exec 3 (/system/bin/fsverity_init --load-verified-keys)'...
[   11.592309] init: SVC_EXEC service 'exec 3 (/system/bin/fsverity_init --load-verified-keys)' pid 669 (uid 0 gid 0+0 context default) started; waiting...
[   11.602445] init: Service 'exec 3 (/system/bin/fsverity_init --load-verified-keys)' (pid 669) exited with status 255 waiting took 0.010000 seconds
[   11.602471] init: Sending signal 9 to service 'exec 3 (/system/bin/fsverity_init --load-verified-keys)' (pid 669) process group...
[   11.602586] libprocessgroup: Successfully killed process cgroup uid 0 pid 669 in 0ms
[   11.602765] init: processing action (late-fs) from (/system/etc/init/hw/init.rc:649)
[   11.603265] init: processing action (late-fs) from (/vendor/etc/init/android.hardware.power-service.xiaomi-libperfmgr.rc:7)
[   11.603615] binder: 668:668 ioctl 40046210 7fed7cf8e4 returned -22
[   11.603990] init: starting service 'vendor.power-hal-aidl'...
[   11.606167] init: processing action (post-fs-data) from (/system/etc/init/hw/init.rc:663)
[   11.606500] init: starting service 'exec 4 (/system/bin/vdc checkpoint prepareCheckpoint)'...
[   11.607897] init: SVC_EXEC service 'exec 4 (/system/bin/vdc checkpoint prepareCheckpoint)' pid 671 (uid 1000 gid 1000+0 context default) started; waiting...
[   11.610924] binder: 666:666 ioctl 40046210 7ff6935404 returned -22
[   11.611045] binder: 666:666 ioctl 40046210 7ff6935100 returned -22
[   11.618979] binder: 671:671 ioctl 40046210 7fd4d92820 returned -22
[   11.623736] vdc: Waited 0ms for vold
[   11.624873] init: Service 'exec 4 (/system/bin/vdc checkpoint prepareCheckpoint)' (pid 671) exited with status 0 waiting took 0.017000 seconds
[   11.624896] init: Sending signal 9 to service 'exec 4 (/system/bin/vdc checkpoint prepareCheckpoint)' (pid 671) process group...
[   11.625026] libprocessgroup: Successfully killed process cgroup uid 1000 pid 671 in 0ms
[   11.627111] init: starting service 'exec 5 (/system/bin/vdc --wait cryptfs enablefilecrypto)'...
[   11.628489] init: SVC_EXEC service 'exec 5 (/system/bin/vdc --wait cryptfs enablefilecrypto)' pid 674 (uid 0 gid 0+0 context default) started; waiting...
[   11.636746] binder: 670:670 ioctl 40046210 7ff2d36290 returned -22
[   11.643219] binder: 674:674 ioctl 40046210 7fce9b6340 returned -22
[   11.643890] vdc: Waited 0ms for vold
[   11.649785] init: Control message: Could not find 'aidl/android.system.keystore2.IKeystoreService/default' for ctl.interface_start from pid: 615 (/system/bin/servicemanager)
[   11.677917] binder: 667:667 ioctl 40046210 7fce8abb90 returned -22
[   11.685867] binder: 667:667 ioctl 40046210 7fce8ab394 returned -22
[   11.696441] binder: 626:626 ioctl 40046210 7fe7cf27c0 returned -22
[   11.698373] init: Control message: Could not find 'aidl/SurfaceFlinger' for ctl.interface_start from pid: 615 (/system/bin/servicemanager)
[   11.720087] init: Service 'exec 5 (/system/bin/vdc --wait cryptfs enablefilecrypto)' (pid 674) exited with status 0 waiting took 0.092000 seconds
[   11.720108] init: Sending signal 9 to service 'exec 5 (/system/bin/vdc --wait cryptfs enablefilecrypto)' (pid 674) process group...
[   11.720235] libprocessgroup: Successfully killed process cgroup uid 0 pid 674 in 0ms
[   11.721985] init: Verified that /data/bootchart has the encryption policy 2da7ffb638a9049d v1 modes 127/4 flags 0x0
[   11.727201] init: Verified that /data/vendor has the encryption policy 2da7ffb638a9049d v1 modes 127/4 flags 0x0
[   11.727241] init: Not setting encryption policy on: /data/vendor_ce
[   11.727588] init: Not setting encryption policy on: /data/vendor_de
[   11.728734] init: Verified that /data/anr has the encryption policy 2da7ffb638a9049d v1 modes 127/4 flags 0x0
[   11.729910] init: Verified that /data/tombstones has the encryption policy 2da7ffb638a9049d v1 modes 127/4 flags 0x0
[   11.730885] init: starting service 'tombstoned'...
[   11.731231] init: Created socket '/dev/socket/tombstoned_crash', mode 666, user 1000, group 1000
[   11.731466] init: Created socket '/dev/socket/tombstoned_intercept', mode 666, user 1000, group 1000
[   11.731674] init: Created socket '/dev/socket/tombstoned_java_trace', mode 666, user 1000, group 1000
[   11.733570] init: Switched to default mount namespace
[   11.733804] init: Verified that /data/misc has the encryption policy 2da7ffb638a9049d v1 modes 127/4 flags 0x0
[   11.735638] init: starting service 'exec 6 (/system/bin/vdc keymaster earlyBootEnded)'...
[   11.737103] init: SVC_EXEC service 'exec 6 (/system/bin/vdc keymaster earlyBootEnded)' pid 693 (uid 1000 gid 1000+0 context default) started; waiting...
[   11.745804] binder: 693:693 ioctl 40046210 7fd389bbb0 returned -22
[   11.746302] vdc: Waited 0ms for vold
[   11.746839] incfs: IncFs_Features: failed to open features dir, assuming v1/none.: No such file or directory
[   11.774055] vold: keystore2 Keystore earlyBootEnded returned service specific error: -68
[   11.774897] init: Service 'exec 6 (/system/bin/vdc keymaster earlyBootEnded)' (pid 693) exited with status 0 waiting took 0.038000 seconds
[   11.774917] init: Sending signal 9 to service 'exec 6 (/system/bin/vdc keymaster earlyBootEnded)' (pid 693) process group...
[   11.775030] libprocessgroup: Successfully killed process cgroup uid 1000 pid 693 in 0ms
[   11.778015] init: Verified that /data/property has the encryption policy 2da7ffb638a9049d v1 modes 127/4 flags 0x0
[   11.778199] init: Couldn't load property file '/data/local.prop': open() failed: No such file or directory: No such file or directory
[   11.783271] init: Wait for property 'ro.persistent_properties.ready=true' took 5ms
[   11.783362] init: service 'logd' requested start, but it is already running (flags: 4)
[   11.783562] init: starting service 'logd-reinit'...
[   11.785329] init: Not setting encryption policy on: /data/apex
[   11.786373] init: Inferred action different from explicit one, expected 0 but got 2
[   11.786552] init: Verified that /data/apex/decompressed has the encryption policy 2da7ffb638a9049d v1 modes 127/4 flags 0x0
[   11.786637] init: Inferred action different from explicit one, expected 0 but got 3
[   11.787230] init: Verified that /data/app-staging has the encryption policy 2da7ffb638a9049d v1 modes 127/4 flags 0x0
[   11.787279] init: Inferred action different from explicit one, expected 0 but got 2
[   11.787463] init: Verified that /data/apex/ota_reserved has the encryption policy 2da7ffb638a9049d v1 modes 127/4 flags 0x0
[   11.787962] init: starting service 'apexd'...
[   11.798015] logd: logd reinit
[   11.799516] logd: FrameworkListener: read() failed (Connection reset by peer)
[   11.799879] init: Service 'logd-reinit' (pid 696) exited with status 0 oneshot service took 0.015000 seconds in background
[   11.799893] init: Sending signal 9 to service 'logd-reinit' (pid 696) process group...
[   11.800006] libprocessgroup: Successfully killed process cgroup uid 1036 pid 696 in 0ms
[   11.803764] init: Verified that /data/local has the encryption policy 2da7ffb638a9049d v1 modes 127/4 flags 0x0
[   11.804165] apexd: This device does not support updatable APEX. Exiting
[   11.804184] apexd: Marking APEXd as activated
[   11.805544] init: Service 'apexd' (pid 697) exited with status 0 oneshot service took 0.016000 seconds in background
[   11.805559] init: Sending signal 9 to service 'apexd' (pid 697) process group...
[   11.805647] libprocessgroup: Successfully killed process cgroup uid 0 pid 697 in 0ms
[   11.807113] init: starting service 'exec 7 (/bin/rm -rf /data/misc/virtualizationservice)'...
[   11.808463] init: SVC_EXEC service 'exec 7 (/bin/rm -rf /data/misc/virtualizationservice)' pid 698 (uid 1081 gid 1000+0 context default) started; waiting...
[   11.820512] init: Service 'exec 7 (/bin/rm -rf /data/misc/virtualizationservice)' (pid 698) exited with status 1 waiting took 0.012000 seconds
[   11.820530] init: Sending signal 9 to service 'exec 7 (/bin/rm -rf /data/misc/virtualizationservice)' (pid 698) process group...
[   11.820621] libprocessgroup: Successfully killed process cgroup uid 1081 pid 698 in 0ms
[   11.820836] init: Not setting encryption policy on: /data/preloads
[   11.821779] init: Not setting encryption policy on: /data/data
[   11.823775] init: Verified that /data/app-private has the encryption policy 2da7ffb638a9049d v1 modes 127/4 flags 0x0
[   11.824192] init: Verified that /data/app-ephemeral has the encryption policy 2da7ffb638a9049d v1 modes 127/4 flags 0x0
[   11.824654] init: Verified that /data/app-asec has the encryption policy 2da7ffb638a9049d v1 modes 127/4 flags 0x0
[   11.825052] init: Verified that /data/app-lib has the encryption policy 2da7ffb638a9049d v1 modes 127/4 flags 0x0
[   11.827224] init: Verified that /data/app has the encryption policy 2da7ffb638a9049d v1 modes 127/4 flags 0x0
[   11.827277] init: Inferred action different from explicit one, expected 0 but got 2
[   11.827675] init: Verified that /data/fonts/ has the encryption policy 2da7ffb638a9049d v1 modes 127/4 flags 0x0
[   11.830405] init: Verified that /data/dalvik-cache has the encryption policy 2da7ffb638a9049d v1 modes 127/4 flags 0x0
[   11.830915] init: Verified that /data/ota has the encryption policy 2da7ffb638a9049d v1 modes 127/4 flags 0x0
[   11.831388] init: Verified that /data/ota_package has the encryption policy 2da7ffb638a9049d v1 modes 127/4 flags 0x0
[   11.833035] init: Verified that /data/resource-cache has the encryption policy 2da7ffb638a9049d v1 modes 127/4 flags 0x0
[   11.833183] init: Not setting encryption policy on: /data/lost+found
[   11.834576] init: Verified that /data/drm has the encryption policy 2da7ffb638a9049d v1 modes 127/4 flags 0x0
[   11.834973] init: Verified that /data/mediadrm has the encryption policy 2da7ffb638a9049d v1 modes 127/4 flags 0x0
[   11.835423] init: Verified that /data/nfc has the encryption policy 2da7ffb638a9049d v1 modes 127/4 flags 0x0
[   11.836666] init: Verified that /data/backup has the encryption policy 2da7ffb638a9049d v1 modes 127/4 flags 0x0
[   11.837024] init: Verified that /data/ss has the encryption policy 2da7ffb638a9049d v1 modes 127/4 flags 0x0
[   11.837126] init: Verified that /data/system has the encryption policy 2da7ffb638a9049d v1 modes 127/4 flags 0x0
[   11.838745] init: Not setting encryption policy on: /data/system_de
[   11.839274] init: Not setting encryption policy on: /data/system_ce
[   11.839934] init: Not setting encryption policy on: /data/misc_de
[   11.841017] init: Not setting encryption policy on: /data/misc_ce
[   11.841627] init: Not setting encryption policy on: /data/user
[   11.841886] init: Not setting encryption policy on: /data/user_de
[   11.843842] init: Command 'rm /data/user/0' action=post-fs-data (/system/etc/init/hw/init.rc:919) took 0ms and failed: unlink() failed: Is a directory
[   11.844189] init: DM_DEV_STATUS failed for system: No such device or address
[   11.844207] init: DM_DEV_STATUS failed for vroot: No such device or address
[   11.845496] init: DM_DEV_STATUS failed for system: No such device or address
[   11.845512] init: DM_DEV_STATUS failed for vroot: No such device or address
[   11.846297] init: DM_DEV_STATUS failed for system: No such device or address
[   11.846313] init: DM_DEV_STATUS failed for vroot: No such device or address
[   11.847059] init: DM_DEV_STATUS failed for system: No such device or address
[   11.847076] init: DM_DEV_STATUS failed for vroot: No such device or address
[   11.847829] init: DM_DEV_STATUS failed for system: No such device or address
[   11.847846] init: DM_DEV_STATUS failed for vroot: No such device or address
[   11.848587] init: DM_DEV_STATUS failed for system: No such device or address
[   11.848605] init: DM_DEV_STATUS failed for vroot: No such device or address
[   11.849419] init: DM_DEV_STATUS failed for system: No such device or address
[   11.849436] init: DM_DEV_STATUS failed for vroot: No such device or address
[   11.850225] init: DM_DEV_STATUS failed for system: No such device or address
[   11.850243] init: DM_DEV_STATUS failed for vroot: No such device or address
[   11.850989] init: DM_DEV_STATUS failed for system: No such device or address
[   11.851006] init: DM_DEV_STATUS failed for vroot: No such device or address
[   11.851764] init: DM_DEV_STATUS failed for system: No such device or address
[   11.851781] init: DM_DEV_STATUS failed for vroot: No such device or address
[   11.852522] init: DM_DEV_STATUS failed for system: No such device or address
[   11.852539] init: DM_DEV_STATUS failed for vroot: No such device or address
[   11.853306] init: DM_DEV_STATUS failed for system: No such device or address
[   11.853324] init: DM_DEV_STATUS failed for vroot: No such device or address
[   11.854071] init: DM_DEV_STATUS failed for system: No such device or address
[   11.854088] init: DM_DEV_STATUS failed for vroot: No such device or address
[   11.854837] init: DM_DEV_STATUS failed for system: No such device or address
[   11.854854] init: DM_DEV_STATUS failed for vroot: No such device or address
[   11.855615] init: DM_DEV_STATUS failed for system: No such device or address
[   11.855633] init: DM_DEV_STATUS failed for vroot: No such device or address
[   11.856374] init: DM_DEV_STATUS failed for system: No such device or address
[   11.856391] init: DM_DEV_STATUS failed for vroot: No such device or address
[   11.857152] init: DM_DEV_STATUS failed for system: No such device or address
[   11.857169] init: DM_DEV_STATUS failed for vroot: No such device or address
[   11.857915] init: DM_DEV_STATUS failed for system: No such device or address
[   11.857932] init: DM_DEV_STATUS failed for vroot: No such device or address
[   11.858687] init: DM_DEV_STATUS failed for system: No such device or address
[   11.858703] init: DM_DEV_STATUS failed for vroot: No such device or address
[   11.859447] init: DM_DEV_STATUS failed for system: No such device or address
[   11.859463] init: DM_DEV_STATUS failed for vroot: No such device or address
[   11.860275] init: DM_DEV_STATUS failed for system: No such device or address
[   11.860288] init: DM_DEV_STATUS failed for vroot: No such device or address
[   11.860830] init: DM_DEV_STATUS failed for system: No such device or address
[   11.860841] init: DM_DEV_STATUS failed for vroot: No such device or address
[   11.861282] init: DM_DEV_STATUS failed for system: No such device or address
[   11.861293] init: DM_DEV_STATUS failed for vroot: No such device or address
[   11.861725] init: DM_DEV_STATUS failed for system: No such device or address
[   11.861736] init: DM_DEV_STATUS failed for vroot: No such device or address
[   11.862160] init: DM_DEV_STATUS failed for system: No such device or address
[   11.862171] init: DM_DEV_STATUS failed for vroot: No such device or address
[   11.862593] init: DM_DEV_STATUS failed for system: No such device or address
[   11.862604] init: DM_DEV_STATUS failed for vroot: No such device or address
[   11.863025] init: DM_DEV_STATUS failed for system: No such device or address
[   11.863035] init: DM_DEV_STATUS failed for vroot: No such device or address
[   11.865270] init: DM_DEV_STATUS failed for system: No such device or address
[   11.865283] init: DM_DEV_STATUS failed for vroot: No such device or address
[   11.865897] init: DM_DEV_STATUS failed for system: No such device or address
[   11.865908] init: DM_DEV_STATUS failed for vroot: No such device or address
[   11.866356] init: DM_DEV_STATUS failed for system: No such device or address
[   11.866367] init: DM_DEV_STATUS failed for vroot: No such device or address
[   11.866798] init: DM_DEV_STATUS failed for system: No such device or address
[   11.866809] init: DM_DEV_STATUS failed for vroot: No such device or address
[   11.867237] init: DM_DEV_STATUS failed for system: No such device or address
[   11.867248] init: DM_DEV_STATUS failed for vroot: No such device or address
[   11.867673] init: DM_DEV_STATUS failed for system: No such device or address
[   11.867684] init: DM_DEV_STATUS failed for vroot: No such device or address
[   11.868137] init: DM_DEV_STATUS failed for system: No such device or address
[   11.868148] init: DM_DEV_STATUS failed for vroot: No such device or address
[   11.868570] init: DM_DEV_STATUS failed for system: No such device or address
[   11.868581] init: DM_DEV_STATUS failed for vroot: No such device or address
[   11.869006] init: DM_DEV_STATUS failed for system: No such device or address
[   11.869017] init: DM_DEV_STATUS failed for vroot: No such device or address
[   11.869441] init: DM_DEV_STATUS failed for system: No such device or address
[   11.869452] init: DM_DEV_STATUS failed for vroot: No such device or address
[   11.869872] init: DM_DEV_STATUS failed for system: No such device or address
[   11.869882] init: DM_DEV_STATUS failed for vroot: No such device or address
[   11.870366] init: DM_DEV_STATUS failed for system: No such device or address
[   11.870378] init: DM_DEV_STATUS failed for vroot: No such device or address
[   11.870812] init: DM_DEV_STATUS failed for system: No such device or address
[   11.870823] init: DM_DEV_STATUS failed for vroot: No such device or address
[   11.871247] init: DM_DEV_STATUS failed for system: No such device or address
[   11.871257] init: DM_DEV_STATUS failed for vroot: No such device or address
[   11.871680] init: DM_DEV_STATUS failed for system: No such device or address
[   11.871690] init: DM_DEV_STATUS failed for vroot: No such device or address
[   11.872119] init: DM_DEV_STATUS failed for system: No such device or address
[   11.872130] init: DM_DEV_STATUS failed for vroot: No such device or address
[   11.872553] init: DM_DEV_STATUS failed for system: No such device or address
[   11.872563] init: DM_DEV_STATUS failed for vroot: No such device or address
[   11.872975] init: DM_DEV_STATUS failed for system: No such device or address
[   11.872985] init: DM_DEV_STATUS failed for vroot: No such device or address
[   11.873409] init: DM_DEV_STATUS failed for system: No such device or address
[   11.873419] init: DM_DEV_STATUS failed for vroot: No such device or address
[   11.873833] init: DM_DEV_STATUS failed for system: No such device or address
[   11.873843] init: DM_DEV_STATUS failed for vroot: No such device or address
[   11.874270] init: DM_DEV_STATUS failed for system: No such device or address
[   11.874281] init: DM_DEV_STATUS failed for vroot: No such device or address
[   11.874751] init: DM_DEV_STATUS failed for system: No such device or address
[   11.874761] init: DM_DEV_STATUS failed for vroot: No such device or address
[   11.875191] init: DM_DEV_STATUS failed for system: No such device or address
[   11.875202] init: DM_DEV_STATUS failed for vroot: No such device or address
[   11.875631] init: DM_DEV_STATUS failed for system: No such device or address
[   11.875642] init: DM_DEV_STATUS failed for vroot: No such device or address
[   11.876058] init: DM_DEV_STATUS failed for system: No such device or address
[   11.876069] init: DM_DEV_STATUS failed for vroot: No such device or address
[   11.876502] init: DM_DEV_STATUS failed for system: No such device or address
[   11.876512] init: DM_DEV_STATUS failed for vroot: No such device or address
[   11.876928] init: DM_DEV_STATUS failed for system: No such device or address
[   11.876938] init: DM_DEV_STATUS failed for vroot: No such device or address
[   11.880447] init: DM_DEV_STATUS failed for system: No such device or address
[   11.880461] init: DM_DEV_STATUS failed for vroot: No such device or address
[   11.881079] init: DM_DEV_STATUS failed for system: No such device or address
[   11.881090] init: DM_DEV_STATUS failed for vroot: No such device or address
[   11.881536] init: DM_DEV_STATUS failed for system: No such device or address
[   11.881547] init: DM_DEV_STATUS failed for vroot: No such device or address
[   11.881984] init: DM_DEV_STATUS failed for system: No such device or address
[   11.881994] init: DM_DEV_STATUS failed for vroot: No such device or address
[   11.882412] init: DM_DEV_STATUS failed for system: No such device or address
[   11.882423] init: DM_DEV_STATUS failed for vroot: No such device or address
[   11.882855] init: DM_DEV_STATUS failed for system: No such device or address
[   11.882866] init: DM_DEV_STATUS failed for vroot: No such device or address
[   11.883313] init: DM_DEV_STATUS failed for system: No such device or address
[   11.883323] init: DM_DEV_STATUS failed for vroot: No such device or address
[   11.883746] init: DM_DEV_STATUS failed for system: No such device or address
[   11.883757] init: DM_DEV_STATUS failed for vroot: No such device or address
[   11.884183] init: DM_DEV_STATUS failed for system: No such device or address
[   11.884193] init: DM_DEV_STATUS failed for vroot: No such device or address
[   11.884610] init: DM_DEV_STATUS failed for system: No such device or address
[   11.884620] init: DM_DEV_STATUS failed for vroot: No such device or address
[   11.885052] init: DM_DEV_STATUS failed for system: No such device or address
[   11.885063] init: DM_DEV_STATUS failed for vroot: No such device or address
[   11.885482] init: DM_DEV_STATUS failed for system: No such device or address
[   11.885492] init: DM_DEV_STATUS failed for vroot: No such device or address
[   11.885918] init: DM_DEV_STATUS failed for system: No such device or address
[   11.885928] init: DM_DEV_STATUS failed for vroot: No such device or address
[   11.886350] init: DM_DEV_STATUS failed for system: No such device or address
[   11.886361] init: DM_DEV_STATUS failed for vroot: No such device or address
[   11.886785] init: DM_DEV_STATUS failed for system: No such device or address
[   11.886796] init: DM_DEV_STATUS failed for vroot: No such device or address
[   11.887222] init: DM_DEV_STATUS failed for system: No such device or address
[   11.887233] init: DM_DEV_STATUS failed for vroot: No such device or address
[   11.887649] init: DM_DEV_STATUS failed for system: No such device or address
[   11.887660] init: DM_DEV_STATUS failed for vroot: No such device or address
[   11.888089] init: DM_DEV_STATUS failed for system: No such device or address
[   11.888099] init: DM_DEV_STATUS failed for vroot: No such device or address
[   11.888518] init: DM_DEV_STATUS failed for system: No such device or address
[   11.888528] init: DM_DEV_STATUS failed for vroot: No such device or address
[   11.888945] init: DM_DEV_STATUS failed for system: No such device or address
[   11.888955] init: DM_DEV_STATUS failed for vroot: No such device or address
[   11.889366] init: DM_DEV_STATUS failed for system: No such device or address
[   11.889376] init: DM_DEV_STATUS failed for vroot: No such device or address
[   11.889853] init: DM_DEV_STATUS failed for system: No such device or address
[   11.889863] init: DM_DEV_STATUS failed for vroot: No such device or address
[   11.890330] init: DM_DEV_STATUS failed for system: No such device or address
[   11.890342] init: DM_DEV_STATUS failed for vroot: No such device or address
[   11.890764] init: DM_DEV_STATUS failed for system: No such device or address
[   11.890775] init: DM_DEV_STATUS failed for vroot: No such device or address
[   11.891211] init: DM_DEV_STATUS failed for system: No such device or address
[   11.891222] init: DM_DEV_STATUS failed for vroot: No such device or address
[   11.891640] init: DM_DEV_STATUS failed for system: No such device or address
[   11.891650] init: DM_DEV_STATUS failed for vroot: No such device or address
[   11.892075] init: DM_DEV_STATUS failed for system: No such device or address
[   11.892086] init: DM_DEV_STATUS failed for vroot: No such device or address
[   11.894265] init: DM_DEV_STATUS failed for system: No such device or address
[   11.894278] init: DM_DEV_STATUS failed for vroot: No such device or address
[   11.894892] init: DM_DEV_STATUS failed for system: No such device or address
[   11.894904] init: DM_DEV_STATUS failed for vroot: No such device or address
[   11.895357] init: DM_DEV_STATUS failed for system: No such device or address
[   11.895368] init: DM_DEV_STATUS failed for vroot: No such device or address
[   11.895795] init: DM_DEV_STATUS failed for system: No such device or address
[   11.895806] init: DM_DEV_STATUS failed for vroot: No such device or address
[   11.896241] init: DM_DEV_STATUS failed for system: No such device or address
[   11.896251] init: DM_DEV_STATUS failed for vroot: No such device or address
[   11.896670] init: DM_DEV_STATUS failed for system: No such device or address
[   11.896680] init: DM_DEV_STATUS failed for vroot: No such device or address
[   11.897145] init: DM_DEV_STATUS failed for system: No such device or address
[   11.897156] init: DM_DEV_STATUS failed for vroot: No such device or address
[   11.897588] init: DM_DEV_STATUS failed for system: No such device or address
[   11.897599] init: DM_DEV_STATUS failed for vroot: No such device or address
[   11.898017] init: DM_DEV_STATUS failed for system: No such device or address
[   11.898027] init: DM_DEV_STATUS failed for vroot: No such device or address
[   11.898459] init: DM_DEV_STATUS failed for system: No such device or address
[   11.898469] init: DM_DEV_STATUS failed for vroot: No such device or address
[   11.898880] init: DM_DEV_STATUS failed for system: No such device or address
[   11.898890] init: DM_DEV_STATUS failed for vroot: No such device or address
[   11.899313] init: DM_DEV_STATUS failed for system: No such device or address
[   11.899323] init: DM_DEV_STATUS failed for vroot: No such device or address
[   11.899741] init: DM_DEV_STATUS failed for system: No such device or address
[   11.899751] init: DM_DEV_STATUS failed for vroot: No such device or address
[   11.900201] init: DM_DEV_STATUS failed for system: No such device or address
[   11.900212] init: DM_DEV_STATUS failed for vroot: No such device or address
[   11.900661] init: DM_DEV_STATUS failed for system: No such device or address
[   11.900672] init: DM_DEV_STATUS failed for vroot: No such device or address
[   11.901094] init: DM_DEV_STATUS failed for system: No such device or address
[   11.901105] init: DM_DEV_STATUS failed for vroot: No such device or address
[   11.901536] init: DM_DEV_STATUS failed for system: No such device or address
[   11.901546] init: DM_DEV_STATUS failed for vroot: No such device or address
[   11.901960] init: DM_DEV_STATUS failed for system: No such device or address
[   11.901970] init: DM_DEV_STATUS failed for vroot: No such device or address
[   11.902401] init: DM_DEV_STATUS failed for system: No such device or address
[   11.902412] init: DM_DEV_STATUS failed for vroot: No such device or address
[   11.902831] init: DM_DEV_STATUS failed for system: No such device or address
[   11.902843] init: DM_DEV_STATUS failed for vroot: No such device or address
[   11.903264] init: DM_DEV_STATUS failed for system: No such device or address
[   11.903275] init: DM_DEV_STATUS failed for vroot: No such device or address
[   11.903755] init: DM_DEV_STATUS failed for system: No such device or address
[   11.903765] init: DM_DEV_STATUS failed for vroot: No such device or address
[   11.904181] init: DM_DEV_STATUS failed for system: No such device or address
[   11.904192] init: DM_DEV_STATUS failed for vroot: No such device or address
[   11.904627] init: DM_DEV_STATUS failed for system: No such device or address
[   11.904638] init: DM_DEV_STATUS failed for vroot: No such device or address
[   11.905058] init: DM_DEV_STATUS failed for system: No such device or address
[   11.905068] init: DM_DEV_STATUS failed for vroot: No such device or address
[   11.905494] init: DM_DEV_STATUS failed for system: No such device or address
[   11.905505] init: DM_DEV_STATUS failed for vroot: No such device or address
[   11.905922] init: DM_DEV_STATUS failed for system: No such device or address
[   11.905932] init: DM_DEV_STATUS failed for vroot: No such device or address
[   11.907584] init: DM_DEV_STATUS failed for system: No such device or address
[   11.907597] init: DM_DEV_STATUS failed for vroot: No such device or address
[   11.908213] init: DM_DEV_STATUS failed for system: No such device or address
[   11.908225] init: DM_DEV_STATUS failed for vroot: No such device or address
[   11.908664] init: DM_DEV_STATUS failed for system: No such device or address
[   11.908675] init: DM_DEV_STATUS failed for vroot: No such device or address
[   11.909108] init: DM_DEV_STATUS failed for system: No such device or address
[   11.909119] init: DM_DEV_STATUS failed for vroot: No such device or address
[   11.909539] init: DM_DEV_STATUS failed for system: No such device or address
[   11.909550] init: DM_DEV_STATUS failed for vroot: No such device or address
[   11.909980] init: DM_DEV_STATUS failed for system: No such device or address
[   11.909990] init: DM_DEV_STATUS failed for vroot: No such device or address
[   11.910484] init: DM_DEV_STATUS failed for system: No such device or address
[   11.910495] init: DM_DEV_STATUS failed for vroot: No such device or address
[   11.910922] init: DM_DEV_STATUS failed for system: No such device or address
[   11.910932] init: DM_DEV_STATUS failed for vroot: No such device or address
[   11.911365] init: DM_DEV_STATUS failed for system: No such device or address
[   11.911376] init: DM_DEV_STATUS failed for vroot: No such device or address
[   11.911803] init: DM_DEV_STATUS failed for system: No such device or address
[   11.911814] init: DM_DEV_STATUS failed for vroot: No such device or address
[   11.912243] init: DM_DEV_STATUS failed for system: No such device or address
[   11.912253] init: DM_DEV_STATUS failed for vroot: No such device or address
[   11.912672] init: DM_DEV_STATUS failed for system: No such device or address
[   11.912683] init: DM_DEV_STATUS failed for vroot: No such device or address
[   11.913114] init: DM_DEV_STATUS failed for system: No such device or address
[   11.913125] init: DM_DEV_STATUS failed for vroot: No such device or address
[   11.913553] init: DM_DEV_STATUS failed for system: No such device or address
[   11.913564] init: DM_DEV_STATUS failed for vroot: No such device or address
[   11.913979] init: DM_DEV_STATUS failed for system: No such device or address
[   11.913989] init: DM_DEV_STATUS failed for vroot: No such device or address
[   11.914413] init: DM_DEV_STATUS failed for system: No such device or address
[   11.914423] init: DM_DEV_STATUS failed for vroot: No such device or address
[   11.914835] init: DM_DEV_STATUS failed for system: No such device or address
[   11.914846] init: DM_DEV_STATUS failed for vroot: No such device or address
[   11.915271] init: DM_DEV_STATUS failed for system: No such device or address
[   11.915282] init: DM_DEV_STATUS failed for vroot: No such device or address
[   11.915698] init: DM_DEV_STATUS failed for system: No such device or address
[   11.915709] init: DM_DEV_STATUS failed for vroot: No such device or address
[   11.916137] init: DM_DEV_STATUS failed for system: No such device or address
[   11.916148] init: DM_DEV_STATUS failed for vroot: No such device or address
[   11.916572] init: DM_DEV_STATUS failed for system: No such device or address
[   11.916583] init: DM_DEV_STATUS failed for vroot: No such device or address
[   11.917051] init: DM_DEV_STATUS failed for system: No such device or address
[   11.917061] init: DM_DEV_STATUS failed for vroot: No such device or address
[   11.917497] init: DM_DEV_STATUS failed for system: No such device or address
[   11.917507] init: DM_DEV_STATUS failed for vroot: No such device or address
[   11.917930] init: DM_DEV_STATUS failed for system: No such device or address
[   11.917940] init: DM_DEV_STATUS failed for vroot: No such device or address
[   11.918371] init: DM_DEV_STATUS failed for system: No such device or address
[   11.918382] init: DM_DEV_STATUS failed for vroot: No such device or address
[   11.918792] init: DM_DEV_STATUS failed for system: No such device or address
[   11.918803] init: DM_DEV_STATUS failed for vroot: No such device or address
[   11.919226] init: DM_DEV_STATUS failed for system: No such device or address
[   11.919236] init: DM_DEV_STATUS failed for vroot: No such device or address
[   11.920412] ueventd: firmware: loading 'adsp.mdt' for '/devices/soc/15700000.qcom,lpass/firmware/adsp.mdt'
[   11.921168] init: DM_DEV_STATUS failed for system: No such device or address
[   11.921182] init: DM_DEV_STATUS failed for vroot: No such device or address
[   11.921829] init: DM_DEV_STATUS failed for system: No such device or address
[   11.921841] init: DM_DEV_STATUS failed for vroot: No such device or address
[   11.922350] init: DM_DEV_STATUS failed for system: No such device or address
[   11.922361] init: DM_DEV_STATUS failed for vroot: No such device or address
[   11.922797] init: DM_DEV_STATUS failed for system: No such device or address
[   11.922808] init: DM_DEV_STATUS failed for vroot: No such device or address
[   11.923299] init: DM_DEV_STATUS failed for system: No such device or address
[   11.923310] init: DM_DEV_STATUS failed for vroot: No such device or address
[   11.923740] init: DM_DEV_STATUS failed for system: No such device or address
[   11.923752] init: DM_DEV_STATUS failed for vroot: No such device or address
[   11.924277] init: DM_DEV_STATUS failed for system: No such device or address
[   11.924287] init: DM_DEV_STATUS failed for vroot: No such device or address
[   11.924728] init: DM_DEV_STATUS failed for system: No such device or address
[   11.924738] init: DM_DEV_STATUS failed for vroot: No such device or address
[   11.925178] init: DM_DEV_STATUS failed for system: No such device or address
[   11.925189] init: DM_DEV_STATUS failed for vroot: No such device or address
[   11.925413] ueventd: loading /devices/soc/15700000.qcom,lpass/firmware/adsp.mdt took 5ms
[   11.925421] subsys-pil-tz 15700000.qcom,lpass: adsp: loading from 0x0000000092a00000 to 0x0000000094800000
[   11.925686] init: DM_DEV_STATUS failed for system: No such device or address
[   11.925699] init: DM_DEV_STATUS failed for vroot: No such device or address
[   11.925965] ueventd: firmware: loading 'a530_pm4.fw' for '/devices/soc/5000000.qcom,kgsl-3d0/kgsl/kgsl-3d0/a530_pm4.fw'
[   11.926207] init: DM_DEV_STATUS failed for system: No such device or address
[   11.926218] init: DM_DEV_STATUS failed for vroot: No such device or address
[   11.926816] ueventd: loading /devices/soc/5000000.qcom,kgsl-3d0/kgsl/kgsl-3d0/a530_pm4.fw took 0ms
[   11.926827] init: DM_DEV_STATUS failed for system: No such device or address
[   11.926838] init: DM_DEV_STATUS failed for vroot: No such device or address
[   11.927434] init: DM_DEV_STATUS failed for system: No such device or address
[   11.927447] init: DM_DEV_STATUS failed for vroot: No such device or address
[   11.927937] init: DM_DEV_STATUS failed for system: No such device or address
[   11.927948] init: DM_DEV_STATUS failed for vroot: No such device or address
[   11.928428] init: DM_DEV_STATUS failed for system: No such device or address
[   11.928438] init: DM_DEV_STATUS failed for vroot: No such device or address
[   11.928878] init: DM_DEV_STATUS failed for system: No such device or address
[   11.928888] init: DM_DEV_STATUS failed for vroot: No such device or address
[   11.929363] init: DM_DEV_STATUS failed for system: No such device or address
[   11.929373] init: DM_DEV_STATUS failed for vroot: No such device or address
[   11.929815] init: DM_DEV_STATUS failed for system: No such device or address
[   11.929825] init: DM_DEV_STATUS failed for vroot: No such device or address
[   11.930345] init: DM_DEV_STATUS failed for system: No such device or address
[   11.930356] init: DM_DEV_STATUS failed for vroot: No such device or address
[   11.930823] init: DM_DEV_STATUS failed for system: No such device or address
[   11.930834] init: DM_DEV_STATUS failed for vroot: No such device or address
[   11.931196] ueventd: firmware: loading 'a530_pfp.fw' for '/devices/soc/5000000.qcom,kgsl-3d0/kgsl/kgsl-3d0/a530_pfp.fw'
[   11.931310] init: DM_DEV_STATUS failed for system: No such device or address
[   11.931321] init: DM_DEV_STATUS failed for vroot: No such device or address
[   11.931820] init: DM_DEV_STATUS failed for system: No such device or address
[   11.931830] init: DM_DEV_STATUS failed for vroot: No such device or address
[   11.931902] ueventd: loading /devices/soc/5000000.qcom,kgsl-3d0/kgsl/kgsl-3d0/a530_pfp.fw took 0ms
[   11.932300] init: DM_DEV_STATUS failed for system: No such device or address
[   11.932311] init: DM_DEV_STATUS failed for vroot: No such device or address
[   11.932775] init: DM_DEV_STATUS failed for system: No such device or address
[   11.932785] init: DM_DEV_STATUS failed for vroot: No such device or address
[   11.933200] init: DM_DEV_STATUS failed for system: No such device or address
[   11.933210] init: DM_DEV_STATUS failed for vroot: No such device or address
[   11.933633] init: DM_DEV_STATUS failed for system: No such device or address
[   11.933643] init: DM_DEV_STATUS failed for vroot: No such device or address
[   11.934054] init: DM_DEV_STATUS failed for system: No such device or address
[   11.934064] init: DM_DEV_STATUS failed for vroot: No such device or address
[   11.936412] init: DM_DEV_STATUS failed for system: No such device or address
[   11.936425] init: DM_DEV_STATUS failed for vroot: No such device or address
[   11.937150] init: DM_DEV_STATUS failed for system: No such device or address
[   11.937163] init: DM_DEV_STATUS failed for vroot: No such device or address
[   11.937676] init: DM_DEV_STATUS failed for system: No such device or address
[   11.937688] init: DM_DEV_STATUS failed for vroot: No such device or address
[   11.938139] init: DM_DEV_STATUS failed for system: No such device or address
[   11.938150] init: DM_DEV_STATUS failed for vroot: No such device or address
[   11.938602] init: DM_DEV_STATUS failed for system: No such device or address
[   11.938613] init: DM_DEV_STATUS failed for vroot: No such device or address
[   11.939082] init: DM_DEV_STATUS failed for system: No such device or address
[   11.939093] init: DM_DEV_STATUS failed for vroot: No such device or address
[   11.939181] ueventd: firmware: loading 'a512_zap.mdt' for '/devices/soc/soc:qcom,kgsl-hyp/firmware/a512_zap.mdt'
[   11.939750] init: DM_DEV_STATUS failed for system: No such device or address
[   11.939762] init: DM_DEV_STATUS failed for vroot: No such device or address
[   11.939917] ueventd: loading /devices/soc/soc:qcom,kgsl-hyp/firmware/a512_zap.mdt took 0ms
[   11.940466] init: DM_DEV_STATUS failed for system: No such device or address
[   11.940481] init: DM_DEV_STATUS failed for vroot: No such device or address
[   11.941103] init: DM_DEV_STATUS failed for system: No such device or address
[   11.941124] init: DM_DEV_STATUS failed for vroot: No such device or address
[   11.941703] ueventd: firmware: loading 'adsp.b02' for '/devices/soc/15700000.qcom,lpass/firmware/adsp.b02'
[   11.941747] alloc_contig_range: [fd700, fd800) PFNs busy
[   11.941750] init: DM_DEV_STATUS failed for system: No such device or address
[   11.941758] init: DM_DEV_STATUS failed for vroot: No such device or address
[   11.942198] subsys-pil-tz soc:qcom,kgsl-hyp: a512_zap: loading from 0x00000000fd800000 to 0x00000000fd802000
[   11.942356] init: DM_DEV_STATUS failed for system: No such device or address
[   11.942366] init: DM_DEV_STATUS failed for vroot: No such device or address
[   11.942740] ueventd: loading /devices/soc/15700000.qcom,lpass/firmware/adsp.b02 took 1ms
[   11.942803] init: DM_DEV_STATUS failed for system: No such device or address
[   11.942813] init: DM_DEV_STATUS failed for vroot: No such device or address
[   11.943388] init: DM_DEV_STATUS failed for system: No such device or address
[   11.943401] init: DM_DEV_STATUS failed for vroot: No such device or address
[   11.943935] init: DM_DEV_STATUS failed for system: No such device or address
[   11.943946] init: DM_DEV_STATUS failed for vroot: No such device or address
[   11.944410] init: DM_DEV_STATUS failed for system: No such device or address
[   11.944420] init: DM_DEV_STATUS failed for vroot: No such device or address
[   11.944888] init: DM_DEV_STATUS failed for system: No such device or address
[   11.944900] init: DM_DEV_STATUS failed for vroot: No such device or address
[   11.945357] ueventd: firmware: loading 'adsp.b03' for '/devices/soc/15700000.qcom,lpass/firmware/adsp.b03'
[   11.945383] init: DM_DEV_STATUS failed for system: No such device or address
[   11.945393] init: DM_DEV_STATUS failed for vroot: No such device or address
[   11.945883] init: DM_DEV_STATUS failed for system: No such device or address
[   11.945893] init: DM_DEV_STATUS failed for vroot: No such device or address
[   11.946329] init: DM_DEV_STATUS failed for system: No such device or address
[   11.946340] init: DM_DEV_STATUS failed for vroot: No such device or address
[   11.946774] init: DM_DEV_STATUS failed for system: No such device or address
[   11.946784] init: DM_DEV_STATUS failed for vroot: No such device or address
[   11.947199] init: DM_DEV_STATUS failed for system: No such device or address
[   11.947209] init: DM_DEV_STATUS failed for vroot: No such device or address
[   11.947242] ueventd: loading /devices/soc/15700000.qcom,lpass/firmware/adsp.b03 took 1ms
[   11.947774] init: DM_DEV_STATUS failed for system: No such device or address
[   11.947787] init: DM_DEV_STATUS failed for vroot: No such device or address
[   11.948327] init: DM_DEV_STATUS failed for system: No such device or address
[   11.948339] init: DM_DEV_STATUS failed for vroot: No such device or address
[   11.948793] init: DM_DEV_STATUS failed for system: No such device or address
[   11.948804] init: DM_DEV_STATUS failed for vroot: No such device or address
[   11.949267] init: DM_DEV_STATUS failed for system: No such device or address
[   11.949278] init: DM_DEV_STATUS failed for vroot: No such device or address
[   11.949749] ueventd: firmware: loading 'adsp.b04' for '/devices/soc/15700000.qcom,lpass/firmware/adsp.b04'
[   11.949750] init: DM_DEV_STATUS failed for system: No such device or address
[   11.949757] init: DM_DEV_STATUS failed for vroot: No such device or address
[   11.950371] init: DM_DEV_STATUS failed for system: No such device or address
[   11.950383] init: DM_DEV_STATUS failed for vroot: No such device or address
[   11.952729] init: DM_DEV_STATUS failed for system: No such device or address
[   11.952742] init: DM_DEV_STATUS failed for vroot: No such device or address
[   11.953434] init: DM_DEV_STATUS failed for system: No such device or address
[   11.953445] init: DM_DEV_STATUS failed for vroot: No such device or address
[   11.953913] init: DM_DEV_STATUS failed for system: No such device or address
[   11.953923] init: DM_DEV_STATUS failed for vroot: No such device or address
[   11.954448] init: DM_DEV_STATUS failed for system: No such device or address
[   11.954461] init: DM_DEV_STATUS failed for vroot: No such device or address
[   11.954961] init: DM_DEV_STATUS failed for system: No such device or address
[   11.954973] init: DM_DEV_STATUS failed for vroot: No such device or address
[   11.955506] init: DM_DEV_STATUS failed for system: No such device or address
[   11.955518] init: DM_DEV_STATUS failed for vroot: No such device or address
[   11.956074] init: DM_DEV_STATUS failed for system: No such device or address
[   11.956086] init: DM_DEV_STATUS failed for vroot: No such device or address
[   11.956438] ueventd: firmware: loading 'a512_zap.b02' for '/devices/soc/soc:qcom,kgsl-hyp/firmware/a512_zap.b02'
[   11.956580] init: DM_DEV_STATUS failed for system: No such device or address
[   11.956591] init: DM_DEV_STATUS failed for vroot: No such device or address
[   11.957022] init: DM_DEV_STATUS failed for system: No such device or address
[   11.957033] init: DM_DEV_STATUS failed for vroot: No such device or address
[   11.957464] init: DM_DEV_STATUS failed for system: No such device or address
[   11.957475] init: DM_DEV_STATUS failed for vroot: No such device or address
[   11.957907] init: DM_DEV_STATUS failed for system: No such device or address
[   11.957917] init: DM_DEV_STATUS failed for vroot: No such device or address
[   11.958330] init: DM_DEV_STATUS failed for system: No such device or address
[   11.958339] init: DM_DEV_STATUS failed for vroot: No such device or address
[   11.958755] init: DM_DEV_STATUS failed for system: No such device or address
[   11.958765] init: DM_DEV_STATUS failed for vroot: No such device or address
[   11.959181] init: DM_DEV_STATUS failed for system: No such device or address
[   11.959190] init: DM_DEV_STATUS failed for vroot: No such device or address
[   11.959599] init: DM_DEV_STATUS failed for system: No such device or address
[   11.959609] init: DM_DEV_STATUS failed for vroot: No such device or address
[   11.960126] init: DM_DEV_STATUS failed for system: No such device or address
[   11.960137] init: DM_DEV_STATUS failed for vroot: No such device or address
[   11.960199] ueventd: loading /devices/soc/soc:qcom,kgsl-hyp/firmware/a512_zap.b02 took 3ms
[   11.960685] init: DM_DEV_STATUS failed for system: No such device or address
[   11.960697] init: DM_DEV_STATUS failed for vroot: No such device or address
[   11.961158] init: DM_DEV_STATUS failed for system: No such device or address
[   11.961168] init: DM_DEV_STATUS failed for vroot: No such device or address
[   11.961602] init: DM_DEV_STATUS failed for system: No such device or address
[   11.961613] init: DM_DEV_STATUS failed for vroot: No such device or address
[   11.962052] init: DM_DEV_STATUS failed for system: No such device or address
[   11.962063] init: DM_DEV_STATUS failed for vroot: No such device or address
[   11.962488] init: DM_DEV_STATUS failed for system: No such device or address
[   11.962498] init: DM_DEV_STATUS failed for vroot: No such device or address
[   11.962755] ueventd: loading /devices/soc/15700000.qcom,lpass/firmware/adsp.b04 took 13ms
[   11.963008] init: DM_DEV_STATUS failed for system: No such device or address
[   11.963019] init: DM_DEV_STATUS failed for vroot: No such device or address
[   11.963564] init: DM_DEV_STATUS failed for system: No such device or address
[   11.963576] init: DM_DEV_STATUS failed for vroot: No such device or address
[   11.964058] init: DM_DEV_STATUS failed for system: No such device or address
[   11.964069] init: DM_DEV_STATUS failed for vroot: No such device or address
[   11.964180] subsys-pil-tz soc:qcom,kgsl-hyp: a512_zap: Brought out of reset
[   11.964530] devfreq soc:qcom,kgsl-busmon: Couldn't update frequency transition information.
[   11.964548] init: DM_DEV_STATUS failed for system: No such device or address
[   11.964559] init: DM_DEV_STATUS failed for vroot: No such device or address
[   11.965053] init: DM_DEV_STATUS failed for system: No such device or address
[   11.965064] init: DM_DEV_STATUS failed for vroot: No such device or address
[   11.965122] ueventd: firmware: loading 'adsp.b05' for '/devices/soc/15700000.qcom,lpass/firmware/adsp.b05'
[   11.965575] init: DM_DEV_STATUS failed for system: No such device or address
[   11.965586] init: DM_DEV_STATUS failed for vroot: No such device or address
[   11.969153] init: Verified that /data/cache has the encryption policy 2da7ffb638a9049d v1 modes 127/4 flags 0x0
[   11.973938] init: Verified that /data/rollback has the encryption policy 2da7ffb638a9049d v1 modes 127/4 flags 0x0
[   11.975131] init: Verified that /data/rollback-observer has the encryption policy 2da7ffb638a9049d v1 modes 127/4 flags 0x0
[   11.975171] init: Inferred action different from explicit one, expected 2 but got 3
[   11.975490] init: Verified that /data/rollback-history has the encryption policy 2da7ffb638a9049d v1 modes 127/4 flags 0x0
[   11.975920] init: Verified that /data/incremental has the encryption policy 2da7ffb638a9049d v1 modes 127/4 flags 0x0
[   11.976308] init: start_waiting_for_property("apexd.status", "activated"): already set
[   11.976477] ueventd: loading /devices/soc/15700000.qcom,lpass/firmware/adsp.b05 took 11ms
[   11.978928] init: Parsing file /apex/com.android.adbd/etc/init.rc...
[   11.980765] init: Parsing file /apex/com.android.art/etc/init.rc...
[   11.981071] init: Parsing file /apex/com.android.media.swcodec/etc/mediaswcodec.32rc...
[   11.981472] init: Parsing file /apex/com.android.media/etc/mediatranscoding.32rc...
[   11.981775] init: Parsing file /apex/com.android.os.statsd/etc/init.rc...
[   11.982054] init: Parsing file /apex/com.android.sdkext/etc/derive_classpath.rc...
[   11.982351] init: Parsing file /apex/com.android.sdkext/etc/derive_sdk.rc...
[   12.000343] ueventd: firmware: loading 'adsp.b06' for '/devices/soc/15700000.qcom,lpass/firmware/adsp.b06'
[   12.001912] ueventd: loading /devices/soc/15700000.qcom,lpass/firmware/adsp.b06 took 1ms
[   12.004732] ueventd: firmware: loading 'adsp.b07' for '/devices/soc/15700000.qcom,lpass/firmware/adsp.b07'
[   12.006332] ueventd: loading /devices/soc/15700000.qcom,lpass/firmware/adsp.b07 took 1ms
[   12.008847] ueventd: firmware: loading 'adsp.b08' for '/devices/soc/15700000.qcom,lpass/firmware/adsp.b08'
[   12.009648] init: linkerconfig generated /linkerconfig with mounted APEX modules info
[   12.010223] init: starting service 'vendor.hwcomposer-2-1'...
[   12.010425] ueventd: loading /devices/soc/15700000.qcom,lpass/firmware/adsp.b08 took 1ms
[   12.012029] init: Control message: Processed ctl.interface_start for 'android.hardware.graphics.composer@2.1::IComposer/default' from pid: 616 (/system/bin/hwservicemanager)
[   12.012215] init: Not setting encryption policy on: /data/media
[   12.013968] init: service 'vendor.hwcomposer-2-1' requested start, but it is already running (flags: 4)
[   12.013987] init: Control message: Processed ctl.interface_start for 'android.hardware.graphics.composer@2.1::IComposer/default' from pid: 616 (/system/bin/hwservicemanager)
[   12.014338] init: starting service 'exec 8 (/system/bin/chattr +F /data/media)'...
[   12.015613] ueventd: firmware: loading 'adsp.b09' for '/devices/soc/15700000.qcom,lpass/firmware/adsp.b09'
[   12.015747] init: SVC_EXEC service 'exec 8 (/system/bin/chattr +F /data/media)' pid 721 (uid 1023 gid 1023+0 context default) started; waiting...
[   12.016745] ueventd: loading /devices/soc/15700000.qcom,lpass/firmware/adsp.b09 took 1ms
[   12.027771] ueventd: firmware: loading 'adsp.b10' for '/devices/soc/15700000.qcom,lpass/firmware/adsp.b10'
[   12.032404] init: Service 'exec 8 (/system/bin/chattr +F /data/media)' (pid 721) exited with status 0 waiting took 0.017000 seconds
[   12.032428] init: Sending signal 9 to service 'exec 8 (/system/bin/chattr +F /data/media)' (pid 721) process group...
[   12.032541] libprocessgroup: Successfully killed process cgroup uid 1023 pid 721 in 0ms
[   12.032620] ueventd: loading /devices/soc/15700000.qcom,lpass/firmware/adsp.b10 took 4ms
[   12.033350] init: Verified that /data/media/obb has the encryption policy 2da7ffb638a9049d v1 modes 127/4 flags 0x0
[   12.033422] init: Inferred action different from explicit one, expected 2 but got 3
[   12.034025] init: Verified that /data/bootanim has the encryption policy 2da7ffb638a9049d v1 modes 127/4 flags 0x0
[   12.034742] init: starting service 'derive_sdk'...
[   12.035230] ueventd: firmware: loading 'adsp.b11' for '/devices/soc/15700000.qcom,lpass/firmware/adsp.b11'
[   12.037881] init: SVC_EXEC service 'derive_sdk' pid 724 (uid 9999 gid 9999+0 context default) started; waiting...
[   12.049959] ueventd: loading /devices/soc/15700000.qcom,lpass/firmware/adsp.b11 took 14ms
[   12.056666] ueventd: firmware: loading 'adsp.b12' for '/devices/soc/15700000.qcom,lpass/firmware/adsp.b12'
[   12.057892] ueventd: loading /devices/soc/15700000.qcom,lpass/firmware/adsp.b12 took 1ms
[   12.059290] binder: 719:719 ioctl 40046210 7fd1aeda70 returned -22
[   12.059742] binder: 719:719 ioctl 40046210 7fd1aedc94 returned -22
[   12.067900] init: Service 'derive_sdk' (pid 724) exited with status 0 waiting took 0.032000 seconds
[   12.067925] init: Sending signal 9 to service 'derive_sdk' (pid 724) process group...
[   12.068040] libprocessgroup: Successfully killed process cgroup uid 9999 pid 724 in 0ms
[   12.068393] ueventd: firmware: loading 'adsp.b13' for '/devices/soc/15700000.qcom,lpass/firmware/adsp.b13'
[   12.068784] init: starting service 'exec 9 (/system/bin/vdc --wait cryptfs init_user0)'...
[   12.070630] init: SVC_EXEC service 'exec 9 (/system/bin/vdc --wait cryptfs init_user0)' pid 729 (uid 0 gid 0+0 context default) started; waiting...
[   12.070747] ueventd: loading /devices/soc/15700000.qcom,lpass/firmware/adsp.b13 took 2ms
[   12.073280] ueventd: firmware: loading 'adsp.b14' for '/devices/soc/15700000.qcom,lpass/firmware/adsp.b14'
[   12.074166] ueventd: loading /devices/soc/15700000.qcom,lpass/firmware/adsp.b14 took 1ms
[   12.077445] ueventd: firmware: loading 'adsp.b15' for '/devices/soc/15700000.qcom,lpass/firmware/adsp.b15'
[   12.079578] ueventd: loading /devices/soc/15700000.qcom,lpass/firmware/adsp.b15 took 2ms
[   12.082335] ueventd: firmware: loading 'adsp.b16' for '/devices/soc/15700000.qcom,lpass/firmware/adsp.b16'
[   12.083953] binder: 729:729 ioctl 40046210 7ffa596060 returned -22
[   12.084893] vdc: Waited 0ms for vold
[   12.084904] ueventd: loading /devices/soc/15700000.qcom,lpass/firmware/adsp.b16 took 2ms
[   12.087490] ueventd: firmware: loading 'adsp.b17' for '/devices/soc/15700000.qcom,lpass/firmware/adsp.b17'
[   12.088413] ueventd: loading /devices/soc/15700000.qcom,lpass/firmware/adsp.b17 took 0ms
[   12.090889] ueventd: firmware: loading 'adsp.b18' for '/devices/soc/15700000.qcom,lpass/firmware/adsp.b18'
[   12.143377] ueventd: loading /devices/soc/15700000.qcom,lpass/firmware/adsp.b18 took 52ms
[   12.145940] ueventd: firmware: loading 'adsp.b19' for '/devices/soc/15700000.qcom,lpass/firmware/adsp.b19'
[   12.151104] ueventd: loading /devices/soc/15700000.qcom,lpass/firmware/adsp.b19 took 5ms
[   12.188831] ueventd: firmware: loading 'adsp.b20' for '/devices/soc/15700000.qcom,lpass/firmware/adsp.b20'
[   12.189818] ueventd: loading /devices/soc/15700000.qcom,lpass/firmware/adsp.b20 took 1ms
[   12.192551] ueventd: firmware: loading 'adsp.b21' for '/devices/soc/15700000.qcom,lpass/firmware/adsp.b21'
[   12.194543] ueventd: loading /devices/soc/15700000.qcom,lpass/firmware/adsp.b21 took 2ms
[   12.200013] mdss_dp_notify_clients: Invalid request NOTIFY_UNKNOWN --> NOTIFY_DISCONNECT
[   12.203507] init: Service 'exec 9 (/system/bin/vdc --wait cryptfs init_user0)' (pid 729) exited with status 0 waiting took 0.133000 seconds
[   12.203535] init: Sending signal 9 to service 'exec 9 (/system/bin/vdc --wait cryptfs init_user0)' (pid 729) process group...
[   12.203722] libprocessgroup: Successfully killed process cgroup uid 0 pid 729 in 0ms
[   12.207478] selinux: SELinux: Skipping restorecon on directory(/data)
[   12.207497] selinux: 
[   12.208257] init: starting service 'derive_classpath'...
[   12.211830] init: SVC_EXEC service 'derive_classpath' pid 743 (uid 1000 gid 1000+1 context default) started; waiting...
[   12.245960] init: Service 'derive_classpath' (pid 743) exited with status 0 waiting took 0.036000 seconds
[   12.245994] init: Sending signal 9 to service 'derive_classpath' (pid 743) process group...
[   12.246130] libprocessgroup: Successfully killed process cgroup uid 1000 pid 743 in 0ms
[   12.247745] init: starting service 'odsign'...
[   12.268696] init: Wait for property 'odsign.key.done=1' took 17ms
[   12.269068] init: starting service 'exec 10 (/system/bin/fsverity_init --lock)'...
[   12.271086] init: SVC_EXEC service 'exec 10 (/system/bin/fsverity_init --lock)' pid 750 (uid 0 gid 0+0 context default) started; waiting...
[   12.271709] init: starting service 'vendor.gralloc-2-0'...
[   12.274213] init: Control message: Processed ctl.interface_start for 'android.hardware.graphics.allocator@2.0::IAllocator/default' from pid: 616 (/system/bin/hwservicemanager)
[   12.274462] init: service 'vendor.gralloc-2-0' requested start, but it is already running (flags: 4)
[   12.274481] init: Control message: Processed ctl.interface_start for 'android.hardware.graphics.allocator@2.0::IAllocator/default' from pid: 616 (/system/bin/hwservicemanager)
[   12.274615] init: Sending signal 9 to service 'odsign' (pid 745) process group...
[   12.279889] libprocessgroup: Successfully killed process cgroup uid 0 pid 745 in 5ms
[   12.280163] init: Control message: Processed ctl.stop for 'odsign' from pid: 745 (/system/bin/odsign)
[   12.280273] init: Service 'odsign' (pid 745) received signal 9
[   12.280547] init: Service 'exec 10 (/system/bin/fsverity_init --lock)' (pid 750) exited with status 255 waiting took 0.010000 seconds
[   12.280559] init: Sending signal 9 to service 'exec 10 (/system/bin/fsverity_init --lock)' (pid 750) process group...
[   12.280614] libprocessgroup: Successfully killed process cgroup uid 0 pid 750 in 0ms
[   12.281078] init: starting service 'apexd-snapshotde'...
[   12.282824] init: SVC_EXEC service 'apexd-snapshotde' pid 752 (uid 0 gid 1000+0 context default) started; waiting...
[   12.284319] binder: 751:751 ioctl 40046210 7fd1d945f4 returned -22
[   12.300438] apexd: This device does not support updatable APEX. Exiting
[   12.300465] apexd: Marking APEXd as ready
[   12.303090] init: Service 'apexd-snapshotde' (pid 752) exited with status 0 waiting took 0.021000 seconds
[   12.303141] init: Sending signal 9 to service 'apexd-snapshotde' (pid 752) process group...
[   12.303415] libprocessgroup: Successfully killed process cgroup uid 0 pid 752 in 0ms
[   12.305352] init: starting service 'exec 11 (/system/bin/tzdatacheck /apex/com.android.tzdata/etc/tz /data/misc/zoneinfo)'...
[   12.306712] init: SVC_EXEC service 'exec 11 (/system/bin/tzdatacheck /apex/com.android.tzdata/etc/tz /data/misc/zoneinfo)' pid 755 (uid 1000 gid 1000+0 context default) started; waiting...
[   12.311234] init: service 'bootanim' requested start, but it is already running (flags: 134)
[   12.311257] init: Control message: Processed ctl.start for 'bootanim' from pid: 625 (/system/bin/surfaceflinger)
[   12.317269] init: Service 'exec 11 (/system/bin/tzdatacheck /apex/com.android.tzdata/etc/tz /data/misc/zoneinfo)' (pid 755) exited with status 0 waiting took 0.010000 seconds
[   12.317288] init: Sending signal 9 to service 'exec 11 (/system/bin/tzdatacheck /apex/com.android.tzdata/etc/tz /data/misc/zoneinfo)' (pid 755) process group...
[   12.317391] libprocessgroup: Successfully killed process cgroup uid 1000 pid 755 in 0ms
[   12.342884] subsys-pil-tz 15700000.qcom,lpass: adsp: Brought out of reset
[   12.354109] init: processing action (post-fs-data) from (/system/etc/init/hw/init.rc:1337)
[   12.354253] init: starting service 'exec 12 (/debug_ramdisk/magisk --post-fs-data)'...
[   12.356400] init: SVC_EXEC service 'exec 12 (/debug_ramdisk/magisk --post-fs-data)' pid 764 (uid 0 gid 0+0 context u:r:magisk:s0) started; waiting...
[   12.360599] subsys-pil-tz 15700000.qcom,lpass: Subsystem error monitoring/handling services are up
[   12.360673] subsys-pil-tz 15700000.qcom,lpass: adsp: Power/Clock ready interrupt received
[   12.360754] apr_tal_link_state_cb: edge[lpass] link state[0]
[   12.363649] sysmon-qmi: sysmon_clnt_svc_arrive: Connection established between QMI handle and adsp's SSCTL service
[   12.367532] diag: In diag_send_feature_mask_update, control channel is not open, p: 1, 0000000000000000
[   12.367548] diag: In diag_send_peripheral_buffering_mode, buffering flag not set for 1
[   12.367647] diag: In diag_send_peripheral_buffering_mode, buffering flag not set for 1
[   12.372533] init: DM_DEV_STATUS failed for system: No such device or address
[   12.372561] init: DM_DEV_STATUS failed for vroot: No such device or address
[   12.374054] init: DM_DEV_STATUS failed for system: No such device or address
[   12.374080] init: DM_DEV_STATUS failed for vroot: No such device or address
[   12.375166] init: DM_DEV_STATUS failed for system: No such device or address
[   12.375185] init: DM_DEV_STATUS failed for vroot: No such device or address
[   12.375981] init: DM_DEV_STATUS failed for system: No such device or address
[   12.375998] init: DM_DEV_STATUS failed for vroot: No such device or address
[   12.376826] init: DM_DEV_STATUS failed for system: No such device or address
[   12.376843] init: DM_DEV_STATUS failed for vroot: No such device or address
[   12.377614] init: DM_DEV_STATUS failed for system: No such device or address
[   12.377633] init: DM_DEV_STATUS failed for vroot: No such device or address
[   12.378623] init: DM_DEV_STATUS failed for system: No such device or address
[   12.378642] init: DM_DEV_STATUS failed for vroot: No such device or address
[   12.379424] init: DM_DEV_STATUS failed for system: No such device or address
[   12.379442] init: DM_DEV_STATUS failed for vroot: No such device or address
[   12.380316] init: DM_DEV_STATUS failed for system: No such device or address
[   12.380333] init: DM_DEV_STATUS failed for vroot: No such device or address
[   12.381149] init: DM_DEV_STATUS failed for system: No such device or address
[   12.381168] init: DM_DEV_STATUS failed for vroot: No such device or address
[   12.382102] init: DM_DEV_STATUS failed for system: No such device or address
[   12.382121] init: DM_DEV_STATUS failed for vroot: No such device or address
[   12.383004] init: DM_DEV_STATUS failed for system: No such device or address
[   12.383023] init: DM_DEV_STATUS failed for vroot: No such device or address
[   12.383835] init: DM_DEV_STATUS failed for system: No such device or address
[   12.383853] init: DM_DEV_STATUS failed for vroot: No such device or address
[   12.384728] init: DM_DEV_STATUS failed for system: No such device or address
[   12.384746] init: DM_DEV_STATUS failed for vroot: No such device or address
[   12.385618] init: DM_DEV_STATUS failed for system: No such device or address
[   12.385636] init: DM_DEV_STATUS failed for vroot: No such device or address
[   12.386475] init: DM_DEV_STATUS failed for system: No such device or address
[   12.386496] init: DM_DEV_STATUS failed for vroot: No such device or address
[   12.387355] init: DM_DEV_STATUS failed for system: No such device or address
[   12.387383] init: DM_DEV_STATUS failed for vroot: No such device or address
[   12.388202] init: DM_DEV_STATUS failed for system: No such device or address
[   12.388221] init: DM_DEV_STATUS failed for vroot: No such device or address
[   12.389051] init: DM_DEV_STATUS failed for system: No such device or address
[   12.389073] init: DM_DEV_STATUS failed for vroot: No such device or address
[   12.389979] init: DM_DEV_STATUS failed for system: No such device or address
[   12.390122] init: DM_DEV_STATUS failed for vroot: No such device or address
[   12.391036] init: DM_DEV_STATUS failed for system: No such device or address
[   12.391058] init: DM_DEV_STATUS failed for vroot: No such device or address
[   12.391925] init: DM_DEV_STATUS failed for system: No such device or address
[   12.391943] init: DM_DEV_STATUS failed for vroot: No such device or address
[   12.392794] init: DM_DEV_STATUS failed for system: No such device or address
[   12.392813] init: DM_DEV_STATUS failed for vroot: No such device or address
[   12.393662] init: DM_DEV_STATUS failed for system: No such device or address
[   12.393681] init: DM_DEV_STATUS failed for vroot: No such device or address
[   12.394515] init: DM_DEV_STATUS failed for system: No such device or address
[   12.394534] init: DM_DEV_STATUS failed for vroot: No such device or address
[   12.395685] init: DM_DEV_STATUS failed for system: No such device or address
[   12.395707] init: DM_DEV_STATUS failed for vroot: No such device or address
[   12.396594] init: DM_DEV_STATUS failed for system: No such device or address
[   12.396614] init: DM_DEV_STATUS failed for vroot: No such device or address
[   12.398295] init: DM_DEV_STATUS failed for system: No such device or address
[   12.398315] init: DM_DEV_STATUS failed for vroot: No such device or address
[   12.399382] init: DM_DEV_STATUS failed for system: No such device or address
[   12.399400] init: DM_DEV_STATUS failed for vroot: No such device or address
[   12.400346] init: DM_DEV_STATUS failed for system: No such device or address
[   12.400361] init: DM_DEV_STATUS failed for vroot: No such device or address
[   12.400897] init: DM_DEV_STATUS failed for system: No such device or address
[   12.400909] init: DM_DEV_STATUS failed for vroot: No such device or address
[   12.401351] init: DM_DEV_STATUS failed for system: No such device or address
[   12.401363] init: DM_DEV_STATUS failed for vroot: No such device or address
[   12.401810] init: DM_DEV_STATUS failed for system: No such device or address
[   12.401821] init: DM_DEV_STATUS failed for vroot: No such device or address
[   12.402257] init: DM_DEV_STATUS failed for system: No such device or address
[   12.402268] init: DM_DEV_STATUS failed for vroot: No such device or address
[   12.402698] init: DM_DEV_STATUS failed for system: No such device or address
[   12.402708] init: DM_DEV_STATUS failed for vroot: No such device or address
[   12.403136] init: DM_DEV_STATUS failed for system: No such device or address
[   12.403146] init: DM_DEV_STATUS failed for vroot: No such device or address
[   12.403557] init: DM_DEV_STATUS failed for system: No such device or address
[   12.403567] init: DM_DEV_STATUS failed for vroot: No such device or address
[   12.404032] init: DM_DEV_STATUS failed for system: No such device or address
[   12.404043] init: DM_DEV_STATUS failed for vroot: No such device or address
[   12.404462] init: DM_DEV_STATUS failed for system: No such device or address
[   12.404472] init: DM_DEV_STATUS failed for vroot: No such device or address
[   12.404893] init: DM_DEV_STATUS failed for system: No such device or address
[   12.404903] init: DM_DEV_STATUS failed for vroot: No such device or address
[   12.405333] init: DM_DEV_STATUS failed for system: No such device or address
[   12.405345] init: DM_DEV_STATUS failed for vroot: No such device or address
[   12.405811] init: DM_DEV_STATUS failed for system: No such device or address
[   12.405822] init: DM_DEV_STATUS failed for vroot: No such device or address
[   12.406398] init: DM_DEV_STATUS failed for system: No such device or address
[   12.406413] init: DM_DEV_STATUS failed for vroot: No such device or address
[   12.406907] init: DM_DEV_STATUS failed for system: No such device or address
[   12.406920] init: DM_DEV_STATUS failed for vroot: No such device or address
[   12.407440] init: DM_DEV_STATUS failed for system: No such device or address
[   12.407453] init: DM_DEV_STATUS failed for vroot: No such device or address
[   12.407917] init: DM_DEV_STATUS failed for system: No such device or address
[   12.407928] init: DM_DEV_STATUS failed for vroot: No such device or address
[   12.408363] init: DM_DEV_STATUS failed for system: No such device or address
[   12.408373] init: DM_DEV_STATUS failed for vroot: No such device or address
[   12.408794] init: DM_DEV_STATUS failed for system: No such device or address
[   12.408804] init: DM_DEV_STATUS failed for vroot: No such device or address
[   12.409339] init: DM_DEV_STATUS failed for system: No such device or address
[   12.409351] init: DM_DEV_STATUS failed for vroot: No such device or address
[   12.409843] init: DM_DEV_STATUS failed for system: No such device or address
[   12.409855] init: DM_DEV_STATUS failed for vroot: No such device or address
[   12.410426] init: DM_DEV_STATUS failed for system: No such device or address
[   12.410442] init: DM_DEV_STATUS failed for vroot: No such device or address
[   12.410935] init: DM_DEV_STATUS failed for system: No such device or address
[   12.410946] init: DM_DEV_STATUS failed for vroot: No such device or address
[   12.411448] init: DM_DEV_STATUS failed for system: No such device or address
[   12.411458] init: DM_DEV_STATUS failed for vroot: No such device or address
[   12.411905] init: DM_DEV_STATUS failed for system: No such device or address
[   12.411915] init: DM_DEV_STATUS failed for vroot: No such device or address
[   12.461341] apr_tal_notify_state: Channel state[0]
[   12.467428] aprv2_core_fn_q: Invalid cmd rsp[0x1290c][0x16] opcode 69864
[   12.504521] sps:BAM 0x0000000015204000 (va:0x0000000000000000) enabled: ver:0x19, number of pipes:13
[   12.504593] sps:BAM 0x0000000015204000 is registered.
[   12.512247] binder: 626:771 ioctl 40046210 75f5c96ef4 returned -22
[   12.560068] pmic_analog_codec 800f000.qcom,spmi:qcom,pm660l@3:analog-codec@f000: Adsp is not loaded yet 2
[   12.563999] pri_i2s_gpio_init:enter.
[   12.564325] sdm660-asoc-snd soc:sound: msm_internal_init: default codec configured
[   12.569897] sdm660-asoc-snd soc:sound: ASoC: CODEC DAI msm_dig_cdc_dai_rx1 not registered
[   12.571599] msm_cdc_pinctrl_get_gpiodata: device node is null
[   12.575666] pri_i2s_gpio_init:enter.
[   12.576110] sdm660-asoc-snd soc:sound: msm_internal_init: default codec configured
[   12.593255] msm-pcm-routing soc:qcom,msm-pcm-routing: ASoC: no sink widget found for MM_UL28
[   12.593266] msm-pcm-routing soc:qcom,msm-pcm-routing: ASoC: Failed to add route MultiMedia28 Mixer -> direct -> MM_UL28
[   12.593287] msm-pcm-routing soc:qcom,msm-pcm-routing: ASoC: no sink widget found for MM_UL29
[   12.593291] msm-pcm-routing soc:qcom,msm-pcm-routing: ASoC: Failed to add route MultiMedia29 Mixer -> direct -> MM_UL29
[   12.595637] msm-pcm-routing soc:qcom,msm-pcm-routing: ASoC: no sink widget found for AUDIO_REF_EC_UL28 MUX
[   12.595644] msm-pcm-routing soc:qcom,msm-pcm-routing: ASoC: Failed to add route PRI_MI2S_TX -> PRI_MI2S_TX -> AUDIO_REF_EC_UL28 MUX
[   12.595667] msm-pcm-routing soc:qcom,msm-pcm-routing: ASoC: no sink widget found for AUDIO_REF_EC_UL28 MUX
[   12.595671] msm-pcm-routing soc:qcom,msm-pcm-routing: ASoC: Failed to add route SEC_MI2S_TX -> SEC_MI2S_TX -> AUDIO_REF_EC_UL28 MUX
[   12.595694] msm-pcm-routing soc:qcom,msm-pcm-routing: ASoC: no sink widget found for AUDIO_REF_EC_UL28 MUX
[   12.595698] msm-pcm-routing soc:qcom,msm-pcm-routing: ASoC: Failed to add route TERT_MI2S_TX -> TERT_MI2S_TX -> AUDIO_REF_EC_UL28 MUX
[   12.595712] msm-pcm-routing soc:qcom,msm-pcm-routing: ASoC: no sink widget found for AUDIO_REF_EC_UL28 MUX
[   12.595717] msm-pcm-routing soc:qcom,msm-pcm-routing: ASoC: Failed to add route QUAT_MI2S_TX -> QUAT_MI2S_TX -> AUDIO_REF_EC_UL28 MUX
[   12.595732] msm-pcm-routing soc:qcom,msm-pcm-routing: ASoC: no sink widget found for AUDIO_REF_EC_UL29 MUX
[   12.595737] msm-pcm-routing soc:qcom,msm-pcm-routing: ASoC: Failed to add route PRI_MI2S_TX -> PRI_MI2S_TX -> AUDIO_REF_EC_UL29 MUX
[   12.595757] msm-pcm-routing soc:qcom,msm-pcm-routing: ASoC: no sink widget found for AUDIO_REF_EC_UL29 MUX
[   12.595761] msm-pcm-routing soc:qcom,msm-pcm-routing: ASoC: Failed to add route SEC_MI2S_TX -> SEC_MI2S_TX -> AUDIO_REF_EC_UL29 MUX
[   12.595781] msm-pcm-routing soc:qcom,msm-pcm-routing: ASoC: no sink widget found for AUDIO_REF_EC_UL29 MUX
[   12.595785] msm-pcm-routing soc:qcom,msm-pcm-routing: ASoC: Failed to add route TERT_MI2S_TX -> TERT_MI2S_TX -> AUDIO_REF_EC_UL29 MUX
[   12.595801] msm-pcm-routing soc:qcom,msm-pcm-routing: ASoC: no sink widget found for AUDIO_REF_EC_UL29 MUX
[   12.595804] msm-pcm-routing soc:qcom,msm-pcm-routing: ASoC: Failed to add route QUAT_MI2S_TX -> QUAT_MI2S_TX -> AUDIO_REF_EC_UL29 MUX
[   12.595857] msm-pcm-routing soc:qcom,msm-pcm-routing: ASoC: no source widget found for AUDIO_REF_EC_UL28 MUX
[   12.595862] msm-pcm-routing soc:qcom,msm-pcm-routing: ASoC: Failed to add route AUDIO_REF_EC_UL28 MUX -> direct -> MM_UL28
[   12.595888] msm-pcm-routing soc:qcom,msm-pcm-routing: ASoC: no source widget found for AUDIO_REF_EC_UL29 MUX
[   12.595892] msm-pcm-routing soc:qcom,msm-pcm-routing: ASoC: Failed to add route AUDIO_REF_EC_UL29 MUX -> direct -> MM_UL29
[   12.596739] msm-pcm-routing soc:qcom,msm-pcm-routing: ASoC: no dapm match for PROXY_TX --> PROXY_TX_MMode2 --> VoiceMMode2_Tx Mixer
[   12.596750] msm-pcm-routing soc:qcom,msm-pcm-routing: ASoC: Failed to add route PROXY_TX -> PROXY_TX_MMode2 -> VoiceMMode2_Tx Mixer
[   12.605731] msm_digital_codec msm_digital_codec: ASoC: Failed to create AIF2 Capture debugfs file
[   12.605839] mdss_mdp_cxipeak_vote: cxipeak api fail ret:-22 set_vote :0 new_rate:171428571 prev_rate:412500000
[   12.615513] init: Untracked pid 789 received signal 9
[   12.615534] init: Untracked pid 789 did not have an associated service entry and will not be reaped
[   12.616125] init: DM_DEV_STATUS failed for system: No such device or address
[   12.616142] init: DM_DEV_STATUS failed for vroot: No such device or address
[   12.617034] init: DM_DEV_STATUS failed for system: No such device or address
[   12.617050] init: DM_DEV_STATUS failed for vroot: No such device or address
[   12.617661] init: DM_DEV_STATUS failed for system: No such device or address
[   12.617677] init: DM_DEV_STATUS failed for vroot: No such device or address
[   12.618294] init: DM_DEV_STATUS failed for system: No such device or address
[   12.618313] init: DM_DEV_STATUS failed for vroot: No such device or address
[   12.618962] init: DM_DEV_STATUS failed for system: No such device or address
[   12.618993] init: DM_DEV_STATUS failed for vroot: No such device or address
[   12.619568] init: DM_DEV_STATUS failed for system: No such device or address
[   12.619582] init: DM_DEV_STATUS failed for vroot: No such device or address
[   12.620175] init: DM_DEV_STATUS failed for system: No such device or address
[   12.620190] init: DM_DEV_STATUS failed for vroot: No such device or address
[   12.620780] init: DM_DEV_STATUS failed for system: No such device or address
[   12.620796] init: DM_DEV_STATUS failed for vroot: No such device or address
[   12.621410] init: DM_DEV_STATUS failed for system: No such device or address
[   12.621428] init: DM_DEV_STATUS failed for vroot: No such device or address
[   12.621990] init: DM_DEV_STATUS failed for system: No such device or address
[   12.622005] init: DM_DEV_STATUS failed for vroot: No such device or address
[   12.622577] init: DM_DEV_STATUS failed for system: No such device or address
[   12.622594] init: DM_DEV_STATUS failed for vroot: No such device or address
[   12.623164] init: DM_DEV_STATUS failed for system: No such device or address
[   12.623180] init: DM_DEV_STATUS failed for vroot: No such device or address
[   12.623754] init: DM_DEV_STATUS failed for system: No such device or address
[   12.623771] init: DM_DEV_STATUS failed for vroot: No such device or address
[   12.624340] init: DM_DEV_STATUS failed for system: No such device or address
[   12.624357] init: DM_DEV_STATUS failed for vroot: No such device or address
[   12.624924] init: DM_DEV_STATUS failed for system: No such device or address
[   12.624939] init: DM_DEV_STATUS failed for vroot: No such device or address
[   12.625524] init: DM_DEV_STATUS failed for system: No such device or address
[   12.625542] init: DM_DEV_STATUS failed for vroot: No such device or address
[   12.626095] init: DM_DEV_STATUS failed for system: No such device or address
[   12.626111] init: DM_DEV_STATUS failed for vroot: No such device or address
[   12.626637] init: DM_DEV_STATUS failed for system: No such device or address
[   12.626652] init: DM_DEV_STATUS failed for vroot: No such device or address
[   12.627189] init: DM_DEV_STATUS failed for system: No such device or address
[   12.627204] init: DM_DEV_STATUS failed for vroot: No such device or address
[   12.627759] init: DM_DEV_STATUS failed for system: No such device or address
[   12.627776] init: DM_DEV_STATUS failed for vroot: No such device or address
[   12.628334] init: DM_DEV_STATUS failed for system: No such device or address
[   12.628349] init: DM_DEV_STATUS failed for vroot: No such device or address
[   12.628974] init: DM_DEV_STATUS failed for system: No such device or address
[   12.628989] init: DM_DEV_STATUS failed for vroot: No such device or address
[   12.629566] init: DM_DEV_STATUS failed for system: No such device or address
[   12.629583] init: DM_DEV_STATUS failed for vroot: No such device or address
[   12.630178] init: DM_DEV_STATUS failed for system: No such device or address
[   12.630194] init: DM_DEV_STATUS failed for vroot: No such device or address
[   12.630789] init: DM_DEV_STATUS failed for system: No such device or address
[   12.630805] init: DM_DEV_STATUS failed for vroot: No such device or address
[   12.631385] init: DM_DEV_STATUS failed for system: No such device or address
[   12.631401] init: DM_DEV_STATUS failed for vroot: No such device or address
[   12.632381] init: DM_DEV_STATUS failed for system: No such device or address
[   12.632397] init: DM_DEV_STATUS failed for vroot: No such device or address
[   12.633782] init: Service 'exec 12 (/debug_ramdisk/magisk --post-fs-data)' (pid 764) exited with status 0 waiting took 0.278000 seconds
[   12.633805] init: Sending signal 9 to service 'exec 12 (/debug_ramdisk/magisk --post-fs-data)' (pid 764) process group...
[   12.633912] libprocessgroup: Successfully killed process cgroup uid 0 pid 764 in 0ms
[   12.634196] init: DM_DEV_STATUS failed for system: No such device or address
[   12.634211] init: DM_DEV_STATUS failed for vroot: No such device or address
[   12.635030] init: DM_DEV_STATUS failed for system: No such device or address
[   12.635045] init: DM_DEV_STATUS failed for vroot: No such device or address
[   12.635669] init: DM_DEV_STATUS failed for system: No such device or address
[   12.635686] init: DM_DEV_STATUS failed for vroot: No such device or address
[   12.636254] init: DM_DEV_STATUS failed for system: No such device or address
[   12.636269] init: DM_DEV_STATUS failed for vroot: No such device or address
[   12.636848] init: DM_DEV_STATUS failed for system: No such device or address
[   12.636865] init: DM_DEV_STATUS failed for vroot: No such device or address
[   12.637424] init: DM_DEV_STATUS failed for system: No such device or address
[   12.637440] init: DM_DEV_STATUS failed for vroot: No such device or address
[   12.638022] init: DM_DEV_STATUS failed for system: No such device or address
[   12.638038] init: DM_DEV_STATUS failed for vroot: No such device or address
[   12.638664] init: DM_DEV_STATUS failed for system: No such device or address
[   12.638682] init: DM_DEV_STATUS failed for vroot: No such device or address
[   12.639268] init: DM_DEV_STATUS failed for system: No such device or address
[   12.639285] init: DM_DEV_STATUS failed for vroot: No such device or address
[   12.639835] init: DM_DEV_STATUS failed for system: No such device or address
[   12.639851] init: DM_DEV_STATUS failed for vroot: No such device or address
[   12.640473] init: DM_DEV_STATUS failed for system: No such device or address
[   12.640489] init: DM_DEV_STATUS failed for vroot: No such device or address
[   12.641078] init: DM_DEV_STATUS failed for system: No such device or address
[   12.641095] init: DM_DEV_STATUS failed for vroot: No such device or address
[   12.641623] init: DM_DEV_STATUS failed for system: No such device or address
[   12.641638] init: DM_DEV_STATUS failed for vroot: No such device or address
[   12.642198] init: DM_DEV_STATUS failed for system: No such device or address
[   12.642214] init: DM_DEV_STATUS failed for vroot: No such device or address
[   12.642757] init: DM_DEV_STATUS failed for system: No such device or address
[   12.642773] init: DM_DEV_STATUS failed for vroot: No such device or address
[   12.643345] init: DM_DEV_STATUS failed for system: No such device or address
[   12.643361] init: DM_DEV_STATUS failed for vroot: No such device or address
[   12.643931] init: DM_DEV_STATUS failed for system: No such device or address
[   12.643947] init: DM_DEV_STATUS failed for vroot: No such device or address
[   12.644512] init: DM_DEV_STATUS failed for system: No such device or address
[   12.644527] init: DM_DEV_STATUS failed for vroot: No such device or address
[   12.645116] init: DM_DEV_STATUS failed for system: No such device or address
[   12.645133] init: DM_DEV_STATUS failed for vroot: No such device or address
[   12.645694] init: DM_DEV_STATUS failed for system: No such device or address
[   12.645710] init: DM_DEV_STATUS failed for vroot: No such device or address
[   12.646297] init: DM_DEV_STATUS failed for system: No such device or address
[   12.646314] init: DM_DEV_STATUS failed for vroot: No such device or address
[   12.646887] init: DM_DEV_STATUS failed for system: No such device or address
[   12.646904] init: DM_DEV_STATUS failed for vroot: No such device or address
[   12.647534] init: DM_DEV_STATUS failed for system: No such device or address
[   12.647549] init: DM_DEV_STATUS failed for vroot: No such device or address
[   12.648100] init: DM_DEV_STATUS failed for system: No such device or address
[   12.648115] init: DM_DEV_STATUS failed for vroot: No such device or address
[   12.648684] init: DM_DEV_STATUS failed for system: No such device or address
[   12.648702] init: DM_DEV_STATUS failed for vroot: No such device or address
[   12.649314] init: DM_DEV_STATUS failed for system: No such device or address
[   12.649330] init: DM_DEV_STATUS failed for vroot: No such device or address
[   12.649883] init: DM_DEV_STATUS failed for system: No such device or address
[   12.649896] init: DM_DEV_STATUS failed for vroot: No such device or address
[   12.650873] init: DM_DEV_STATUS failed for system: No such device or address
[   12.650890] init: DM_DEV_STATUS failed for vroot: No such device or address
[   12.652003] init: processing action (post-fs-data) from (/system/etc/init/hw/init.usb.rc:6)
[   12.652695] init: Verified that /data/adb has the encryption policy 2da7ffb638a9049d v1 modes 127/4 flags 0x0
[   12.652733] init: processing action (post-fs-data) from (/vendor/etc/init/hw/init.qcom.rc:226)
[   12.662596] init: Command 'rm /data/vendor/radio/shmbus' action=post-fs-data (/vendor/etc/init/hw/init.qcom.rc:281) took 0ms and failed: unlink() failed: No such file or directory
[   12.663230] init: Command 'chown root system /persist' action=post-fs-data (/vendor/etc/init/hw/init.qcom.rc:288) took 0ms and failed: lchown() failed: Read-only file system
[   12.663355] init: Command 'chmod 0771 /persist' action=post-fs-data (/vendor/etc/init/hw/init.qcom.rc:289) took 0ms and failed: fchmodat() failed: Read-only file system
[   12.663978] init: Top-level directory needs encryption action, eg mkdir /data/system <mode> <uid> <gid> encryption=Require
[   12.664241] init: Verified that /data/system has the encryption policy 2da7ffb638a9049d v1 modes 127/4 flags 0x0
[   12.667469] sdm660-asoc-snd soc:sound: control 2:0:0:MultiMedia5 Mixer QUAT_MI2S_TX:0 is already present
[   12.667482] msm-pcm-routing soc:qcom,msm-pcm-routing: ASoC: failed to add widget MultiMedia5 Mixer dapm kcontrol MultiMedia5 Mixer QUAT_MI2S_TX: -16
[   12.681038] init: processing action (post-fs-data) from (/vendor/etc/init/hw/init.target.rc:89)
[   12.681810] init: processing action (post-fs-data) from (/system/etc/init/bootstat.rc:9)
[   12.684914] init: processing action (post-fs-data) from (/system/etc/init/gsid.rc:17)
[   12.685941] init: Not setting encryption policy on: /data/gsi
[   12.687279] init: processing action (post-fs-data) from (/system/etc/init/incidentd.rc:21)
[   12.687594] init: processing action (post-fs-data) from (/system/etc/init/logtagd.rc:4)
[   12.689627] init: processing action (post-fs-data) from (/system/etc/init/perfetto.rc:73)
[   12.690335] init: Command 'rm /data/misc/perfetto-traces/.guardraildata' action=post-fs-data (/system/etc/init/perfetto.rc:74) took 0ms and failed: unlink() failed: No such file or directory
[   12.690375] init: processing action (post-fs-data) from (/system/etc/init/profcollectd.rc:9)
[   12.691371] init: processing action (post-fs-data) from (/system/etc/init/recovery-persist.rc:1)
[   12.691995] init: starting service 'exec 13 (/system/bin/recovery-persist)'...
[   12.693520] init: processing action (post-fs-data) from (/system/etc/init/wifi.rc:18)
[   12.695325] selinux: SELinux: Skipping restorecon on directory(/data/misc/apexdata/com.android.wifi)
[   12.695340] selinux: 
[   12.695432] init: processing action (post-fs-data) from (/system_ext/etc/init/dpmd.rc:7)
[   12.695475] init: Top-level directory needs encryption action, eg mkdir /data/dpm <mode> <uid> <gid> encryption=Require
[   12.696267] init: Verified that /data/dpm has the encryption policy 2da7ffb638a9049d v1 modes 127/4 flags 0x0
[   12.696371] init: processing action (post-fs-data) from (/system_ext/etc/init/init.pixelexperience-updater.rc:1)
[   12.696404] init: Not setting encryption policy on: /data/system_updates
[   12.696415] init: Inferred action different from explicit one, expected 2 but got 0
[   12.696880] init: processing action (post-fs-data) from (/vendor/etc/init/android.hardware.biometrics.fingerprint@2.1-service.xiaomi_sdm660.rc:35)
[   12.697482] init: processing action (post-fs-data) from (/vendor/etc/init/dataqti.rc:8)
[   12.698033] init: processing action (post-fs-data) from (/vendor/etc/init/hostapd.android.rc:9)
[   12.698496] init: processing action (ro.crypto.state=encrypted && ro.crypto.type=file && post-fs-data) from (/vendor/etc/init/init.time_daemon.rc:7)
[   12.699090] init: starting service 'time_daemon'...
[   12.701519] init: processing action (post-fs-data) from (/vendor/etc/init/ipacm.rc:34)
[   12.702920] init: starting service 'vendor.ipacm'...
[   12.705423] init: processing action (post-fs-data) from (/vendor/etc/init/netmgrd.rc:16)
[   12.707453] init: Service 'exec 13 (/system/bin/recovery-persist)' (pid 790) exited with status 0 oneshot service took 0.014000 seconds in background
[   12.707476] init: Sending signal 9 to service 'exec 13 (/system/bin/recovery-persist)' (pid 790) process group...
[   12.707611] libprocessgroup: Successfully killed process cgroup uid 1000 pid 790 in 0ms
[   12.712073] init: processing action (post-fs-data) from (/vendor/etc/init/port-bridge.rc:11)
[   12.712716] init: processing action (load_bpf_programs) from (/system/etc/init/bpfloader.rc:17)
[   12.715124] init: starting service 'bpfloader'...
[   12.717303] init: SVC_EXEC service 'bpfloader' pid 793 (uid 0 gid 0+0 context default) started; waiting...
[   12.733769] LibBpfLoader: Loading optional ELF object /apex/com.android.tethering/etc/bpf/test.o with license Apache 2.0
[   12.733830] LibBpfLoader: Section bpfloader_min_ver value is 2 [0x2]
[   12.733880] LibBpfLoader: Section bpfloader_max_ver value is 65536 [0x10000]
[   12.733926] LibBpfLoader: Section size_of_bpf_map_def value is 116 [0x74]
[   12.733972] LibBpfLoader: Section size_of_bpf_prog_def value is 92 [0x5c]
[   12.733983] LibBpfLoader: BpfLoader version 0x00013 processing ELF object /apex/com.android.tethering/etc/bpf/test.o with ver [0x00002,0x10000)
[   12.734392] LibBpfLoader: Loaded code section 3 (xdp_drop_ipv4_udp_ether)
[   12.734576] LibBpfLoader: Adding section 3 to cs list
[   12.735156] LibBpfLoader: Couldn't find section btf_min_bpfloader_ver (defaulting to 0 [0x0]).
[   12.735238] LibBpfLoader: Couldn't find section btf_min_kernel_ver (defaulting to 0 [0x0]).
[   12.735402] LibBpfLoader: bpf_create_map name tether_downstream6_map, ret: 6
[   12.735507] LibBpfLoader: bpf_obj_get_info_by_fd failed, ret: -1 [22]
[   12.735556] LibBpfLoader: bpf_create_map name bitmap, ret: 7
[   12.735650] LibBpfLoader: bpf_obj_get_info_by_fd failed, ret: -1 [22]
[   12.735664] LibBpfLoader: map_fd found at 0 is 6 in /apex/com.android.tethering/etc/bpf/test.o
[   12.735672] LibBpfLoader: map_fd found at 1 is 7 in /apex/com.android.tethering/etc/bpf/test.o
[   12.735890] LibBpfLoader: cs[0].name:xdp_drop_ipv4_udp_ether min_kver:5090000 .max_kver:ffffffff (kvers:404012e)
[   12.735934] bpfloader: Loaded object: /apex/com.android.tethering/etc/bpf/test.o
[   12.738413] LibBpfLoader: Loading critical for tethering ELF object /apex/com.android.tethering/etc/bpf/offload.o with license Apache 2.0
[   12.738488] LibBpfLoader: Section bpfloader_min_ver value is 2 [0x2]
[   12.738566] LibBpfLoader: Section bpfloader_max_ver value is 65536 [0x10000]
[   12.738634] LibBpfLoader: Section size_of_bpf_map_def value is 116 [0x74]
[   12.738705] LibBpfLoader: Section size_of_bpf_prog_def value is 92 [0x5c]
[   12.738717] ipa ipa2_uc_state_check:301 uC is not loaded
[   12.738718] LibBpfLoader: BpfLoader version 0x00013 processing ELF object /apex/com.android.tethering/etc/bpf/offload.o with ver [0x00002,0x10000)
[   12.738746] ipa ipa_sps_irq_control_all:963 EP (5) not allocated.
[   12.739543] ipa ipa_sps_irq_control_all:963 EP (5) not allocated.
[   12.739550] ipa ipa2_uc_state_check:301 uC is not loaded
[   12.742066] LibBpfLoader: Loaded code section 3 (schedcls_tether_downstream6_ether)
[   12.742383] LibBpfLoader: Loaded relo section 3 (.relschedcls/tether_downstream6_ether)
[   12.742392] LibBpfLoader: Adding section 3 to cs list
[   12.742469] LibBpfLoader: Loaded code section 5 (schedcls_tether_upstream6_ether)
[   12.742798] LibBpfLoader: Loaded relo section 5 (.relschedcls/tether_upstream6_ether)
[   12.742807] LibBpfLoader: Adding section 5 to cs list
[   12.742880] LibBpfLoader: Loaded code section 7 (schedcls_tether_downstream6_rawip$5_4)
[   12.743229] LibBpfLoader: Loaded relo section 7 (.relschedcls/tether_downstream6_rawip$5_4)
[   12.743238] LibBpfLoader: Adding section 7 to cs list
[   12.743306] LibBpfLoader: Loaded code section 9 (schedcls_tether_upstream6_rawip$5_4)
[   12.743705] LibBpfLoader: Loaded relo section 9 (.relschedcls/tether_upstream6_rawip$5_4)
[   12.743712] LibBpfLoader: Adding section 9 to cs list
[   12.743781] LibBpfLoader: Loaded code section 11 (schedcls_tether_downstream6_rawip$4_14)
[   12.744308] LibBpfLoader: Loaded relo section 11 (.relschedcls/tether_downstream6_rawip$4_14)
[   12.744336] LibBpfLoader: Adding section 11 to cs list
[   12.744408] LibBpfLoader: Loaded code section 13 (schedcls_tether_upstream6_rawip$4_14)
[   12.744894] LibBpfLoader: Loaded relo section 13 (.relschedcls/tether_upstream6_rawip$4_14)
[   12.744907] LibBpfLoader: Adding section 13 to cs list
[   12.745030] LibBpfLoader: Loaded code section 15 (schedcls_tether_downstream6_rawip$stub)
[   12.745415] ipa ipa2_uc_state_check:301 uC is not loaded
[   12.745432] ipa ipa_sps_irq_control_all:963 EP (5) not allocated.
[   12.745616] LibBpfLoader: Adding section 15 to cs list
[   12.745666] LibBpfLoader: Loaded code section 16 (schedcls_tether_upstream6_rawip$stub)
[   12.746185] LibBpfLoader: Adding section 16 to cs list
[   12.746376] LibBpfLoader: Loaded code section 17 (schedcls_tether_downstream4_rawip$5_8)
[   12.747012] LibBpfLoader: Loaded relo section 17 (.relschedcls/tether_downstream4_rawip$5_8)
[   12.747041] LibBpfLoader: Adding section 17 to cs list
[   12.747150] LibBpfLoader: Loaded code section 19 (schedcls_tether_upstream4_rawip$5_8)
[   12.747728] ipa ipa2_nat_del_cmd:799 Nat table not initialized
[   12.747761] LibBpfLoader: Loaded relo section 19 (.relschedcls/tether_upstream4_rawip$5_8)
[   12.747768] LibBpfLoader: Adding section 19 to cs list
[   12.747770] ipa ipa_sps_irq_control_all:963 EP (5) not allocated.
[   12.747774] ipa ipa2_uc_state_check:301 uC is not loaded
[   12.747853] LibBpfLoader: Loaded code section 21 (schedcls_tether_downstream4_ether$5_8)
[   12.748483] LibBpfLoader: Loaded relo section 21 (.relschedcls/tether_downstream4_ether$5_8)
[   12.748489] LibBpfLoader: Adding section 21 to cs list
[   12.748570] LibBpfLoader: Loaded code section 23 (schedcls_tether_upstream4_ether$5_8)
[   12.748883] binder: 792:792 ioctl 40046210 7fd4beebe4 returned -22
[   12.749268] LibBpfLoader: Loaded relo section 23 (.relschedcls/tether_upstream4_ether$5_8)
[   12.749275] LibBpfLoader: Adding section 23 to cs list
[   12.749360] LibBpfLoader: Loaded code section 25 (schedcls_tether_downstream4_rawip$opt)
[   12.750172] LibBpfLoader: Loaded relo section 25 (.relschedcls/tether_downstream4_rawip$opt)
[   12.750181] LibBpfLoader: Adding section 25 to cs list
[   12.750268] LibBpfLoader: Loaded code section 27 (schedcls_tether_upstream4_rawip$opt)
[   12.751045] LibBpfLoader: Loaded relo section 27 (.relschedcls/tether_upstream4_rawip$opt)
[   12.751053] LibBpfLoader: Adding section 27 to cs list
[   12.751135] LibBpfLoader: Loaded code section 29 (schedcls_tether_downstream4_ether$opt)
[   12.751969] LibBpfLoader: Loaded relo section 29 (.relschedcls/tether_downstream4_ether$opt)
[   12.751978] LibBpfLoader: Adding section 29 to cs list
[   12.752056] LibBpfLoader: Loaded code section 31 (schedcls_tether_upstream4_ether$opt)
[   12.752902] LibBpfLoader: Loaded relo section 31 (.relschedcls/tether_upstream4_ether$opt)
[   12.752908] LibBpfLoader: Adding section 31 to cs list
[   12.752976] LibBpfLoader: Loaded code section 33 (schedcls_tether_downstream4_rawip$5_4)
[   12.753842] LibBpfLoader: Loaded relo section 33 (.relschedcls/tether_downstream4_rawip$5_4)
[   12.753863] LibBpfLoader: Adding section 33 to cs list
[   12.753940] LibBpfLoader: Loaded code section 35 (schedcls_tether_upstream4_rawip$5_4)
[   12.754853] LibBpfLoader: Loaded relo section 35 (.relschedcls/tether_upstream4_rawip$5_4)
[   12.754859] LibBpfLoader: Adding section 35 to cs list
[   12.754938] LibBpfLoader: Loaded code section 37 (schedcls_tether_downstream4_rawip$4_14)
[   12.755912] LibBpfLoader: Loaded relo section 37 (.relschedcls/tether_downstream4_rawip$4_14)
[   12.755918] LibBpfLoader: Adding section 37 to cs list
[   12.755990] LibBpfLoader: Loaded code section 39 (schedcls_tether_upstream4_rawip$4_14)
[   12.756982] LibBpfLoader: Loaded relo section 39 (.relschedcls/tether_upstream4_rawip$4_14)
[   12.756989] LibBpfLoader: Adding section 39 to cs list
[   12.757064] LibBpfLoader: Loaded code section 41 (schedcls_tether_downstream4_ether$4_14)
[   12.758094] LibBpfLoader: Loaded relo section 41 (.relschedcls/tether_downstream4_ether$4_14)
[   12.758100] LibBpfLoader: Adding section 41 to cs list
[   12.758172] LibBpfLoader: Loaded code section 43 (schedcls_tether_upstream4_ether$4_14)
[   12.759244] LibBpfLoader: Loaded relo section 43 (.relschedcls/tether_upstream4_ether$4_14)
[   12.759252] LibBpfLoader: Adding section 43 to cs list
[   12.759318] LibBpfLoader: Loaded code section 45 (schedcls_tether_downstream4_rawip$stub)
[   12.760474] LibBpfLoader: Adding section 45 to cs list
[   12.760525] LibBpfLoader: Loaded code section 46 (schedcls_tether_upstream4_rawip$stub)
[   12.761651] LibBpfLoader: Adding section 46 to cs list
[   12.761699] LibBpfLoader: Loaded code section 47 (schedcls_tether_downstream4_ether$stub)
[   12.762838] LibBpfLoader: Adding section 47 to cs list
[   12.762886] LibBpfLoader: Loaded code section 48 (schedcls_tether_upstream4_ether$stub)
[   12.764044] LibBpfLoader: Adding section 48 to cs list
[   12.764092] LibBpfLoader: Loaded code section 49 (xdp_tether_downstream_ether)
[   12.765274] LibBpfLoader: Adding section 49 to cs list
[   12.765325] LibBpfLoader: Loaded code section 50 (xdp_tether_downstream_rawip)
[   12.766518] LibBpfLoader: Adding section 50 to cs list
[   12.766563] LibBpfLoader: Loaded code section 51 (xdp_tether_upstream_ether)
[   12.767778] LibBpfLoader: Adding section 51 to cs list
[   12.767827] LibBpfLoader: Loaded code section 52 (xdp_tether_upstream_rawip)
[   12.769057] LibBpfLoader: Adding section 52 to cs list
[   12.770977] LibBpfLoader: Couldn't find section btf_min_bpfloader_ver (defaulting to 0 [0x0]).
[   12.771021] LibBpfLoader: Couldn't find section btf_min_kernel_ver (defaulting to 0 [0x0]).
[   12.771114] LibBpfLoader: bpf_create_map name tether_error_map, ret: 6
[   12.771238] LibBpfLoader: bpf_obj_get_info_by_fd failed, ret: -1 [22]
[   12.771291] LibBpfLoader: bpf_create_map name tether_stats_map, ret: 7
[   12.771335] LibBpfLoader: bpf_obj_get_info_by_fd failed, ret: -1 [22]
[   12.771363] LibBpfLoader: bpf_create_map name tether_limit_map, ret: 8
[   12.771401] LibBpfLoader: bpf_obj_get_info_by_fd failed, ret: -1 [22]
[   12.771431] LibBpfLoader: bpf_create_map name tether_downstream6_map, ret: 9
[   12.771469] LibBpfLoader: bpf_obj_get_info_by_fd failed, ret: -1 [22]
[   12.771552] LibBpfLoader: bpf_create_map name tether_downstream64_map, ret: 10
[   12.771598] LibBpfLoader: bpf_obj_get_info_by_fd failed, ret: -1 [22]
[   12.771634] LibBpfLoader: bpf_create_map name tether_upstream6_map, ret: 11
[   12.771672] LibBpfLoader: bpf_obj_get_info_by_fd failed, ret: -1 [22]
[   12.771750] LibBpfLoader: bpf_create_map name tether_downstream4_map, ret: 12
[   12.771810] LibBpfLoader: bpf_obj_get_info_by_fd failed, ret: -1 [22]
[   12.771893] LibBpfLoader: bpf_create_map name tether_upstream4_map, ret: 13
[   12.771938] LibBpfLoader: bpf_obj_get_info_by_fd failed, ret: -1 [22]
[   12.771971] LibBpfLoader: bpf_create_map name tether_dev_map, ret: 14
[   12.772010] LibBpfLoader: bpf_obj_get_info_by_fd failed, ret: -1 [22]
[   12.772054] LibBpfLoader: map_fd found at 0 is 6 in /apex/com.android.tethering/etc/bpf/offload.o
[   12.772059] LibBpfLoader: map_fd found at 1 is 7 in /apex/com.android.tethering/etc/bpf/offload.o
[   12.772062] LibBpfLoader: map_fd found at 2 is 8 in /apex/com.android.tethering/etc/bpf/offload.o
[   12.772066] LibBpfLoader: map_fd found at 3 is 9 in /apex/com.android.tethering/etc/bpf/offload.o
[   12.772069] LibBpfLoader: map_fd found at 4 is 10 in /apex/com.android.tethering/etc/bpf/offload.o
[   12.772072] LibBpfLoader: map_fd found at 5 is 11 in /apex/com.android.tethering/etc/bpf/offload.o
[   12.772075] LibBpfLoader: map_fd found at 6 is 12 in /apex/com.android.tethering/etc/bpf/offload.o
[   12.772078] LibBpfLoader: map_fd found at 7 is 13 in /apex/com.android.tethering/etc/bpf/offload.o
[   12.772081] LibBpfLoader: map_fd found at 8 is 14 in /apex/com.android.tethering/etc/bpf/offload.o
[   12.773553] LibBpfLoader: applying relo to instruction at byte offset: 296, \x09       insn offset 37 , insn 118
[   12.773558] LibBpfLoader: 
[   12.773618] LibBpfLoader: applying relo to instruction at byte offset: 400, \x09       insn offset 50 , insn 118
[   12.773621] LibBpfLoader: 
[   12.773677] LibBpfLoader: applying relo to instruction at byte offset: 528, \x09       insn offset 66 , insn 118
[   12.773680] LibBpfLoader: 
[   12.773735] LibBpfLoader: applying relo to instruction at byte offset: 624, \x09       insn offset 78 , insn 118
[   12.773738] LibBpfLoader: 
[   12.773792] LibBpfLoader: applying relo to instruction at byte offset: 744, \x09       insn offset 93 , insn 118
[   12.773794] LibBpfLoader: 
[   12.773848] LibBpfLoader: applying relo to instruction at byte offset: 848, \x09       insn offset 106 , insn 118
[   12.773851] LibBpfLoader: 
[   12.773904] LibBpfLoader: applying relo to instruction at byte offset: 1144, \x09       insn offset 143 , insn 118
[   12.773907] LibBpfLoader: 
[   12.773961] LibBpfLoader: applying relo to instruction at byte offset: 1224, \x09       insn offset 153 , insn 118
[   12.773964] LibBpfLoader: 
[   12.774017] LibBpfLoader: applying relo to instruction at byte offset: 1296, \x09       insn offset 162 , insn 118
[   12.774019] LibBpfLoader: 
[   12.774073] LibBpfLoader: applying relo to instruction at byte offset: 1376, \x09       insn offset 172 , insn 118
[   12.774075] LibBpfLoader: 
[   12.774128] LibBpfLoader: applying relo to instruction at byte offset: 1440, \x09       insn offset 180 , insn 118
[   12.774131] LibBpfLoader: 
[   12.774184] LibBpfLoader: applying relo to instruction at byte offset: 1528, \x09       insn offset 191 , insn 118
[   12.774187] LibBpfLoader: 
[   12.774239] LibBpfLoader: applying relo to instruction at byte offset: 1800, \x09       insn offset 225 , insn 118
[   12.774241] LibBpfLoader: 
[   12.774297] LibBpfLoader: applying relo to instruction at byte offset: 296, \x09       insn offset 37 , insn 118
[   12.774299] LibBpfLoader: 
[   12.774352] LibBpfLoader: applying relo to instruction at byte offset: 400, \x09       insn offset 50 , insn 118
[   12.774355] LibBpfLoader: 
[   12.774407] LibBpfLoader: applying relo to instruction at byte offset: 528, \x09       insn offset 66 , insn 118
[   12.774409] LibBpfLoader: 
[   12.774463] LibBpfLoader: applying relo to instruction at byte offset: 624, \x09       insn offset 78 , insn 118
[   12.774466] LibBpfLoader: 
[   12.774523] LibBpfLoader: applying relo to instruction at byte offset: 752, \x09       insn offset 94 , insn 118
[   12.774525] LibBpfLoader: 
[   12.774578] LibBpfLoader: applying relo to instruction at byte offset: 864, \x09       insn offset 108 , insn 118
[   12.774581] LibBpfLoader: 
[   12.774632] LibBpfLoader: applying relo to instruction at byte offset: 968, \x09       insn offset 121 , insn 118
[   12.774635] LibBpfLoader: 
[   12.774688] LibBpfLoader: applying relo to instruction at byte offset: 1184, \x09       insn offset 148 , insn 118
[   12.774691] LibBpfLoader: 
[   12.774742] LibBpfLoader: applying relo to instruction at byte offset: 1264, \x09       insn offset 158 , insn 118
[   12.774745] LibBpfLoader: 
[   12.774797] LibBpfLoader: applying relo to instruction at byte offset: 1336, \x09       insn offset 167 , insn 118
[   12.774800] LibBpfLoader: 
[   12.774853] LibBpfLoader: applying relo to instruction at byte offset: 1416, \x09       insn offset 177 , insn 118
[   12.774855] LibBpfLoader: 
[   12.774907] LibBpfLoader: applying relo to instruction at byte offset: 1480, \x09       insn offset 185 , insn 118
[   12.774909] LibBpfLoader: 
[   12.774961] LibBpfLoader: applying relo to instruction at byte offset: 1568, \x09       insn offset 196 , insn 118
[   12.774964] LibBpfLoader: 
[   12.775020] LibBpfLoader: applying relo to instruction at byte offset: 1840, \x09       insn offset 230 , insn 118
[   12.775023] LibBpfLoader: 
[   12.775081] LibBpfLoader: applying relo to instruction at byte offset: 240, \x09       insn offset 30 , insn 118
[   12.775084] LibBpfLoader: 
[   12.775139] LibBpfLoader: applying relo to instruction at byte offset: 344, \x09       insn offset 43 , insn 118
[   12.775141] LibBpfLoader: 
[   12.775193] LibBpfLoader: applying relo to instruction at byte offset: 472, \x09       insn offset 59 , insn 118
[   12.775196] LibBpfLoader: 
[   12.775253] LibBpfLoader: applying relo to instruction at byte offset: 568, \x09       insn offset 71 , insn 118
[   12.775256] LibBpfLoader: 
[   12.775310] LibBpfLoader: applying relo to instruction at byte offset: 688, \x09       insn offset 86 , insn 118
[   12.775312] LibBpfLoader: 
[   12.775366] LibBpfLoader: applying relo to instruction at byte offset: 792, \x09       insn offset 99 , insn 118
[   12.775369] LibBpfLoader: 
[   12.775422] LibBpfLoader: applying relo to instruction at byte offset: 960, \x09       insn offset 120 , insn 118
[   12.775425] LibBpfLoader: 
[   12.775477] LibBpfLoader: applying relo to instruction at byte offset: 1040, \x09       insn offset 130 , insn 118
[   12.775480] LibBpfLoader: 
[   12.775533] LibBpfLoader: applying relo to instruction at byte offset: 1112, \x09       insn offset 139 , insn 118
[   12.775536] LibBpfLoader: 
[   12.775588] LibBpfLoader: applying relo to instruction at byte offset: 1192, \x09       insn offset 149 , insn 118
[   12.775591] LibBpfLoader: 
[   12.775645] LibBpfLoader: applying relo to instruction at byte offset: 1256, \x09       insn offset 157 , insn 118
[   12.775648] LibBpfLoader: 
[   12.775701] LibBpfLoader: applying relo to instruction at byte offset: 1344, \x09       insn offset 168 , insn 118
[   12.775703] LibBpfLoader: 
[   12.775756] LibBpfLoader: applying relo to instruction at byte offset: 1600, \x09       insn offset 200 , insn 118
[   12.775759] LibBpfLoader: 
[   12.775812] LibBpfLoader: applying relo to instruction at byte offset: 1760, \x09       insn offset 220 , insn 118
[   12.775815] LibBpfLoader: 
[   12.775868] LibBpfLoader: applying relo to instruction at byte offset: 1904, \x09       insn offset 238 , insn 118
[   12.775871] LibBpfLoader: 
[   12.775926] LibBpfLoader: applying relo to instruction at byte offset: 240, \x09       insn offset 30 , insn 118
[   12.775928] LibBpfLoader: 
[   12.775982] LibBpfLoader: applying relo to instruction at byte offset: 344, \x09       insn offset 43 , insn 118
[   12.775985] LibBpfLoader: 
[   12.776038] LibBpfLoader: applying relo to instruction at byte offset: 472, \x09       insn offset 59 , insn 118
[   12.776040] LibBpfLoader: 
[   12.776093] LibBpfLoader: applying relo to instruction at byte offset: 568, \x09       insn offset 71 , insn 118
[   12.776095] LibBpfLoader: 
[   12.776149] LibBpfLoader: applying relo to instruction at byte offset: 696, \x09       insn offset 87 , insn 118
[   12.776151] LibBpfLoader: 
[   12.776204] LibBpfLoader: applying relo to instruction at byte offset: 808, \x09       insn offset 101 , insn 118
[   12.776207] LibBpfLoader: 
[   12.776260] LibBpfLoader: applying relo to instruction at byte offset: 912, \x09       insn offset 114 , insn 118
[   12.776262] LibBpfLoader: 
[   12.776316] LibBpfLoader: applying relo to instruction at byte offset: 1008, \x09       insn offset 126 , insn 118
[   12.776318] LibBpfLoader: 
[   12.776371] LibBpfLoader: applying relo to instruction at byte offset: 1088, \x09       insn offset 136 , insn 118
[   12.776374] LibBpfLoader: 
[   12.776427] LibBpfLoader: applying relo to instruction at byte offset: 1160, \x09       insn offset 145 , insn 118
[   12.776429] LibBpfLoader: 
[   12.776482] LibBpfLoader: applying relo to instruction at byte offset: 1240, \x09       insn offset 155 , insn 118
[   12.776484] LibBpfLoader: 
[   12.776538] LibBpfLoader: applying relo to instruction at byte offset: 1304, \x09       insn offset 163 , insn 118
[   12.776541] LibBpfLoader: 
[   12.776593] LibBpfLoader: applying relo to instruction at byte offset: 1392, \x09       insn offset 174 , insn 118
[   12.776596] LibBpfLoader: 
[   12.776648] LibBpfLoader: applying relo to instruction at byte offset: 1648, \x09       insn offset 206 , insn 118
[   12.776651] LibBpfLoader: 
[   12.776704] LibBpfLoader: applying relo to instruction at byte offset: 1808, \x09       insn offset 226 , insn 118
[   12.776706] LibBpfLoader: 
[   12.776759] LibBpfLoader: applying relo to instruction at byte offset: 1952, \x09       insn offset 244 , insn 118
[   12.776762] LibBpfLoader: 
[   12.776817] LibBpfLoader: applying relo to instruction at byte offset: 240, \x09       insn offset 30 , insn 118
[   12.776819] LibBpfLoader: 
[   12.776873] LibBpfLoader: applying relo to instruction at byte offset: 344, \x09       insn offset 43 , insn 118
[   12.776876] LibBpfLoader: 
[   12.776931] LibBpfLoader: applying relo to instruction at byte offset: 472, \x09       insn offset 59 , insn 118
[   12.776934] LibBpfLoader: 
[   12.776987] LibBpfLoader: applying relo to instruction at byte offset: 568, \x09       insn offset 71 , insn 118
[   12.776989] LibBpfLoader: 
[   12.777043] LibBpfLoader: applying relo to instruction at byte offset: 688, \x09       insn offset 86 , insn 118
[   12.777046] LibBpfLoader: 
[   12.777099] LibBpfLoader: applying relo to instruction at byte offset: 792, \x09       insn offset 99 , insn 118
[   12.777102] LibBpfLoader: 
[   12.777157] LibBpfLoader: applying relo to instruction at byte offset: 960, \x09       insn offset 120 , insn 118
[   12.777159] LibBpfLoader: 
[   12.777211] LibBpfLoader: applying relo to instruction at byte offset: 1040, \x09       insn offset 130 , insn 118
[   12.777213] LibBpfLoader: 
[   12.777266] LibBpfLoader: applying relo to instruction at byte offset: 1112, \x09       insn offset 139 , insn 118
[   12.777269] LibBpfLoader: 
[   12.777321] LibBpfLoader: applying relo to instruction at byte offset: 1192, \x09       insn offset 149 , insn 118
[   12.777323] LibBpfLoader: 
[   12.777375] LibBpfLoader: applying relo to instruction at byte offset: 1256, \x09       insn offset 157 , insn 118
[   12.777378] LibBpfLoader: 
[   12.777431] LibBpfLoader: applying relo to instruction at byte offset: 1344, \x09       insn offset 168 , insn 118
[   12.777434] LibBpfLoader: 
[   12.777488] LibBpfLoader: applying relo to instruction at byte offset: 1600, \x09       insn offset 200 , insn 118
[   12.777490] LibBpfLoader: 
[   12.777544] LibBpfLoader: applying relo to instruction at byte offset: 1760, \x09       insn offset 220 , insn 118
[   12.777546] LibBpfLoader: 
[   12.777599] LibBpfLoader: applying relo to instruction at byte offset: 1904, \x09       insn offset 238 , insn 118
[   12.777602] LibBpfLoader: 
[   12.777655] LibBpfLoader: applying relo to instruction at byte offset: 240, \x09       insn offset 30 , insn 118
[   12.777658] LibBpfLoader: 
[   12.777710] LibBpfLoader: applying relo to instruction at byte offset: 344, \x09       insn offset 43 , insn 118
[   12.777712] LibBpfLoader: 
[   12.777764] LibBpfLoader: applying relo to instruction at byte offset: 472, \x09       insn offset 59 , insn 118
[   12.777767] LibBpfLoader: 
[   12.777820] LibBpfLoader: applying relo to instruction at byte offset: 568, \x09       insn offset 71 , insn 118
[   12.777823] LibBpfLoader: 
[   12.777875] LibBpfLoader: applying relo to instruction at byte offset: 696, \x09       insn offset 87 , insn 118
[   12.777877] LibBpfLoader: 
[   12.777931] LibBpfLoader: applying relo to instruction at byte offset: 808, \x09       insn offset 101 , insn 118
[   12.777933] LibBpfLoader: 
[   12.777987] LibBpfLoader: applying relo to instruction at byte offset: 912, \x09       insn offset 114 , insn 118
[   12.777989] LibBpfLoader: 
[   12.778042] LibBpfLoader: applying relo to instruction at byte offset: 1008, \x09       insn offset 126 , insn 118
[   12.778045] LibBpfLoader: 
[   12.778097] LibBpfLoader: applying relo to instruction at byte offset: 1088, \x09       insn offset 136 , insn 118
[   12.778099] LibBpfLoader: 
[   12.778152] LibBpfLoader: applying relo to instruction at byte offset: 1160, \x09       insn offset 145 , insn 118
[   12.778154] LibBpfLoader: 
[   12.778207] LibBpfLoader: applying relo to instruction at byte offset: 1240, \x09       insn offset 155 , insn 118
[   12.778209] LibBpfLoader: 
[   12.778261] LibBpfLoader: applying relo to instruction at byte offset: 1304, \x09       insn offset 163 , insn 118
[   12.778264] LibBpfLoader: 
[   12.778315] LibBpfLoader: applying relo to instruction at byte offset: 1392, \x09       insn offset 174 , insn 118
[   12.778317] LibBpfLoader: 
[   12.778370] LibBpfLoader: applying relo to instruction at byte offset: 1648, \x09       insn offset 206 , insn 118
[   12.778373] LibBpfLoader: 
[   12.778425] LibBpfLoader: applying relo to instruction at byte offset: 1808, \x09       insn offset 226 , insn 118
[   12.778427] LibBpfLoader: 
[   12.778480] LibBpfLoader: applying relo to instruction at byte offset: 1952, \x09       insn offset 244 , insn 118
[   12.778482] LibBpfLoader: 
[   12.778538] LibBpfLoader: applying relo to instruction at byte offset: 248, \x09       insn offset 31 , insn 118
[   12.778540] LibBpfLoader: 
[   12.778595] LibBpfLoader: applying relo to instruction at byte offset: 632, \x09       insn offset 79 , insn 118
[   12.778597] LibBpfLoader: 
[   12.778650] LibBpfLoader: applying relo to instruction at byte offset: 704, \x09       insn offset 88 , insn 118
[   12.778652] LibBpfLoader: 
[   12.778705] LibBpfLoader: applying relo to instruction at byte offset: 776, \x09       insn offset 97 , insn 118
[   12.778708] LibBpfLoader: 
[   12.778762] LibBpfLoader: applying relo to instruction at byte offset: 864, \x09       insn offset 108 , insn 118
[   12.778764] LibBpfLoader: 
[   12.778817] LibBpfLoader: applying relo to instruction at byte offset: 960, \x09       insn offset 120 , insn 118
[   12.778820] LibBpfLoader: 
[   12.778872] LibBpfLoader: applying relo to instruction at byte offset: 1064, \x09       insn offset 133 , insn 118
[   12.778875] LibBpfLoader: 
[   12.778928] LibBpfLoader: applying relo to instruction at byte offset: 1160, \x09       insn offset 145 , insn 118
[   12.778931] LibBpfLoader: 
[   12.778983] LibBpfLoader: applying relo to instruction at byte offset: 1264, \x09       insn offset 158 , insn 118
[   12.778986] LibBpfLoader: 
[   12.779039] LibBpfLoader: applying relo to instruction at byte offset: 1392, \x09       insn offset 174 , insn 118
[   12.779041] LibBpfLoader: 
[   12.779095] LibBpfLoader: applying relo to instruction at byte offset: 1568, \x09       insn offset 196 , insn 118
[   12.779097] LibBpfLoader: 
[   12.779150] LibBpfLoader: applying relo to instruction at byte offset: 1648, \x09       insn offset 206 , insn 118
[   12.779153] LibBpfLoader: 
[   12.779206] LibBpfLoader: applying relo to instruction at byte offset: 1720, \x09       insn offset 215 , insn 118
[   12.779209] LibBpfLoader: 
[   12.779262] LibBpfLoader: applying relo to instruction at byte offset: 1816, \x09       insn offset 227 , insn 118
[   12.779265] LibBpfLoader: 
[   12.779318] LibBpfLoader: applying relo to instruction at byte offset: 1872, \x09       insn offset 234 , insn 118
[   12.779321] LibBpfLoader: 
[   12.779374] LibBpfLoader: applying relo to instruction at byte offset: 1936, \x09       insn offset 242 , insn 118
[   12.779376] LibBpfLoader: 
[   12.779429] LibBpfLoader: applying relo to instruction at byte offset: 2024, \x09       insn offset 253 , insn 118
[   12.779431] LibBpfLoader: 
[   12.779485] LibBpfLoader: applying relo to instruction at byte offset: 2296, \x09       insn offset 287 , insn 118
[   12.779488] LibBpfLoader: 
[   12.779541] LibBpfLoader: applying relo to instruction at byte offset: 2472, \x09       insn offset 309 , insn 118
[   12.779543] LibBpfLoader: 
[   12.779597] LibBpfLoader: applying relo to instruction at byte offset: 2552, \x09       insn offset 319 , insn 118
[   12.779599] LibBpfLoader: 
[   12.779653] LibBpfLoader: applying relo to instruction at byte offset: 2624, \x09       insn offset 328 , insn 118
[   12.779656] LibBpfLoader: 
[   12.779708] LibBpfLoader: applying relo to instruction at byte offset: 2704, \x09       insn offset 338 , insn 118
[   12.779711] LibBpfLoader: 
[   12.779763] LibBpfLoader: applying relo to instruction at byte offset: 2768, \x09       insn offset 346 , insn 118
[   12.779765] LibBpfLoader: 
[   12.779818] LibBpfLoader: applying relo to instruction at byte offset: 2856, \x09       insn offset 357 , insn 118
[   12.779820] LibBpfLoader: 
[   12.779873] LibBpfLoader: applying relo to instruction at byte offset: 3128, \x09       insn offset 391 , insn 118
[   12.779876] LibBpfLoader: 
[   12.779929] LibBpfLoader: applying relo to instruction at byte offset: 3280, \x09       insn offset 410 , insn 118
[   12.779931] LibBpfLoader: 
[   12.779984] LibBpfLoader: applying relo to instruction at byte offset: 3432, \x09       insn offset 429 , insn 118
[   12.779986] LibBpfLoader: 
[   12.780070] LibBpfLoader: applying relo to instruction at byte offset: 3576, \x09       insn offset 447 , insn 118
[   12.780077] LibBpfLoader: 
[   12.780133] LibBpfLoader: applying relo to instruction at byte offset: 4720, \x09       insn offset 590 , insn 118
[   12.780136] LibBpfLoader: 
[   12.780190] LibBpfLoader: applying relo to instruction at byte offset: 248, \x09       insn offset 31 , insn 118
[   12.780193] LibBpfLoader: 
[   12.780247] LibBpfLoader: applying relo to instruction at byte offset: 632, \x09       insn offset 79 , insn 118
[   12.780249] LibBpfLoader: 
[   12.780302] LibBpfLoader: applying relo to instruction at byte offset: 704, \x09       insn offset 88 , insn 118
[   12.780305] LibBpfLoader: 
[   12.780359] LibBpfLoader: applying relo to instruction at byte offset: 776, \x09       insn offset 97 , insn 118
[   12.780362] LibBpfLoader: 
[   12.780415] LibBpfLoader: applying relo to instruction at byte offset: 864, \x09       insn offset 108 , insn 118
[   12.780418] LibBpfLoader: 
[   12.780471] LibBpfLoader: applying relo to instruction at byte offset: 960, \x09       insn offset 120 , insn 118
[   12.780474] LibBpfLoader: 
[   12.780526] LibBpfLoader: applying relo to instruction at byte offset: 1064, \x09       insn offset 133 , insn 118
[   12.780529] LibBpfLoader: 
[   12.780581] LibBpfLoader: applying relo to instruction at byte offset: 1160, \x09       insn offset 145 , insn 118
[   12.780584] LibBpfLoader: 
[   12.780637] LibBpfLoader: applying relo to instruction at byte offset: 1264, \x09       insn offset 158 , insn 118
[   12.780640] LibBpfLoader: 
[   12.780692] LibBpfLoader: applying relo to instruction at byte offset: 1392, \x09       insn offset 174 , insn 118
[   12.780694] LibBpfLoader: 
[   12.780748] LibBpfLoader: applying relo to instruction at byte offset: 1568, \x09       insn offset 196 , insn 118
[   12.780751] LibBpfLoader: 
[   12.780804] LibBpfLoader: applying relo to instruction at byte offset: 1648, \x09       insn offset 206 , insn 118
[   12.780807] LibBpfLoader: 
[   12.780858] LibBpfLoader: applying relo to instruction at byte offset: 1720, \x09       insn offset 215 , insn 118
[   12.780861] LibBpfLoader: 
[   12.780915] LibBpfLoader: applying relo to instruction at byte offset: 1816, \x09       insn offset 227 , insn 118
[   12.780917] LibBpfLoader: 
[   12.780969] LibBpfLoader: applying relo to instruction at byte offset: 1872, \x09       insn offset 234 , insn 118
[   12.780971] LibBpfLoader: 
[   12.781024] LibBpfLoader: applying relo to instruction at byte offset: 1936, \x09       insn offset 242 , insn 118
[   12.781027] LibBpfLoader: 
[   12.781079] LibBpfLoader: applying relo to instruction at byte offset: 2024, \x09       insn offset 253 , insn 118
[   12.781081] LibBpfLoader: 
[   12.781134] LibBpfLoader: applying relo to instruction at byte offset: 2296, \x09       insn offset 287 , insn 118
[   12.781137] LibBpfLoader: 
[   12.781190] LibBpfLoader: applying relo to instruction at byte offset: 2472, \x09       insn offset 309 , insn 118
[   12.781192] LibBpfLoader: 
[   12.781246] LibBpfLoader: applying relo to instruction at byte offset: 2552, \x09       insn offset 319 , insn 118
[   12.781249] LibBpfLoader: 
[   12.781302] LibBpfLoader: applying relo to instruction at byte offset: 2624, \x09       insn offset 328 , insn 118
[   12.781304] LibBpfLoader: 
[   12.781358] LibBpfLoader: applying relo to instruction at byte offset: 2704, \x09       insn offset 338 , insn 118
[   12.781361] LibBpfLoader: 
[   12.781414] LibBpfLoader: applying relo to instruction at byte offset: 2768, \x09       insn offset 346 , insn 118
[   12.781416] LibBpfLoader: 
[   12.781469] LibBpfLoader: applying relo to instruction at byte offset: 2856, \x09       insn offset 357 , insn 118
[   12.781472] LibBpfLoader: 
[   12.781525] LibBpfLoader: applying relo to instruction at byte offset: 3128, \x09       insn offset 391 , insn 118
[   12.781527] LibBpfLoader: 
[   12.781581] LibBpfLoader: applying relo to instruction at byte offset: 3280, \x09       insn offset 410 , insn 118
[   12.781583] LibBpfLoader: 
[   12.781636] LibBpfLoader: applying relo to instruction at byte offset: 3432, \x09       insn offset 429 , insn 118
[   12.781639] LibBpfLoader: 
[   12.781693] LibBpfLoader: applying relo to instruction at byte offset: 3576, \x09       insn offset 447 , insn 118
[   12.781696] LibBpfLoader: 
[   12.781748] LibBpfLoader: applying relo to instruction at byte offset: 4720, \x09       insn offset 590 , insn 118
[   12.781751] LibBpfLoader: 
[   12.781804] LibBpfLoader: applying relo to instruction at byte offset: 304, \x09       insn offset 38 , insn 118
[   12.781807] LibBpfLoader: 
[   12.781860] LibBpfLoader: applying relo to instruction at byte offset: 688, \x09       insn offset 86 , insn 118
[   12.781863] LibBpfLoader: 
[   12.781915] LibBpfLoader: applying relo to instruction at byte offset: 760, \x09       insn offset 95 , insn 118
[   12.781917] LibBpfLoader: 
[   12.781970] LibBpfLoader: applying relo to instruction at byte offset: 832, \x09       insn offset 104 , insn 118
[   12.781972] LibBpfLoader: 
[   12.782025] LibBpfLoader: applying relo to instruction at byte offset: 920, \x09       insn offset 115 , insn 118
[   12.782028] LibBpfLoader: 
[   12.782080] LibBpfLoader: applying relo to instruction at byte offset: 1016, \x09       insn offset 127 , insn 118
[   12.782083] LibBpfLoader: 
[   12.782135] LibBpfLoader: applying relo to instruction at byte offset: 1120, \x09       insn offset 140 , insn 118
[   12.782137] LibBpfLoader: 
[   12.782190] LibBpfLoader: applying relo to instruction at byte offset: 1216, \x09       insn offset 152 , insn 118
[   12.782193] LibBpfLoader: 
[   12.782247] LibBpfLoader: applying relo to instruction at byte offset: 1320, \x09       insn offset 165 , insn 118
[   12.782250] LibBpfLoader: 
[   12.782302] LibBpfLoader: applying relo to instruction at byte offset: 1648, \x09       insn offset 206 , insn 118
[   12.782305] LibBpfLoader: 
[   12.782357] LibBpfLoader: applying relo to instruction at byte offset: 1728, \x09       insn offset 216 , insn 118
[   12.782359] LibBpfLoader: 
[   12.782413] LibBpfLoader: applying relo to instruction at byte offset: 1800, \x09       insn offset 225 , insn 118
[   12.782416] LibBpfLoader: 
[   12.782468] LibBpfLoader: applying relo to instruction at byte offset: 1896, \x09       insn offset 237 , insn 118
[   12.782470] LibBpfLoader: 
[   12.782522] LibBpfLoader: applying relo to instruction at byte offset: 1952, \x09       insn offset 244 , insn 118
[   12.782525] LibBpfLoader: 
[   12.782578] LibBpfLoader: applying relo to instruction at byte offset: 2016, \x09       insn offset 252 , insn 118
[   12.782581] LibBpfLoader: 
[   12.782634] LibBpfLoader: applying relo to instruction at byte offset: 2088, \x09       insn offset 261 , insn 118
[   12.782636] LibBpfLoader: 
[   12.782689] LibBpfLoader: applying relo to instruction at byte offset: 2176, \x09       insn offset 272 , insn 118
[   12.782692] LibBpfLoader: 
[   12.782746] LibBpfLoader: applying relo to instruction at byte offset: 2472, \x09       insn offset 309 , insn 118
[   12.782748] LibBpfLoader: 
[   12.782800] LibBpfLoader: applying relo to instruction at byte offset: 3768, \x09       insn offset 471 , insn 118
[   12.782803] LibBpfLoader: 
[   12.782856] LibBpfLoader: applying relo to instruction at byte offset: 3848, \x09       insn offset 481 , insn 118
[   12.782858] LibBpfLoader: 
[   12.782910] LibBpfLoader: applying relo to instruction at byte offset: 3920, \x09       insn offset 490 , insn 118
[   12.782913] LibBpfLoader: 
[   12.782966] LibBpfLoader: applying relo to instruction at byte offset: 4000, \x09       insn offset 500 , insn 118
[   12.782969] LibBpfLoader: 
[   12.783021] LibBpfLoader: applying relo to instruction at byte offset: 4064, \x09       insn offset 508 , insn 118
[   12.783024] LibBpfLoader: 
[   12.783077] LibBpfLoader: applying relo to instruction at byte offset: 4152, \x09       insn offset 519 , insn 118
[   12.783080] LibBpfLoader: 
[   12.783133] LibBpfLoader: applying relo to instruction at byte offset: 4448, \x09       insn offset 556 , insn 118
[   12.783136] LibBpfLoader: 
[   12.783189] LibBpfLoader: applying relo to instruction at byte offset: 304, \x09       insn offset 38 , insn 118
[   12.783192] LibBpfLoader: 
[   12.783244] LibBpfLoader: applying relo to instruction at byte offset: 688, \x09       insn offset 86 , insn 118
[   12.783247] LibBpfLoader: 
[   12.783300] LibBpfLoader: applying relo to instruction at byte offset: 760, \x09       insn offset 95 , insn 118
[   12.783303] LibBpfLoader: 
[   12.783356] LibBpfLoader: applying relo to instruction at byte offset: 832, \x09       insn offset 104 , insn 118
[   12.783358] LibBpfLoader: 
[   12.783411] LibBpfLoader: applying relo to instruction at byte offset: 920, \x09       insn offset 115 , insn 118
[   12.783413] LibBpfLoader: 
[   12.783466] LibBpfLoader: applying relo to instruction at byte offset: 1016, \x09       insn offset 127 , insn 118
[   12.783469] LibBpfLoader: 
[   12.783522] LibBpfLoader: applying relo to instruction at byte offset: 1120, \x09       insn offset 140 , insn 118
[   12.783525] LibBpfLoader: 
[   12.783578] LibBpfLoader: applying relo to instruction at byte offset: 1216, \x09       insn offset 152 , insn 118
[   12.783580] LibBpfLoader: 
[   12.783633] LibBpfLoader: applying relo to instruction at byte offset: 1320, \x09       insn offset 165 , insn 118
[   12.783635] LibBpfLoader: 
[   12.783690] LibBpfLoader: applying relo to instruction at byte offset: 1648, \x09       insn offset 206 , insn 118
[   12.783692] LibBpfLoader: 
[   12.783745] LibBpfLoader: applying relo to instruction at byte offset: 1728, \x09       insn offset 216 , insn 118
[   12.783748] LibBpfLoader: 
[   12.783801] LibBpfLoader: applying relo to instruction at byte offset: 1800, \x09       insn offset 225 , insn 118
[   12.783804] LibBpfLoader: 
[   12.783857] LibBpfLoader: applying relo to instruction at byte offset: 1896, \x09       insn offset 237 , insn 118
[   12.783860] LibBpfLoader: 
[   12.783913] LibBpfLoader: applying relo to instruction at byte offset: 1952, \x09       insn offset 244 , insn 118
[   12.783916] LibBpfLoader: 
[   12.783968] LibBpfLoader: applying relo to instruction at byte offset: 2016, \x09       insn offset 252 , insn 118
[   12.783971] LibBpfLoader: 
[   12.784024] LibBpfLoader: applying relo to instruction at byte offset: 2088, \x09       insn offset 261 , insn 118
[   12.784026] LibBpfLoader: 
[   12.784080] LibBpfLoader: applying relo to instruction at byte offset: 2176, \x09       insn offset 272 , insn 118
[   12.784082] LibBpfLoader: 
[   12.784134] LibBpfLoader: applying relo to instruction at byte offset: 2472, \x09       insn offset 309 , insn 118
[   12.784136] LibBpfLoader: 
[   12.784189] LibBpfLoader: applying relo to instruction at byte offset: 3768, \x09       insn offset 471 , insn 118
[   12.784192] LibBpfLoader: 
[   12.784245] LibBpfLoader: applying relo to instruction at byte offset: 3848, \x09       insn offset 481 , insn 118
[   12.784248] LibBpfLoader: 
[   12.784301] LibBpfLoader: applying relo to instruction at byte offset: 3920, \x09       insn offset 490 , insn 118
[   12.784304] LibBpfLoader: 
[   12.784357] LibBpfLoader: applying relo to instruction at byte offset: 4000, \x09       insn offset 500 , insn 118
[   12.784360] LibBpfLoader: 
[   12.784412] LibBpfLoader: applying relo to instruction at byte offset: 4064, \x09       insn offset 508 , insn 118
[   12.784414] LibBpfLoader: 
[   12.784468] LibBpfLoader: applying relo to instruction at byte offset: 4152, \x09       insn offset 519 , insn 118
[   12.784471] LibBpfLoader: 
[   12.784524] LibBpfLoader: applying relo to instruction at byte offset: 4448, \x09       insn offset 556 , insn 118
[   12.784527] LibBpfLoader: 
[   12.784581] LibBpfLoader: applying relo to instruction at byte offset: 248, \x09       insn offset 31 , insn 118
[   12.784584] LibBpfLoader: 
[   12.784637] LibBpfLoader: applying relo to instruction at byte offset: 632, \x09       insn offset 79 , insn 118
[   12.784640] LibBpfLoader: 
[   12.784693] LibBpfLoader: applying relo to instruction at byte offset: 704, \x09       insn offset 88 , insn 118
[   12.784696] LibBpfLoader: 
[   12.784748] LibBpfLoader: applying relo to instruction at byte offset: 776, \x09       insn offset 97 , insn 118
[   12.784750] LibBpfLoader: 
[   12.784803] LibBpfLoader: applying relo to instruction at byte offset: 864, \x09       insn offset 108 , insn 118
[   12.784806] LibBpfLoader: 
[   12.784859] LibBpfLoader: applying relo to instruction at byte offset: 960, \x09       insn offset 120 , insn 118
[   12.784862] LibBpfLoader: 
[   12.784915] LibBpfLoader: applying relo to instruction at byte offset: 1064, \x09       insn offset 133 , insn 118
[   12.784918] LibBpfLoader: 
[   12.784971] LibBpfLoader: applying relo to instruction at byte offset: 1160, \x09       insn offset 145 , insn 118
[   12.784973] LibBpfLoader: 
[   12.785027] LibBpfLoader: applying relo to instruction at byte offset: 1264, \x09       insn offset 158 , insn 118
[   12.785029] LibBpfLoader: 
[   12.785082] LibBpfLoader: applying relo to instruction at byte offset: 1392, \x09       insn offset 174 , insn 118
[   12.785084] LibBpfLoader: 
[   12.785138] LibBpfLoader: applying relo to instruction at byte offset: 1568, \x09       insn offset 196 , insn 118
[   12.785141] LibBpfLoader: 
[   12.785194] LibBpfLoader: applying relo to instruction at byte offset: 1648, \x09       insn offset 206 , insn 118
[   12.785196] LibBpfLoader: 
[   12.785248] LibBpfLoader: applying relo to instruction at byte offset: 1720, \x09       insn offset 215 , insn 118
[   12.785251] LibBpfLoader: 
[   12.785302] LibBpfLoader: applying relo to instruction at byte offset: 1816, \x09       insn offset 227 , insn 118
[   12.785305] LibBpfLoader: 
[   12.785359] LibBpfLoader: applying relo to instruction at byte offset: 1872, \x09       insn offset 234 , insn 118
[   12.785362] LibBpfLoader: 
[   12.785414] LibBpfLoader: applying relo to instruction at byte offset: 1936, \x09       insn offset 242 , insn 118
[   12.785417] LibBpfLoader: 
[   12.785468] LibBpfLoader: applying relo to instruction at byte offset: 2024, \x09       insn offset 253 , insn 118
[   12.785471] LibBpfLoader: 
[   12.785524] LibBpfLoader: applying relo to instruction at byte offset: 2296, \x09       insn offset 287 , insn 118
[   12.785526] LibBpfLoader: 
[   12.785579] LibBpfLoader: applying relo to instruction at byte offset: 2472, \x09       insn offset 309 , insn 118
[   12.785582] LibBpfLoader: 
[   12.785642] LibBpfLoader: applying relo to instruction at byte offset: 2552, \x09       insn offset 319 , insn 118
[   12.785644] LibBpfLoader: 
[   12.785697] LibBpfLoader: applying relo to instruction at byte offset: 2624, \x09       insn offset 328 , insn 118
[   12.785699] LibBpfLoader: 
[   12.785752] LibBpfLoader: applying relo to instruction at byte offset: 2704, \x09       insn offset 338 , insn 118
[   12.785755] LibBpfLoader: 
[   12.785808] LibBpfLoader: applying relo to instruction at byte offset: 2768, \x09       insn offset 346 , insn 118
[   12.785811] LibBpfLoader: 
[   12.785863] LibBpfLoader: applying relo to instruction at byte offset: 2856, \x09       insn offset 357 , insn 118
[   12.785865] LibBpfLoader: 
[   12.785918] LibBpfLoader: applying relo to instruction at byte offset: 3128, \x09       insn offset 391 , insn 118
[   12.785921] LibBpfLoader: 
[   12.785973] LibBpfLoader: applying relo to instruction at byte offset: 3280, \x09       insn offset 410 , insn 118
[   12.785976] LibBpfLoader: 
[   12.786027] LibBpfLoader: applying relo to instruction at byte offset: 3432, \x09       insn offset 429 , insn 118
[   12.786030] LibBpfLoader: 
[   12.786082] LibBpfLoader: applying relo to instruction at byte offset: 3576, \x09       insn offset 447 , insn 118
[   12.786085] LibBpfLoader: 
[   12.786137] LibBpfLoader: applying relo to instruction at byte offset: 4720, \x09       insn offset 590 , insn 118
[   12.786140] LibBpfLoader: 
[   12.786198] LibBpfLoader: applying relo to instruction at byte offset: 248, \x09       insn offset 31 , insn 118
[   12.786200] LibBpfLoader: 
[   12.786256] LibBpfLoader: applying relo to instruction at byte offset: 632, \x09       insn offset 79 , insn 118
[   12.786258] LibBpfLoader: 
[   12.786311] LibBpfLoader: applying relo to instruction at byte offset: 704, \x09       insn offset 88 , insn 118
[   12.786314] LibBpfLoader: 
[   12.786367] LibBpfLoader: applying relo to instruction at byte offset: 776, \x09       insn offset 97 , insn 118
[   12.786370] LibBpfLoader: 
[   12.786422] LibBpfLoader: applying relo to instruction at byte offset: 864, \x09       insn offset 108 , insn 118
[   12.786425] LibBpfLoader: 
[   12.786482] LibBpfLoader: applying relo to instruction at byte offset: 960, \x09       insn offset 120 , insn 118
[   12.786485] LibBpfLoader: 
[   12.786538] LibBpfLoader: applying relo to instruction at byte offset: 1064, \x09       insn offset 133 , insn 118
[   12.786541] LibBpfLoader: 
[   12.786595] LibBpfLoader: applying relo to instruction at byte offset: 1160, \x09       insn offset 145 , insn 118
[   12.786597] LibBpfLoader: 
[   12.786650] LibBpfLoader: applying relo to instruction at byte offset: 1264, \x09       insn offset 158 , insn 118
[   12.786653] LibBpfLoader: 
[   12.786706] LibBpfLoader: applying relo to instruction at byte offset: 1392, \x09       insn offset 174 , insn 118
[   12.786708] LibBpfLoader: 
[   12.786761] LibBpfLoader: applying relo to instruction at byte offset: 1568, \x09       insn offset 196 , insn 118
[   12.786764] LibBpfLoader: 
[   12.786818] LibBpfLoader: applying relo to instruction at byte offset: 1648, \x09       insn offset 206 , insn 118
[   12.786821] LibBpfLoader: 
[   12.786873] LibBpfLoader: applying relo to instruction at byte offset: 1720, \x09       insn offset 215 , insn 118
[   12.786875] LibBpfLoader: 
[   12.786928] LibBpfLoader: applying relo to instruction at byte offset: 1816, \x09       insn offset 227 , insn 118
[   12.786930] LibBpfLoader: 
[   12.786984] LibBpfLoader: applying relo to instruction at byte offset: 1872, \x09       insn offset 234 , insn 118
[   12.786986] LibBpfLoader: 
[   12.787039] LibBpfLoader: applying relo to instruction at byte offset: 1936, \x09       insn offset 242 , insn 118
[   12.787042] LibBpfLoader: 
[   12.787095] LibBpfLoader: applying relo to instruction at byte offset: 2024, \x09       insn offset 253 , insn 118
[   12.787097] LibBpfLoader: 
[   12.787151] LibBpfLoader: applying relo to instruction at byte offset: 2296, \x09       insn offset 287 , insn 118
[   12.787153] LibBpfLoader: 
[   12.787206] LibBpfLoader: applying relo to instruction at byte offset: 2472, \x09       insn offset 309 , insn 118
[   12.787209] LibBpfLoader: 
[   12.787261] LibBpfLoader: applying relo to instruction at byte offset: 2552, \x09       insn offset 319 , insn 118
[   12.787263] LibBpfLoader: 
[   12.787316] LibBpfLoader: applying relo to instruction at byte offset: 2624, \x09       insn offset 328 , insn 118
[   12.787318] LibBpfLoader: 
[   12.787372] LibBpfLoader: applying relo to instruction at byte offset: 2704, \x09       insn offset 338 , insn 118
[   12.787374] LibBpfLoader: 
[   12.787427] LibBpfLoader: applying relo to instruction at byte offset: 2768, \x09       insn offset 346 , insn 118
[   12.787429] LibBpfLoader: 
[   12.787482] LibBpfLoader: applying relo to instruction at byte offset: 2856, \x09       insn offset 357 , insn 118
[   12.787484] LibBpfLoader: 
[   12.787537] LibBpfLoader: applying relo to instruction at byte offset: 3128, \x09       insn offset 391 , insn 118
[   12.787540] LibBpfLoader: 
[   12.787593] LibBpfLoader: applying relo to instruction at byte offset: 3280, \x09       insn offset 410 , insn 118
[   12.787596] LibBpfLoader: 
[   12.787649] LibBpfLoader: applying relo to instruction at byte offset: 3432, \x09       insn offset 429 , insn 118
[   12.787651] LibBpfLoader: 
[   12.787705] LibBpfLoader: applying relo to instruction at byte offset: 3576, \x09       insn offset 447 , insn 118
[   12.787708] LibBpfLoader: 
[   12.787760] LibBpfLoader: applying relo to instruction at byte offset: 4720, \x09       insn offset 590 , insn 118
[   12.787763] LibBpfLoader: 
[   12.787817] LibBpfLoader: applying relo to instruction at byte offset: 304, \x09       insn offset 38 , insn 118
[   12.787820] LibBpfLoader: 
[   12.787872] LibBpfLoader: applying relo to instruction at byte offset: 688, \x09       insn offset 86 , insn 118
[   12.787874] LibBpfLoader: 
[   12.787927] LibBpfLoader: applying relo to instruction at byte offset: 760, \x09       insn offset 95 , insn 118
[   12.787930] LibBpfLoader: 
[   12.787983] LibBpfLoader: applying relo to instruction at byte offset: 832, \x09       insn offset 104 , insn 118
[   12.787986] LibBpfLoader: 
[   12.788039] LibBpfLoader: applying relo to instruction at byte offset: 920, \x09       insn offset 115 , insn 118
[   12.788042] LibBpfLoader: 
[   12.788093] LibBpfLoader: applying relo to instruction at byte offset: 1016, \x09       insn offset 127 , insn 118
[   12.788096] LibBpfLoader: 
[   12.788149] LibBpfLoader: applying relo to instruction at byte offset: 1120, \x09       insn offset 140 , insn 118
[   12.788152] LibBpfLoader: 
[   12.788205] LibBpfLoader: applying relo to instruction at byte offset: 1216, \x09       insn offset 152 , insn 118
[   12.788208] LibBpfLoader: 
[   12.788260] LibBpfLoader: applying relo to instruction at byte offset: 1320, \x09       insn offset 165 , insn 118
[   12.788262] LibBpfLoader: 
[   12.788316] LibBpfLoader: applying relo to instruction at byte offset: 1648, \x09       insn offset 206 , insn 118
[   12.788319] LibBpfLoader: 
[   12.788372] LibBpfLoader: applying relo to instruction at byte offset: 1728, \x09       insn offset 216 , insn 118
[   12.788375] LibBpfLoader: 
[   12.788427] LibBpfLoader: applying relo to instruction at byte offset: 1800, \x09       insn offset 225 , insn 118
[   12.788430] LibBpfLoader: 
[   12.788483] LibBpfLoader: applying relo to instruction at byte offset: 1896, \x09       insn offset 237 , insn 118
[   12.788485] LibBpfLoader: 
[   12.788539] LibBpfLoader: applying relo to instruction at byte offset: 1952, \x09       insn offset 244 , insn 118
[   12.788541] LibBpfLoader: 
[   12.788595] LibBpfLoader: applying relo to instruction at byte offset: 2016, \x09       insn offset 252 , insn 118
[   12.788597] LibBpfLoader: 
[   12.788650] LibBpfLoader: applying relo to instruction at byte offset: 2088, \x09       insn offset 261 , insn 118
[   12.788652] LibBpfLoader: 
[   12.788705] LibBpfLoader: applying relo to instruction at byte offset: 2176, \x09       insn offset 272 , insn 118
[   12.788708] LibBpfLoader: 
[   12.788761] LibBpfLoader: applying relo to instruction at byte offset: 2472, \x09       insn offset 309 , insn 118
[   12.788763] LibBpfLoader: 
[   12.788817] LibBpfLoader: applying relo to instruction at byte offset: 3768, \x09       insn offset 471 , insn 118
[   12.788819] LibBpfLoader: 
[   12.788872] LibBpfLoader: applying relo to instruction at byte offset: 3848, \x09       insn offset 481 , insn 118
[   12.788875] LibBpfLoader: 
[   12.788927] LibBpfLoader: applying relo to instruction at byte offset: 3920, \x09       insn offset 490 , insn 118
[   12.788930] LibBpfLoader: 
[   12.788983] LibBpfLoader: applying relo to instruction at byte offset: 4000, \x09       insn offset 500 , insn 118
[   12.788985] LibBpfLoader: 
[   12.789038] LibBpfLoader: applying relo to instruction at byte offset: 4064, \x09       insn offset 508 , insn 118
[   12.789041] LibBpfLoader: 
[   12.789094] LibBpfLoader: applying relo to instruction at byte offset: 4152, \x09       insn offset 519 , insn 118
[   12.789097] LibBpfLoader: 
[   12.789149] LibBpfLoader: applying relo to instruction at byte offset: 4448, \x09       insn offset 556 , insn 118
[   12.789152] LibBpfLoader: 
[   12.789206] LibBpfLoader: applying relo to instruction at byte offset: 304, \x09       insn offset 38 , insn 118
[   12.789209] LibBpfLoader: 
[   12.789261] LibBpfLoader: applying relo to instruction at byte offset: 688, \x09       insn offset 86 , insn 118
[   12.789264] LibBpfLoader: 
[   12.789317] LibBpfLoader: applying relo to instruction at byte offset: 760, \x09       insn offset 95 , insn 118
[   12.789320] LibBpfLoader: 
[   12.789372] LibBpfLoader: applying relo to instruction at byte offset: 832, \x09       insn offset 104 , insn 118
[   12.789375] LibBpfLoader: 
[   12.789427] LibBpfLoader: applying relo to instruction at byte offset: 920, \x09       insn offset 115 , insn 118
[   12.789430] LibBpfLoader: 
[   12.789482] LibBpfLoader: applying relo to instruction at byte offset: 1016, \x09       insn offset 127 , insn 118
[   12.789485] LibBpfLoader: 
[   12.789538] LibBpfLoader: applying relo to instruction at byte offset: 1120, \x09       insn offset 140 , insn 118
[   12.789540] LibBpfLoader: 
[   12.789594] LibBpfLoader: applying relo to instruction at byte offset: 1216, \x09       insn offset 152 , insn 118
[   12.789597] LibBpfLoader: 
[   12.789649] LibBpfLoader: applying relo to instruction at byte offset: 1320, \x09       insn offset 165 , insn 118
[   12.789652] LibBpfLoader: 
[   12.789704] LibBpfLoader: applying relo to instruction at byte offset: 1648, \x09       insn offset 206 , insn 118
[   12.789707] LibBpfLoader: 
[   12.789759] LibBpfLoader: applying relo to instruction at byte offset: 1728, \x09       insn offset 216 , insn 118
[   12.789761] LibBpfLoader: 
[   12.789815] LibBpfLoader: applying relo to instruction at byte offset: 1800, \x09       insn offset 225 , insn 118
[   12.789818] LibBpfLoader: 
[   12.789871] LibBpfLoader: applying relo to instruction at byte offset: 1896, \x09       insn offset 237 , insn 118
[   12.789874] LibBpfLoader: 
[   12.789927] LibBpfLoader: applying relo to instruction at byte offset: 1952, \x09       insn offset 244 , insn 118
[   12.789929] LibBpfLoader: 
[   12.789982] LibBpfLoader: applying relo to instruction at byte offset: 2016, \x09       insn offset 252 , insn 118
[   12.789985] LibBpfLoader: 
[   12.790073] LibBpfLoader: applying relo to instruction at byte offset: 2088, \x09       insn offset 261 , insn 118
[   12.790080] LibBpfLoader: 
[   12.790137] LibBpfLoader: applying relo to instruction at byte offset: 2176, \x09       insn offset 272 , insn 118
[   12.790139] LibBpfLoader: 
[   12.790194] LibBpfLoader: applying relo to instruction at byte offset: 2472, \x09       insn offset 309 , insn 118
[   12.790197] LibBpfLoader: 
[   12.790252] LibBpfLoader: applying relo to instruction at byte offset: 3768, \x09       insn offset 471 , insn 118
[   12.790255] LibBpfLoader: 
[   12.790309] LibBpfLoader: applying relo to instruction at byte offset: 3848, \x09       insn offset 481 , insn 118
[   12.790312] LibBpfLoader: 
[   12.790364] LibBpfLoader: applying relo to instruction at byte offset: 3920, \x09       insn offset 490 , insn 118
[   12.790367] LibBpfLoader: 
[   12.790421] LibBpfLoader: applying relo to instruction at byte offset: 4000, \x09       insn offset 500 , insn 118
[   12.790424] LibBpfLoader: 
[   12.790478] LibBpfLoader: applying relo to instruction at byte offset: 4064, \x09       insn offset 508 , insn 118
[   12.790481] LibBpfLoader: 
[   12.790533] LibBpfLoader: applying relo to instruction at byte offset: 4152, \x09       insn offset 519 , insn 118
[   12.790536] LibBpfLoader: 
[   12.790588] LibBpfLoader: applying relo to instruction at byte offset: 4448, \x09       insn offset 556 , insn 118
[   12.790591] LibBpfLoader: 
[   12.790646] LibBpfLoader: applying relo to instruction at byte offset: 248, \x09       insn offset 31 , insn 118
[   12.790649] LibBpfLoader: 
[   12.790702] LibBpfLoader: applying relo to instruction at byte offset: 632, \x09       insn offset 79 , insn 118
[   12.790704] LibBpfLoader: 
[   12.790757] LibBpfLoader: applying relo to instruction at byte offset: 704, \x09       insn offset 88 , insn 118
[   12.790759] LibBpfLoader: 
[   12.790812] LibBpfLoader: applying relo to instruction at byte offset: 776, \x09       insn offset 97 , insn 118
[   12.790814] LibBpfLoader: 
[   12.790867] LibBpfLoader: applying relo to instruction at byte offset: 864, \x09       insn offset 108 , insn 118
[   12.790870] LibBpfLoader: 
[   12.790922] LibBpfLoader: applying relo to instruction at byte offset: 960, \x09       insn offset 120 , insn 118
[   12.790925] LibBpfLoader: 
[   12.790979] LibBpfLoader: applying relo to instruction at byte offset: 1056, \x09       insn offset 132 , insn 118
[   12.790982] LibBpfLoader: 
[   12.791036] LibBpfLoader: applying relo to instruction at byte offset: 1152, \x09       insn offset 144 , insn 118
[   12.791039] LibBpfLoader: 
[   12.791091] LibBpfLoader: applying relo to instruction at byte offset: 1248, \x09       insn offset 156 , insn 118
[   12.791093] LibBpfLoader: 
[   12.791148] LibBpfLoader: applying relo to instruction at byte offset: 1344, \x09       insn offset 168 , insn 118
[   12.791150] LibBpfLoader: 
[   12.791204] LibBpfLoader: applying relo to instruction at byte offset: 1520, \x09       insn offset 190 , insn 118
[   12.791207] LibBpfLoader: 
[   12.791261] LibBpfLoader: applying relo to instruction at byte offset: 1600, \x09       insn offset 200 , insn 118
[   12.791264] LibBpfLoader: 
[   12.791317] LibBpfLoader: applying relo to instruction at byte offset: 1672, \x09       insn offset 209 , insn 118
[   12.791320] LibBpfLoader: 
[   12.791372] LibBpfLoader: applying relo to instruction at byte offset: 1752, \x09       insn offset 219 , insn 118
[   12.791375] LibBpfLoader: 
[   12.791428] LibBpfLoader: applying relo to instruction at byte offset: 1816, \x09       insn offset 227 , insn 118
[   12.791430] LibBpfLoader: 
[   12.791484] LibBpfLoader: applying relo to instruction at byte offset: 1904, \x09       insn offset 238 , insn 118
[   12.791486] LibBpfLoader: 
[   12.791538] LibBpfLoader: applying relo to instruction at byte offset: 2176, \x09       insn offset 272 , insn 118
[   12.791541] LibBpfLoader: 
[   12.791595] LibBpfLoader: applying relo to instruction at byte offset: 2328, \x09       insn offset 291 , insn 118
[   12.791598] LibBpfLoader: 
[   12.791651] LibBpfLoader: applying relo to instruction at byte offset: 2472, \x09       insn offset 309 , insn 118
[   12.791653] LibBpfLoader: 
[   12.791707] LibBpfLoader: applying relo to instruction at byte offset: 248, \x09       insn offset 31 , insn 118
[   12.791710] LibBpfLoader: 
[   12.791762] LibBpfLoader: applying relo to instruction at byte offset: 632, \x09       insn offset 79 , insn 118
[   12.791765] LibBpfLoader: 
[   12.791819] LibBpfLoader: applying relo to instruction at byte offset: 704, \x09       insn offset 88 , insn 118
[   12.791822] LibBpfLoader: 
[   12.791875] LibBpfLoader: applying relo to instruction at byte offset: 776, \x09       insn offset 97 , insn 118
[   12.791878] LibBpfLoader: 
[   12.791930] LibBpfLoader: applying relo to instruction at byte offset: 864, \x09       insn offset 108 , insn 118
[   12.791933] LibBpfLoader: 
[   12.791986] LibBpfLoader: applying relo to instruction at byte offset: 960, \x09       insn offset 120 , insn 118
[   12.791989] LibBpfLoader: 
[   12.792042] LibBpfLoader: applying relo to instruction at byte offset: 1056, \x09       insn offset 132 , insn 118
[   12.792044] LibBpfLoader: 
[   12.792096] LibBpfLoader: applying relo to instruction at byte offset: 1152, \x09       insn offset 144 , insn 118
[   12.792099] LibBpfLoader: 
[   12.792151] LibBpfLoader: applying relo to instruction at byte offset: 1248, \x09       insn offset 156 , insn 118
[   12.792154] LibBpfLoader: 
[   12.792206] LibBpfLoader: applying relo to instruction at byte offset: 1344, \x09       insn offset 168 , insn 118
[   12.792209] LibBpfLoader: 
[   12.792262] LibBpfLoader: applying relo to instruction at byte offset: 1520, \x09       insn offset 190 , insn 118
[   12.792265] LibBpfLoader: 
[   12.792318] LibBpfLoader: applying relo to instruction at byte offset: 1600, \x09       insn offset 200 , insn 118
[   12.792320] LibBpfLoader: 
[   12.792374] LibBpfLoader: applying relo to instruction at byte offset: 1672, \x09       insn offset 209 , insn 118
[   12.792377] LibBpfLoader: 
[   12.792430] LibBpfLoader: applying relo to instruction at byte offset: 1752, \x09       insn offset 219 , insn 118
[   12.792433] LibBpfLoader: 
[   12.792485] LibBpfLoader: applying relo to instruction at byte offset: 1816, \x09       insn offset 227 , insn 118
[   12.792488] LibBpfLoader: 
[   12.792542] LibBpfLoader: applying relo to instruction at byte offset: 1904, \x09       insn offset 238 , insn 118
[   12.792544] LibBpfLoader: 
[   12.792597] LibBpfLoader: applying relo to instruction at byte offset: 2176, \x09       insn offset 272 , insn 118
[   12.792600] LibBpfLoader: 
[   12.792653] LibBpfLoader: applying relo to instruction at byte offset: 2328, \x09       insn offset 291 , insn 118
[   12.792655] LibBpfLoader: 
[   12.792710] LibBpfLoader: applying relo to instruction at byte offset: 2472, \x09       insn offset 309 , insn 118
[   12.792712] LibBpfLoader: 
[   12.792768] LibBpfLoader: applying relo to instruction at byte offset: 248, \x09       insn offset 31 , insn 118
[   12.792771] LibBpfLoader: 
[   12.792824] LibBpfLoader: applying relo to instruction at byte offset: 632, \x09       insn offset 79 , insn 118
[   12.792827] LibBpfLoader: 
[   12.792880] LibBpfLoader: applying relo to instruction at byte offset: 704, \x09       insn offset 88 , insn 118
[   12.792882] LibBpfLoader: 
[   12.792936] LibBpfLoader: applying relo to instruction at byte offset: 776, \x09       insn offset 97 , insn 118
[   12.792938] LibBpfLoader: 
[   12.792992] LibBpfLoader: applying relo to instruction at byte offset: 864, \x09       insn offset 108 , insn 118
[   12.792995] LibBpfLoader: 
[   12.793048] LibBpfLoader: applying relo to instruction at byte offset: 960, \x09       insn offset 120 , insn 118
[   12.793050] LibBpfLoader: 
[   12.793102] LibBpfLoader: applying relo to instruction at byte offset: 1056, \x09       insn offset 132 , insn 118
[   12.793105] LibBpfLoader: 
[   12.793158] LibBpfLoader: applying relo to instruction at byte offset: 1152, \x09       insn offset 144 , insn 118
[   12.793161] LibBpfLoader: 
[   12.793214] LibBpfLoader: applying relo to instruction at byte offset: 1248, \x09       insn offset 156 , insn 118
[   12.793216] LibBpfLoader: 
[   12.793269] LibBpfLoader: applying relo to instruction at byte offset: 1344, \x09       insn offset 168 , insn 118
[   12.793272] LibBpfLoader: 
[   12.793325] LibBpfLoader: applying relo to instruction at byte offset: 1520, \x09       insn offset 190 , insn 118
[   12.793328] LibBpfLoader: 
[   12.793381] LibBpfLoader: applying relo to instruction at byte offset: 1600, \x09       insn offset 200 , insn 118
[   12.793384] LibBpfLoader: 
[   12.793436] LibBpfLoader: applying relo to instruction at byte offset: 1672, \x09       insn offset 209 , insn 118
[   12.793439] LibBpfLoader: 
[   12.793490] LibBpfLoader: applying relo to instruction at byte offset: 1752, \x09       insn offset 219 , insn 118
[   12.793493] LibBpfLoader: 
[   12.793545] LibBpfLoader: applying relo to instruction at byte offset: 1816, \x09       insn offset 227 , insn 118
[   12.793548] LibBpfLoader: 
[   12.793600] LibBpfLoader: applying relo to instruction at byte offset: 1904, \x09       insn offset 238 , insn 118
[   12.793603] LibBpfLoader: 
[   12.793655] LibBpfLoader: applying relo to instruction at byte offset: 2176, \x09       insn offset 272 , insn 118
[   12.793658] LibBpfLoader: 
[   12.793710] LibBpfLoader: applying relo to instruction at byte offset: 2328, \x09       insn offset 291 , insn 118
[   12.793713] LibBpfLoader: 
[   12.793766] LibBpfLoader: applying relo to instruction at byte offset: 2472, \x09       insn offset 309 , insn 118
[   12.793769] LibBpfLoader: 
[   12.793826] LibBpfLoader: applying relo to instruction at byte offset: 248, \x09       insn offset 31 , insn 118
[   12.793828] LibBpfLoader: 
[   12.793881] LibBpfLoader: applying relo to instruction at byte offset: 632, \x09       insn offset 79 , insn 118
[   12.793884] LibBpfLoader: 
[   12.793937] LibBpfLoader: applying relo to instruction at byte offset: 704, \x09       insn offset 88 , insn 118
[   12.793940] LibBpfLoader: 
[   12.793992] LibBpfLoader: applying relo to instruction at byte offset: 776, \x09       insn offset 97 , insn 118
[   12.793995] LibBpfLoader: 
[   12.794047] LibBpfLoader: applying relo to instruction at byte offset: 864, \x09       insn offset 108 , insn 118
[   12.794049] LibBpfLoader: 
[   12.794103] LibBpfLoader: applying relo to instruction at byte offset: 960, \x09       insn offset 120 , insn 118
[   12.794106] LibBpfLoader: 
[   12.794159] LibBpfLoader: applying relo to instruction at byte offset: 1056, \x09       insn offset 132 , insn 118
[   12.794162] LibBpfLoader: 
[   12.794215] LibBpfLoader: applying relo to instruction at byte offset: 1152, \x09       insn offset 144 , insn 118
[   12.794218] LibBpfLoader: 
[   12.794271] LibBpfLoader: applying relo to instruction at byte offset: 1248, \x09       insn offset 156 , insn 118
[   12.794274] LibBpfLoader: 
[   12.794327] LibBpfLoader: applying relo to instruction at byte offset: 1344, \x09       insn offset 168 , insn 118
[   12.794329] LibBpfLoader: 
[   12.794384] LibBpfLoader: applying relo to instruction at byte offset: 1520, \x09       insn offset 190 , insn 118
[   12.794387] LibBpfLoader: 
[   12.794438] LibBpfLoader: applying relo to instruction at byte offset: 1600, \x09       insn offset 200 , insn 118
[   12.794441] LibBpfLoader: 
[   12.794494] LibBpfLoader: applying relo to instruction at byte offset: 1672, \x09       insn offset 209 , insn 118
[   12.794497] LibBpfLoader: 
[   12.794549] LibBpfLoader: applying relo to instruction at byte offset: 1752, \x09       insn offset 219 , insn 118
[   12.794551] LibBpfLoader: 
[   12.794604] LibBpfLoader: applying relo to instruction at byte offset: 1816, \x09       insn offset 227 , insn 118
[   12.794607] LibBpfLoader: 
[   12.794660] LibBpfLoader: applying relo to instruction at byte offset: 1904, \x09       insn offset 238 , insn 118
[   12.794662] LibBpfLoader: 
[   12.794715] LibBpfLoader: applying relo to instruction at byte offset: 2176, \x09       insn offset 272 , insn 118
[   12.794718] LibBpfLoader: 
[   12.794771] LibBpfLoader: applying relo to instruction at byte offset: 2328, \x09       insn offset 291 , insn 118
[   12.794774] LibBpfLoader: 
[   12.794836] LibBpfLoader: applying relo to instruction at byte offset: 2472, \x09       insn offset 309 , insn 118
[   12.794839] LibBpfLoader: 
[   12.794894] LibBpfLoader: applying relo to instruction at byte offset: 304, \x09       insn offset 38 , insn 118
[   12.794897] LibBpfLoader: 
[   12.794949] LibBpfLoader: applying relo to instruction at byte offset: 688, \x09       insn offset 86 , insn 118
[   12.794952] LibBpfLoader: 
[   12.795005] LibBpfLoader: applying relo to instruction at byte offset: 760, \x09       insn offset 95 , insn 118
[   12.795008] LibBpfLoader: 
[   12.795060] LibBpfLoader: applying relo to instruction at byte offset: 832, \x09       insn offset 104 , insn 118
[   12.795063] LibBpfLoader: 
[   12.795115] LibBpfLoader: applying relo to instruction at byte offset: 920, \x09       insn offset 115 , insn 118
[   12.795118] LibBpfLoader: 
[   12.795170] LibBpfLoader: applying relo to instruction at byte offset: 1016, \x09       insn offset 127 , insn 118
[   12.795173] LibBpfLoader: 
[   12.795227] LibBpfLoader: applying relo to instruction at byte offset: 1120, \x09       insn offset 140 , insn 118
[   12.795229] LibBpfLoader: 
[   12.795283] LibBpfLoader: applying relo to instruction at byte offset: 1216, \x09       insn offset 152 , insn 118
[   12.795286] LibBpfLoader: 
[   12.795339] LibBpfLoader: applying relo to instruction at byte offset: 1312, \x09       insn offset 164 , insn 118
[   12.795341] LibBpfLoader: 
[   12.795394] LibBpfLoader: applying relo to instruction at byte offset: 1408, \x09       insn offset 176 , insn 118
[   12.795397] LibBpfLoader: 
[   12.795452] LibBpfLoader: applying relo to instruction at byte offset: 1680, \x09       insn offset 210 , insn 118
[   12.795455] LibBpfLoader: 
[   12.795510] LibBpfLoader: applying relo to instruction at byte offset: 1760, \x09       insn offset 220 , insn 118
[   12.795513] LibBpfLoader: 
[   12.795565] LibBpfLoader: applying relo to instruction at byte offset: 1832, \x09       insn offset 229 , insn 118
[   12.795568] LibBpfLoader: 
[   12.795622] LibBpfLoader: applying relo to instruction at byte offset: 1912, \x09       insn offset 239 , insn 118
[   12.795625] LibBpfLoader: 
[   12.795677] LibBpfLoader: applying relo to instruction at byte offset: 1976, \x09       insn offset 247 , insn 118
[   12.795680] LibBpfLoader: 
[   12.795733] LibBpfLoader: applying relo to instruction at byte offset: 2064, \x09       insn offset 258 , insn 118
[   12.795736] LibBpfLoader: 
[   12.795789] LibBpfLoader: applying relo to instruction at byte offset: 2360, \x09       insn offset 295 , insn 118
[   12.795791] LibBpfLoader: 
[   12.795845] LibBpfLoader: applying relo to instruction at byte offset: 304, \x09       insn offset 38 , insn 118
[   12.795848] LibBpfLoader: 
[   12.795902] LibBpfLoader: applying relo to instruction at byte offset: 688, \x09       insn offset 86 , insn 118
[   12.795904] LibBpfLoader: 
[   12.795956] LibBpfLoader: applying relo to instruction at byte offset: 760, \x09       insn offset 95 , insn 118
[   12.795959] LibBpfLoader: 
[   12.796013] LibBpfLoader: applying relo to instruction at byte offset: 832, \x09       insn offset 104 , insn 118
[   12.796016] LibBpfLoader: 
[   12.796067] LibBpfLoader: applying relo to instruction at byte offset: 920, \x09       insn offset 115 , insn 118
[   12.796069] LibBpfLoader: 
[   12.796123] LibBpfLoader: applying relo to instruction at byte offset: 1016, \x09       insn offset 127 , insn 118
[   12.796125] LibBpfLoader: 
[   12.796180] LibBpfLoader: applying relo to instruction at byte offset: 1120, \x09       insn offset 140 , insn 118
[   12.796183] LibBpfLoader: 
[   12.796235] LibBpfLoader: applying relo to instruction at byte offset: 1216, \x09       insn offset 152 , insn 118
[   12.796238] LibBpfLoader: 
[   12.796291] LibBpfLoader: applying relo to instruction at byte offset: 1312, \x09       insn offset 164 , insn 118
[   12.796293] LibBpfLoader: 
[   12.796346] LibBpfLoader: applying relo to instruction at byte offset: 1408, \x09       insn offset 176 , insn 118
[   12.796349] LibBpfLoader: 
[   12.796401] LibBpfLoader: applying relo to instruction at byte offset: 1680, \x09       insn offset 210 , insn 118
[   12.796404] LibBpfLoader: 
[   12.796457] LibBpfLoader: applying relo to instruction at byte offset: 1760, \x09       insn offset 220 , insn 118
[   12.796459] LibBpfLoader: 
[   12.796512] LibBpfLoader: applying relo to instruction at byte offset: 1832, \x09       insn offset 229 , insn 118
[   12.796515] LibBpfLoader: 
[   12.796567] LibBpfLoader: applying relo to instruction at byte offset: 1912, \x09       insn offset 239 , insn 118
[   12.796570] LibBpfLoader: 
[   12.796622] LibBpfLoader: applying relo to instruction at byte offset: 1976, \x09       insn offset 247 , insn 118
[   12.796624] LibBpfLoader: 
[   12.796677] LibBpfLoader: applying relo to instruction at byte offset: 2064, \x09       insn offset 258 , insn 118
[   12.796680] LibBpfLoader: 
[   12.796732] LibBpfLoader: applying relo to instruction at byte offset: 2360, \x09       insn offset 295 , insn 118
[   12.796734] LibBpfLoader: 
[   12.796750] LibBpfLoader: cs[0].name:schedcls_tether_downstream6_ether min_kver:0 .max_kver:ffffffff (kvers:404012e)
[   12.796757] LibBpfLoader: cs[0].name:schedcls_tether_downstream6_ether requires bpfloader version [0x00000,0x10000)
[   12.797928] bpf_jit: *** NOT YET: opcode c3 ***
[   12.797971] LibBpfLoader: bpf_prog_load lib call for /apex/com.android.tethering/etc/bpf/offload.o (schedcls_tether_downstream6_ether) returned fd: 15 (no error)
[   12.798186] LibBpfLoader: bpf_obj_get_info_by_fd failed, ret: -1 [22]
[   12.798201] LibBpfLoader: cs[1].name:schedcls_tether_upstream6_ether min_kver:0 .max_kver:ffffffff (kvers:404012e)
[   12.798208] LibBpfLoader: cs[1].name:schedcls_tether_upstream6_ether requires bpfloader version [0x00000,0x10000)
[   12.799152] LibBpfLoader: bpf_prog_load lib call for /apex/com.android.tethering/etc/bpf/offload.o (schedcls_tether_upstream6_ether) returned fd: 16 (no error)
[   12.799363] LibBpfLoader: bpf_obj_get_info_by_fd failed, ret: -1 [22]
[   12.799380] LibBpfLoader: cs[2].name:schedcls_tether_downstream6_rawip$5_4 min_kver:5040000 .max_kver:ffffffff (kvers:404012e)
[   12.799385] LibBpfLoader: cs[3].name:schedcls_tether_upstream6_rawip$5_4 min_kver:5040000 .max_kver:ffffffff (kvers:404012e)
[   12.799390] LibBpfLoader: cs[4].name:schedcls_tether_downstream6_rawip$4_14 min_kver:40e0000 .max_kver:5040000 (kvers:404012e)
[   12.799394] LibBpfLoader: cs[5].name:schedcls_tether_upstream6_rawip$4_14 min_kver:40e0000 .max_kver:5040000 (kvers:404012e)
[   12.799399] LibBpfLoader: cs[6].name:schedcls_tether_downstream6_rawip$stub min_kver:0 .max_kver:5040000 (kvers:404012e)
[   12.799404] LibBpfLoader: cs[6].name:schedcls_tether_downstream6_rawip$stub requires bpfloader version [0x00000,0x10000)
[   12.799902] LibBpfLoader: bpf_prog_load lib call for /apex/com.android.tethering/etc/bpf/offload.o (schedcls_tether_downstream6_rawip$stub) returned fd: 17 (no error)
[   12.800138] LibBpfLoader: bpf_obj_get_info_by_fd failed, ret: -1 [22]
[   12.800155] LibBpfLoader: cs[7].name:schedcls_tether_upstream6_rawip$stub min_kver:0 .max_kver:5040000 (kvers:404012e)
[   12.800161] LibBpfLoader: cs[7].name:schedcls_tether_upstream6_rawip$stub requires bpfloader version [0x00000,0x10000)
[   12.800901] LibBpfLoader: bpf_prog_load lib call for /apex/com.android.tethering/etc/bpf/offload.o (schedcls_tether_upstream6_rawip$stub) returned fd: 18 (no error)
[   12.801102] LibBpfLoader: bpf_obj_get_info_by_fd failed, ret: -1 [22]
[   12.801116] LibBpfLoader: cs[8].name:schedcls_tether_downstream4_rawip$5_8 min_kver:5080000 .max_kver:ffffffff (kvers:404012e)
[   12.801122] LibBpfLoader: cs[9].name:schedcls_tether_upstream4_rawip$5_8 min_kver:5080000 .max_kver:ffffffff (kvers:404012e)
[   12.801126] LibBpfLoader: cs[10].name:schedcls_tether_downstream4_ether$5_8 min_kver:5080000 .max_kver:ffffffff (kvers:404012e)
[   12.801130] LibBpfLoader: cs[11].name:schedcls_tether_upstream4_ether$5_8 min_kver:5080000 .max_kver:ffffffff (kvers:404012e)
[   12.801135] LibBpfLoader: cs[12].name:schedcls_tether_downstream4_rawip$opt min_kver:40e0000 .max_kver:5080000 (kvers:404012e)
[   12.801139] LibBpfLoader: cs[13].name:schedcls_tether_upstream4_rawip$opt min_kver:40e0000 .max_kver:5080000 (kvers:404012e)
[   12.801143] LibBpfLoader: cs[14].name:schedcls_tether_downstream4_ether$opt min_kver:40e0000 .max_kver:5080000 (kvers:404012e)
[   12.801147] LibBpfLoader: cs[15].name:schedcls_tether_upstream4_ether$opt min_kver:40e0000 .max_kver:5080000 (kvers:404012e)
[   12.801151] LibBpfLoader: cs[16].name:schedcls_tether_downstream4_rawip$5_4 min_kver:5040000 .max_kver:5080000 (kvers:404012e)
[   12.801155] LibBpfLoader: cs[17].name:schedcls_tether_upstream4_rawip$5_4 min_kver:5040000 .max_kver:5080000 (kvers:404012e)
[   12.801159] LibBpfLoader: cs[18].name:schedcls_tether_downstream4_rawip$4_14 min_kver:40e0000 .max_kver:5040000 (kvers:404012e)
[   12.801164] LibBpfLoader: cs[19].name:schedcls_tether_upstream4_rawip$4_14 min_kver:40e0000 .max_kver:5040000 (kvers:404012e)
[   12.801168] LibBpfLoader: cs[20].name:schedcls_tether_downstream4_ether$4_14 min_kver:40e0000 .max_kver:5080000 (kvers:404012e)
[   12.801172] LibBpfLoader: cs[21].name:schedcls_tether_upstream4_ether$4_14 min_kver:40e0000 .max_kver:5080000 (kvers:404012e)
[   12.801176] LibBpfLoader: cs[22].name:schedcls_tether_downstream4_rawip$stub min_kver:0 .max_kver:5040000 (kvers:404012e)
[   12.801182] LibBpfLoader: cs[22].name:schedcls_tether_downstream4_rawip$stub requires bpfloader version [0x00000,0x10000)
[   12.801890] LibBpfLoader: bpf_prog_load lib call for /apex/com.android.tethering/etc/bpf/offload.o (schedcls_tether_downstream4_rawip$stub) returned fd: 19 (no error)
[   12.802098] LibBpfLoader: bpf_obj_get_info_by_fd failed, ret: -1 [22]
[   12.802111] LibBpfLoader: cs[23].name:schedcls_tether_upstream4_rawip$stub min_kver:0 .max_kver:5040000 (kvers:404012e)
[   12.802117] LibBpfLoader: cs[23].name:schedcls_tether_upstream4_rawip$stub requires bpfloader version [0x00000,0x10000)
[   12.802852] LibBpfLoader: bpf_prog_load lib call for /apex/com.android.tethering/etc/bpf/offload.o (schedcls_tether_upstream4_rawip$stub) returned fd: 20 (no error)
[   12.803055] LibBpfLoader: bpf_obj_get_info_by_fd failed, ret: -1 [22]
[   12.803070] LibBpfLoader: cs[24].name:schedcls_tether_downstream4_ether$stub min_kver:0 .max_kver:40e0000 (kvers:404012e)
[   12.803076] LibBpfLoader: cs[24].name:schedcls_tether_downstream4_ether$stub requires bpfloader version [0x00000,0x10000)
[   12.803782] LibBpfLoader: bpf_prog_load lib call for /apex/com.android.tethering/etc/bpf/offload.o (schedcls_tether_downstream4_ether$stub) returned fd: 21 (no error)
[   12.803987] LibBpfLoader: bpf_obj_get_info_by_fd failed, ret: -1 [22]
[   12.804001] LibBpfLoader: cs[25].name:schedcls_tether_upstream4_ether$stub min_kver:0 .max_kver:40e0000 (kvers:404012e)
[   12.804007] LibBpfLoader: cs[25].name:schedcls_tether_upstream4_ether$stub requires bpfloader version [0x00000,0x10000)
[   12.804717] LibBpfLoader: bpf_prog_load lib call for /apex/com.android.tethering/etc/bpf/offload.o (schedcls_tether_upstream4_ether$stub) returned fd: 22 (no error)
[   12.804916] LibBpfLoader: bpf_obj_get_info_by_fd failed, ret: -1 [22]
[   12.804930] LibBpfLoader: cs[26].name:xdp_tether_downstream_ether min_kver:5090000 .max_kver:ffffffff (kvers:404012e)
[   12.804935] LibBpfLoader: cs[27].name:xdp_tether_downstream_rawip min_kver:5090000 .max_kver:ffffffff (kvers:404012e)
[   12.804940] LibBpfLoader: cs[28].name:xdp_tether_upstream_ether min_kver:5090000 .max_kver:ffffffff (kvers:404012e)
[   12.804944] LibBpfLoader: cs[29].name:xdp_tether_upstream_rawip min_kver:5090000 .max_kver:ffffffff (kvers:404012e)
[   12.805038] bpfloader: Loaded object: /apex/com.android.tethering/etc/bpf/offload.o
[   12.808579] LibBpfLoader: Loading critical for netd ELF object /apex/com.android.tethering/etc/bpf/netd_shared/netd.o with license Apache 2.0
[   12.808619] LibBpfLoader: Section bpfloader_min_ver value is 13 [0xd]
[   12.808653] LibBpfLoader: Section bpfloader_max_ver value is 65536 [0x10000]
[   12.808683] LibBpfLoader: Section size_of_bpf_map_def value is 116 [0x74]
[   12.808714] LibBpfLoader: Section size_of_bpf_prog_def value is 92 [0x5c]
[   12.808721] LibBpfLoader: BpfLoader version 0x00013 processing ELF object /apex/com.android.tethering/etc/bpf/netd_shared/netd.o with ver [0x0000d,0x10000)
[   12.809399] LibBpfLoader: Loaded code section 3 (cgroupskb_ingress_stats)
[   12.809542] LibBpfLoader: Loaded relo section 3 (.relcgroupskb/ingress/stats)
[   12.809549] LibBpfLoader: Adding section 3 to cs list
[   12.809596] LibBpfLoader: Loaded code section 5 (cgroupskb_egress_stats)
[   12.809758] LibBpfLoader: Loaded relo section 5 (.relcgroupskb/egress/stats)
[   12.809765] LibBpfLoader: Adding section 5 to cs list
[   12.809813] LibBpfLoader: Loaded code section 7 (skfilter_egress_xtbpf)
[   12.809997] LibBpfLoader: Loaded relo section 7 (.relskfilter/egress/xtbpf)
[   12.810002] LibBpfLoader: Adding section 7 to cs list
[   12.810082] LibBpfLoader: Loaded code section 9 (skfilter_ingress_xtbpf)
[   12.810298] LibBpfLoader: Loaded relo section 9 (.relskfilter/ingress/xtbpf)
[   12.810304] LibBpfLoader: Adding section 9 to cs list
[   12.810352] LibBpfLoader: Loaded code section 11 (schedact_ingress_account)
[   12.810589] LibBpfLoader: Loaded relo section 11 (.relschedact/ingress/account)
[   12.810595] LibBpfLoader: Adding section 11 to cs list
[   12.810641] LibBpfLoader: Loaded code section 13 (skfilter_allowlist_xtbpf)
[   12.810903] LibBpfLoader: Loaded relo section 13 (.relskfilter/allowlist/xtbpf)
[   12.810908] LibBpfLoader: Adding section 13 to cs list
[   12.810954] LibBpfLoader: Loaded code section 15 (skfilter_denylist_xtbpf)
[   12.811240] LibBpfLoader: Loaded relo section 15 (.relskfilter/denylist/xtbpf)
[   12.811245] LibBpfLoader: Adding section 15 to cs list
[   12.811324] LibBpfLoader: Loaded code section 17 (cgroupsock_inet_create)
[   12.811646] LibBpfLoader: Loaded relo section 17 (.relcgroupsock/inet/create)
[   12.811652] LibBpfLoader: Adding section 17 to cs list
[   12.812439] LibBpfLoader: Couldn't find section btf_min_bpfloader_ver (defaulting to 0 [0x0]).
[   12.812471] LibBpfLoader: Couldn't find section btf_min_kernel_ver (defaulting to 0 [0x0]).
[   12.812503] LibBpfLoader: map configuration_map selinux_context [            fs_bpf_netd_readonly] -> 5 -> 'fs_bpf_netd_readonly' (netd_readonly/)
[   12.812564] LibBpfLoader: bpf_create_map name configuration_map, ret: 6
[   12.812651] LibBpfLoader: bpf_obj_get_info_by_fd failed, ret: -1 [22]
[   12.813328] LibBpfLoader: bpf_create_map name cookie_tag_map, ret: 7
[   12.813405] LibBpfLoader: bpf_obj_get_info_by_fd failed, ret: -1 [22]
[   12.813424] LibBpfLoader: map uid_counterset_map selinux_context [               fs_bpf_net_shared] -> 4 -> 'fs_bpf_net_shared' (net_shared/)
[   12.813838] LibBpfLoader: bpf_create_map name uid_counterset_map, ret: 8
[   12.813927] LibBpfLoader: bpf_obj_get_info_by_fd failed, ret: -1 [22]
[   12.813942] LibBpfLoader: map app_uid_stats_map selinux_context [               fs_bpf_net_shared] -> 4 -> 'fs_bpf_net_shared' (net_shared/)
[   12.814447] LibBpfLoader: bpf_create_map name app_uid_stats_map, ret: 9
[   12.814552] LibBpfLoader: bpf_obj_get_info_by_fd failed, ret: -1 [22]
[   12.815094] LibBpfLoader: bpf_create_map name stats_map_A, ret: 10
[   12.815166] LibBpfLoader: bpf_obj_get_info_by_fd failed, ret: -1 [22]
[   12.815185] LibBpfLoader: map stats_map_B selinux_context [            fs_bpf_netd_readonly] -> 5 -> 'fs_bpf_netd_readonly' (netd_readonly/)
[   12.815697] LibBpfLoader: bpf_create_map name stats_map_B, ret: 11
[   12.815793] LibBpfLoader: bpf_obj_get_info_by_fd failed, ret: -1 [22]
[   12.815807] LibBpfLoader: map iface_stats_map selinux_context [               fs_bpf_net_shared] -> 4 -> 'fs_bpf_net_shared' (net_shared/)
[   12.816144] LibBpfLoader: bpf_create_map name iface_stats_map, ret: 12
[   12.816231] LibBpfLoader: bpf_obj_get_info_by_fd failed, ret: -1 [22]
[   12.816243] LibBpfLoader: map uid_owner_map selinux_context [               fs_bpf_net_shared] -> 4 -> 'fs_bpf_net_shared' (net_shared/)
[   12.816421] LibBpfLoader: bpf_create_map name uid_owner_map, ret: 13
[   12.816493] LibBpfLoader: bpf_obj_get_info_by_fd failed, ret: -1 [22]
[   12.816682] LibBpfLoader: bpf_create_map name uid_permission_map, ret: 14
[   12.816745] LibBpfLoader: bpf_obj_get_info_by_fd failed, ret: -1 [22]
[   12.816760] LibBpfLoader: map iface_index_name_map selinux_context [               fs_bpf_net_shared] -> 4 -> 'fs_bpf_net_shared' (net_shared/)
[   12.817071] LibBpfLoader: bpf_create_map name iface_index_name_map, ret: 15
[   12.817154] LibBpfLoader: bpf_obj_get_info_by_fd failed, ret: -1 [22]
[   12.817167] LibBpfLoader: map_fd found at 0 is 6 in /apex/com.android.tethering/etc/bpf/netd_shared/netd.o
[   12.817171] LibBpfLoader: map_fd found at 1 is 7 in /apex/com.android.tethering/etc/bpf/netd_shared/netd.o
[   12.817175] LibBpfLoader: map_fd found at 2 is 8 in /apex/com.android.tethering/etc/bpf/netd_shared/netd.o
[   12.817178] LibBpfLoader: map_fd found at 3 is 9 in /apex/com.android.tethering/etc/bpf/netd_shared/netd.o
[   12.817181] LibBpfLoader: map_fd found at 4 is 10 in /apex/com.android.tethering/etc/bpf/netd_shared/netd.o
[   12.817185] LibBpfLoader: map_fd found at 5 is 11 in /apex/com.android.tethering/etc/bpf/netd_shared/netd.o
[   12.817188] LibBpfLoader: map_fd found at 6 is 12 in /apex/com.android.tethering/etc/bpf/netd_shared/netd.o
[   12.817191] LibBpfLoader: map_fd found at 7 is 13 in /apex/com.android.tethering/etc/bpf/netd_shared/netd.o
[   12.817195] LibBpfLoader: map_fd found at 8 is 14 in /apex/com.android.tethering/etc/bpf/netd_shared/netd.o
[   12.817198] LibBpfLoader: map_fd found at 9 is 15 in /apex/com.android.tethering/etc/bpf/netd_shared/netd.o
[   12.817702] LibBpfLoader: applying relo to instruction at byte offset: 72, \x09       insn offset 9 , insn 118
[   12.817707] LibBpfLoader: 
[   12.817744] LibBpfLoader: applying relo to instruction at byte offset: 624, \x09       insn offset 78 , insn 118
[   12.817747] LibBpfLoader: 
[   12.817780] LibBpfLoader: applying relo to instruction at byte offset: 688, \x09       insn offset 86 , insn 118
[   12.817783] LibBpfLoader: 
[   12.817813] LibBpfLoader: applying relo to instruction at byte offset: 1696, \x09       insn offset 212 , insn 118
[   12.817816] LibBpfLoader: 
[   12.817847] LibBpfLoader: applying relo to instruction at byte offset: 1776, \x09       insn offset 222 , insn 118
[   12.817850] LibBpfLoader: 
[   12.817880] LibBpfLoader: applying relo to instruction at byte offset: 1896, \x09       insn offset 237 , insn 118
[   12.817883] LibBpfLoader: 
[   12.817913] LibBpfLoader: applying relo to instruction at byte offset: 2000, \x09       insn offset 250 , insn 118
[   12.817916] LibBpfLoader: 
[   12.817947] LibBpfLoader: applying relo to instruction at byte offset: 2040, \x09       insn offset 255 , insn 118
[   12.817949] LibBpfLoader: 
[   12.817979] LibBpfLoader: applying relo to instruction at byte offset: 2184, \x09       insn offset 273 , insn 118
[   12.817982] LibBpfLoader: 
[   12.818012] LibBpfLoader: applying relo to instruction at byte offset: 2288, \x09       insn offset 286 , insn 118
[   12.818015] LibBpfLoader: 
[   12.818046] LibBpfLoader: applying relo to instruction at byte offset: 2328, \x09       insn offset 291 , insn 118
[   12.818048] LibBpfLoader: 
[   12.818078] LibBpfLoader: applying relo to instruction at byte offset: 2600, \x09       insn offset 325 , insn 118
[   12.818080] LibBpfLoader: 
[   12.818110] LibBpfLoader: applying relo to instruction at byte offset: 2704, \x09       insn offset 338 , insn 118
[   12.818113] LibBpfLoader: 
[   12.818143] LibBpfLoader: applying relo to instruction at byte offset: 2744, \x09       insn offset 343 , insn 118
[   12.818145] LibBpfLoader: 
[   12.818175] LibBpfLoader: applying relo to instruction at byte offset: 2888, \x09       insn offset 361 , insn 118
[   12.818178] LibBpfLoader: 
[   12.818207] LibBpfLoader: applying relo to instruction at byte offset: 2992, \x09       insn offset 374 , insn 118
[   12.818210] LibBpfLoader: 
[   12.818239] LibBpfLoader: applying relo to instruction at byte offset: 3032, \x09       insn offset 379 , insn 118
[   12.818242] LibBpfLoader: 
[   12.818272] LibBpfLoader: applying relo to instruction at byte offset: 3264, \x09       insn offset 408 , insn 118
[   12.818274] LibBpfLoader: 
[   12.818304] LibBpfLoader: applying relo to instruction at byte offset: 3368, \x09       insn offset 421 , insn 118
[   12.818306] LibBpfLoader: 
[   12.818336] LibBpfLoader: applying relo to instruction at byte offset: 3408, \x09       insn offset 426 , insn 118
[   12.818339] LibBpfLoader: 
[   12.818369] LibBpfLoader: applying relo to instruction at byte offset: 64, \x09       insn offset 8 , insn 118
[   12.818372] LibBpfLoader: 
[   12.818401] LibBpfLoader: applying relo to instruction at byte offset: 624, \x09       insn offset 78 , insn 118
[   12.818404] LibBpfLoader: 
[   12.818433] LibBpfLoader: applying relo to instruction at byte offset: 688, \x09       insn offset 86 , insn 118
[   12.818436] LibBpfLoader: 
[   12.818465] LibBpfLoader: applying relo to instruction at byte offset: 1296, \x09       insn offset 162 , insn 118
[   12.818468] LibBpfLoader: 
[   12.818498] LibBpfLoader: applying relo to instruction at byte offset: 1376, \x09       insn offset 172 , insn 118
[   12.818500] LibBpfLoader: 
[   12.818530] LibBpfLoader: applying relo to instruction at byte offset: 1504, \x09       insn offset 188 , insn 118
[   12.818533] LibBpfLoader: 
[   12.818562] LibBpfLoader: applying relo to instruction at byte offset: 1608, \x09       insn offset 201 , insn 118
[   12.818564] LibBpfLoader: 
[   12.818594] LibBpfLoader: applying relo to instruction at byte offset: 1648, \x09       insn offset 206 , insn 118
[   12.818596] LibBpfLoader: 
[   12.818626] LibBpfLoader: applying relo to instruction at byte offset: 2008, \x09       insn offset 251 , insn 118
[   12.818629] LibBpfLoader: 
[   12.818659] LibBpfLoader: applying relo to instruction at byte offset: 2112, \x09       insn offset 264 , insn 118
[   12.818662] LibBpfLoader: 
[   12.818692] LibBpfLoader: applying relo to instruction at byte offset: 2152, \x09       insn offset 269 , insn 118
[   12.818694] LibBpfLoader: 
[   12.818724] LibBpfLoader: applying relo to instruction at byte offset: 2424, \x09       insn offset 303 , insn 118
[   12.818726] LibBpfLoader: 
[   12.818757] LibBpfLoader: applying relo to instruction at byte offset: 2528, \x09       insn offset 316 , insn 118
[   12.818759] LibBpfLoader: 
[   12.818789] LibBpfLoader: applying relo to instruction at byte offset: 2568, \x09       insn offset 321 , insn 118
[   12.818792] LibBpfLoader: 
[   12.818821] LibBpfLoader: applying relo to instruction at byte offset: 2712, \x09       insn offset 339 , insn 118
[   12.818824] LibBpfLoader: 
[   12.818853] LibBpfLoader: applying relo to instruction at byte offset: 2816, \x09       insn offset 352 , insn 118
[   12.818856] LibBpfLoader: 
[   12.818885] LibBpfLoader: applying relo to instruction at byte offset: 2856, \x09       insn offset 357 , insn 118
[   12.818888] LibBpfLoader: 
[   12.818918] LibBpfLoader: applying relo to instruction at byte offset: 3088, \x09       insn offset 386 , insn 118
[   12.818921] LibBpfLoader: 
[   12.818950] LibBpfLoader: applying relo to instruction at byte offset: 3192, \x09       insn offset 399 , insn 118
[   12.818953] LibBpfLoader: 
[   12.818983] LibBpfLoader: applying relo to instruction at byte offset: 3232, \x09       insn offset 404 , insn 118
[   12.818986] LibBpfLoader: 
[   12.819016] LibBpfLoader: applying relo to instruction at byte offset: 96, \x09       insn offset 12 , insn 118
[   12.819019] LibBpfLoader: 
[   12.819049] LibBpfLoader: applying relo to instruction at byte offset: 184, \x09       insn offset 23 , insn 118
[   12.819051] LibBpfLoader: 
[   12.819081] LibBpfLoader: applying relo to instruction at byte offset: 288, \x09       insn offset 36 , insn 118
[   12.819084] LibBpfLoader: 
[   12.819113] LibBpfLoader: applying relo to instruction at byte offset: 328, \x09       insn offset 41 , insn 118
[   12.819116] LibBpfLoader: 
[   12.819146] LibBpfLoader: applying relo to instruction at byte offset: 40, \x09       insn offset 5 , insn 118
[   12.819149] LibBpfLoader: 
[   12.819178] LibBpfLoader: applying relo to instruction at byte offset: 144, \x09       insn offset 18 , insn 118
[   12.819181] LibBpfLoader: 
[   12.819210] LibBpfLoader: applying relo to instruction at byte offset: 184, \x09       insn offset 23 , insn 118
[   12.819213] LibBpfLoader: 
[   12.819243] LibBpfLoader: applying relo to instruction at byte offset: 56, \x09       insn offset 7 , insn 118
[   12.819246] LibBpfLoader: 
[   12.819276] LibBpfLoader: applying relo to instruction at byte offset: 160, \x09       insn offset 20 , insn 118
[   12.819278] LibBpfLoader: 
[   12.819308] LibBpfLoader: applying relo to instruction at byte offset: 200, \x09       insn offset 25 , insn 118
[   12.819311] LibBpfLoader: 
[   12.819341] LibBpfLoader: applying relo to instruction at byte offset: 136, \x09       insn offset 17 , insn 118
[   12.819344] LibBpfLoader: 
[   12.819375] LibBpfLoader: applying relo to instruction at byte offset: 32, \x09       insn offset 4 , insn 118
[   12.819378] LibBpfLoader: 
[   12.819408] LibBpfLoader: applying relo to instruction at byte offset: 80, \x09       insn offset 10 , insn 118
[   12.819411] LibBpfLoader: 
[   12.819424] LibBpfLoader: cs[0].name:cgroupskb_ingress_stats min_kver:0 .max_kver:ffffffff (kvers:404012e)
[   12.819431] LibBpfLoader: cs[0].name:cgroupskb_ingress_stats requires bpfloader version [0x00000,0x10000)
[   12.819437] LibBpfLoader: prog cgroupskb_ingress_stats selinux_context [            fs_bpf_netd_readonly] -> 5 -> 'fs_bpf_netd_readonly' (netd_readonly/)
[   12.863754] LibBpfLoader: bpf_prog_load lib call for /apex/com.android.tethering/etc/bpf/netd_shared/netd.o (cgroupskb_ingress_stats) returned fd: 16 (no error)
[   12.864009] LibBpfLoader: bpf_obj_get_info_by_fd failed, ret: -1 [22]
[   12.864023] LibBpfLoader: cs[1].name:cgroupskb_egress_stats min_kver:0 .max_kver:ffffffff (kvers:404012e)
[   12.864030] LibBpfLoader: cs[1].name:cgroupskb_egress_stats requires bpfloader version [0x00000,0x10000)
[   12.864036] LibBpfLoader: prog cgroupskb_egress_stats selinux_context [            fs_bpf_netd_readonly] -> 5 -> 'fs_bpf_netd_readonly' (netd_readonly/)
[   12.877260] LibBpfLoader: bpf_prog_load lib call for /apex/com.android.tethering/etc/bpf/netd_shared/netd.o (cgroupskb_egress_stats) returned fd: 17 (no error)
[   12.877507] LibBpfLoader: bpf_obj_get_info_by_fd failed, ret: -1 [22]
[   12.877521] LibBpfLoader: cs[2].name:skfilter_egress_xtbpf min_kver:0 .max_kver:ffffffff (kvers:404012e)
[   12.877528] LibBpfLoader: cs[2].name:skfilter_egress_xtbpf requires bpfloader version [0x00000,0x10000)
[   12.878264] LibBpfLoader: bpf_prog_load lib call for /apex/com.android.tethering/etc/bpf/netd_shared/netd.o (skfilter_egress_xtbpf) returned fd: 18 (no error)
[   12.878489] LibBpfLoader: bpf_obj_get_info_by_fd failed, ret: -1 [22]
[   12.878502] LibBpfLoader: cs[3].name:skfilter_ingress_xtbpf min_kver:0 .max_kver:ffffffff (kvers:404012e)
[   12.878508] LibBpfLoader: cs[3].name:skfilter_ingress_xtbpf requires bpfloader version [0x00000,0x10000)
[   12.879121] LibBpfLoader: bpf_prog_load lib call for /apex/com.android.tethering/etc/bpf/netd_shared/netd.o (skfilter_ingress_xtbpf) returned fd: 19 (no error)
[   12.879340] LibBpfLoader: bpf_obj_get_info_by_fd failed, ret: -1 [22]
[   12.879354] LibBpfLoader: cs[4].name:schedact_ingress_account min_kver:0 .max_kver:ffffffff (kvers:404012e)
[   12.879362] LibBpfLoader: cs[4].name:schedact_ingress_account requires bpfloader version [0x00000,0x10000)
[   12.879366] LibBpfLoader: prog schedact_ingress_account selinux_context [               fs_bpf_net_shared] -> 4 -> 'fs_bpf_net_shared' (net_shared/)
[   12.879978] LibBpfLoader: bpf_prog_load lib call for /apex/com.android.tethering/etc/bpf/netd_shared/netd.o (schedact_ingress_account) returned fd: 20 (no error)
[   12.880251] LibBpfLoader: bpf_obj_get_info_by_fd failed, ret: -1 [22]
[   12.880265] LibBpfLoader: cs[5].name:skfilter_allowlist_xtbpf min_kver:0 .max_kver:ffffffff (kvers:404012e)
[   12.880274] LibBpfLoader: cs[5].name:skfilter_allowlist_xtbpf requires bpfloader version [0x00000,0x10000)
[   12.880851] LibBpfLoader: bpf_prog_load lib call for /apex/com.android.tethering/etc/bpf/netd_shared/netd.o (skfilter_allowlist_xtbpf) returned fd: 21 (no error)
[   12.881065] LibBpfLoader: bpf_obj_get_info_by_fd failed, ret: -1 [22]
[   12.881080] LibBpfLoader: cs[6].name:skfilter_denylist_xtbpf min_kver:0 .max_kver:ffffffff (kvers:404012e)
[   12.881086] LibBpfLoader: cs[6].name:skfilter_denylist_xtbpf requires bpfloader version [0x00000,0x10000)
[   12.881871] LibBpfLoader: bpf_prog_load lib call for /apex/com.android.tethering/etc/bpf/netd_shared/netd.o (skfilter_denylist_xtbpf) returned fd: 22 (no error)
[   12.882091] LibBpfLoader: bpf_obj_get_info_by_fd failed, ret: -1 [22]
[   12.882111] LibBpfLoader: cs[7].name:cgroupsock_inet_create min_kver:40e0000 .max_kver:ffffffff (kvers:404012e)
[   12.882195] bpfloader: Loaded object: /apex/com.android.tethering/etc/bpf/netd_shared/netd.o
[   12.885638] LibBpfLoader: Loading critical for Connectivity ELF object /apex/com.android.tethering/etc/bpf/net_shared/dscp_policy.o with license Apache 2.0
[   12.885677] LibBpfLoader: Section bpfloader_min_ver value is 13 [0xd]
[   12.885708] LibBpfLoader: Section bpfloader_max_ver value is 65536 [0x10000]
[   12.885738] LibBpfLoader: Section size_of_bpf_map_def value is 116 [0x74]
[   12.885766] LibBpfLoader: Section size_of_bpf_prog_def value is 92 [0x5c]
[   12.885773] LibBpfLoader: BpfLoader version 0x00013 processing ELF object /apex/com.android.tethering/etc/bpf/net_shared/dscp_policy.o with ver [0x0000d,0x10000)
[   12.885801] msm-pcm-routing soc:qcom,msm-pcm-routing: ASoC: mux AUDIO_REF_EC_UL16 MUX has no paths
[   12.886160] LibBpfLoader: Loaded code section 3 (schedcls_set_dscp_ether)
[   12.886289] LibBpfLoader: Loaded relo section 3 (.relschedcls/set_dscp_ether)
[   12.886295] LibBpfLoader: Adding section 3 to cs list
[   12.886347] LibBpfLoader: Loaded code section 5 (schedcls_set_dscp_raw_ip)
[   12.886494] LibBpfLoader: Loaded relo section 5 (.relschedcls/set_dscp_raw_ip)
[   12.886500] LibBpfLoader: Adding section 5 to cs list
[   12.887020] LibBpfLoader: Couldn't find section btf_min_bpfloader_ver (defaulting to 0 [0x0]).
[   12.887046] LibBpfLoader: Couldn't find section btf_min_kernel_ver (defaulting to 0 [0x0]).
[   12.887121] LibBpfLoader: bpf_create_map name switch_comp_map, ret: 6
[   12.887194] LibBpfLoader: bpf_obj_get_info_by_fd failed, ret: -1 [22]
[   12.887237] LibBpfLoader: bpf_create_map name ipv4_socket_to_policies_map_A, ret: 7
[   12.887277] LibBpfLoader: bpf_obj_get_info_by_fd failed, ret: -1 [22]
[   12.887303] LibBpfLoader: bpf_create_map name ipv4_socket_to_policies_map_B, ret: 8
[   12.887342] LibBpfLoader: bpf_obj_get_info_by_fd failed, ret: -1 [22]
[   12.887371] LibBpfLoader: bpf_create_map name ipv6_socket_to_policies_map_A, ret: 9
[   12.887411] LibBpfLoader: bpf_obj_get_info_by_fd failed, ret: -1 [22]
[   12.887438] LibBpfLoader: bpf_create_map name ipv6_socket_to_policies_map_B, ret: 10
[   12.887475] LibBpfLoader: bpf_obj_get_info_by_fd failed, ret: -1 [22]
[   12.887500] LibBpfLoader: bpf_create_map name ipv4_dscp_policies_map, ret: 11
[   12.887537] LibBpfLoader: bpf_obj_get_info_by_fd failed, ret: -1 [22]
[   12.887556] LibBpfLoader: bpf_create_map name ipv6_dscp_policies_map, ret: 12
[   12.887592] LibBpfLoader: bpf_obj_get_info_by_fd failed, ret: -1 [22]
[   12.887602] LibBpfLoader: map_fd found at 0 is 6 in /apex/com.android.tethering/etc/bpf/net_shared/dscp_policy.o
[   12.887605] LibBpfLoader: map_fd found at 1 is 7 in /apex/com.android.tethering/etc/bpf/net_shared/dscp_policy.o
[   12.887609] LibBpfLoader: map_fd found at 2 is 8 in /apex/com.android.tethering/etc/bpf/net_shared/dscp_policy.o
[   12.887612] LibBpfLoader: map_fd found at 3 is 9 in /apex/com.android.tethering/etc/bpf/net_shared/dscp_policy.o
[   12.887615] LibBpfLoader: map_fd found at 4 is 10 in /apex/com.android.tethering/etc/bpf/net_shared/dscp_policy.o
[   12.887618] LibBpfLoader: map_fd found at 5 is 11 in /apex/com.android.tethering/etc/bpf/net_shared/dscp_policy.o
[   12.887622] LibBpfLoader: map_fd found at 6 is 12 in /apex/com.android.tethering/etc/bpf/net_shared/dscp_policy.o
[   12.887894] LibBpfLoader: applying relo to instruction at byte offset: 120, \x09       insn offset 15 , insn 118
[   12.887898] LibBpfLoader: 
[   12.887930] LibBpfLoader: applying relo to instruction at byte offset: 408, \x09       insn offset 51 , insn 118
[   12.887933] LibBpfLoader: 
[   12.887962] LibBpfLoader: applying relo to instruction at byte offset: 784, \x09       insn offset 98 , insn 118
[   12.887965] LibBpfLoader: 
[   12.887994] LibBpfLoader: applying relo to instruction at byte offset: 808, \x09       insn offset 101 , insn 118
[   12.887996] LibBpfLoader: 
[   12.888025] LibBpfLoader: applying relo to instruction at byte offset: 1448, \x09       insn offset 181 , insn 118
[   12.888027] LibBpfLoader: 
[   12.888055] LibBpfLoader: applying relo to instruction at byte offset: 2240, \x09       insn offset 280 , insn 118
[   12.888058] LibBpfLoader: 
[   12.888086] LibBpfLoader: applying relo to instruction at byte offset: 2496, \x09       insn offset 312 , insn 118
[   12.888089] LibBpfLoader: 
[   12.888117] LibBpfLoader: applying relo to instruction at byte offset: 2520, \x09       insn offset 315 , insn 118
[   12.888119] LibBpfLoader: 
[   12.888147] LibBpfLoader: applying relo to instruction at byte offset: 2752, \x09       insn offset 344 , insn 118
[   12.888150] LibBpfLoader: 
[   12.888177] LibBpfLoader: applying relo to instruction at byte offset: 2776, \x09       insn offset 347 , insn 118
[   12.888180] LibBpfLoader: 
[   12.888208] LibBpfLoader: applying relo to instruction at byte offset: 3504, \x09       insn offset 438 , insn 118
[   12.888210] LibBpfLoader: 
[   12.888237] LibBpfLoader: applying relo to instruction at byte offset: 4408, \x09       insn offset 551 , insn 118
[   12.888240] LibBpfLoader: 
[   12.888268] LibBpfLoader: applying relo to instruction at byte offset: 4776, \x09       insn offset 597 , insn 118
[   12.888270] LibBpfLoader: 
[   12.888298] LibBpfLoader: applying relo to instruction at byte offset: 4800, \x09       insn offset 600 , insn 118
[   12.888300] LibBpfLoader: 
[   12.888329] LibBpfLoader: applying relo to instruction at byte offset: 88, \x09       insn offset 11 , insn 118
[   12.888331] LibBpfLoader: 
[   12.888359] LibBpfLoader: applying relo to instruction at byte offset: 360, \x09       insn offset 45 , insn 118
[   12.888362] LibBpfLoader: 
[   12.888390] LibBpfLoader: applying relo to instruction at byte offset: 736, \x09       insn offset 92 , insn 118
[   12.888392] LibBpfLoader: 
[   12.888420] LibBpfLoader: applying relo to instruction at byte offset: 760, \x09       insn offset 95 , insn 118
[   12.888423] LibBpfLoader: 
[   12.888451] LibBpfLoader: applying relo to instruction at byte offset: 1400, \x09       insn offset 175 , insn 118
[   12.888453] LibBpfLoader: 
[   12.888482] LibBpfLoader: applying relo to instruction at byte offset: 2192, \x09       insn offset 274 , insn 118
[   12.888484] LibBpfLoader: 
[   12.888512] LibBpfLoader: applying relo to instruction at byte offset: 2448, \x09       insn offset 306 , insn 118
[   12.888515] LibBpfLoader: 
[   12.888543] LibBpfLoader: applying relo to instruction at byte offset: 2472, \x09       insn offset 309 , insn 118
[   12.888545] LibBpfLoader: 
[   12.888573] LibBpfLoader: applying relo to instruction at byte offset: 2704, \x09       insn offset 338 , insn 118
[   12.888576] LibBpfLoader: 
[   12.888603] LibBpfLoader: applying relo to instruction at byte offset: 2728, \x09       insn offset 341 , insn 118
[   12.888606] LibBpfLoader: 
[   12.888634] LibBpfLoader: applying relo to instruction at byte offset: 3456, \x09       insn offset 432 , insn 118
[   12.888636] LibBpfLoader: 
[   12.888664] LibBpfLoader: applying relo to instruction at byte offset: 4360, \x09       insn offset 545 , insn 118
[   12.888666] LibBpfLoader: 
[   12.888694] LibBpfLoader: applying relo to instruction at byte offset: 4728, \x09       insn offset 591 , insn 118
[   12.888696] LibBpfLoader: 
[   12.888724] LibBpfLoader: applying relo to instruction at byte offset: 4752, \x09       insn offset 594 , insn 118
[   12.888727] LibBpfLoader: 
[   12.888740] LibBpfLoader: cs[0].name:schedcls_set_dscp_ether min_kver:50f0000 .max_kver:ffffffff (kvers:404012e)
[   12.888745] LibBpfLoader: cs[1].name:schedcls_set_dscp_raw_ip min_kver:50f0000 .max_kver:ffffffff (kvers:404012e)
[   12.888787] bpfloader: Loaded object: /apex/com.android.tethering/etc/bpf/net_shared/dscp_policy.o
[   12.889149] LibBpfLoader: Loading critical for ConnectivityNative ELF object /apex/com.android.tethering/etc/bpf/net_shared/block.o with license Apache 2.0
[   12.889181] LibBpfLoader: Section bpfloader_min_ver value is 13 [0xd]
[   12.889211] LibBpfLoader: Section bpfloader_max_ver value is 65536 [0x10000]
[   12.889238] LibBpfLoader: Section size_of_bpf_map_def value is 116 [0x74]
[   12.889266] LibBpfLoader: Section size_of_bpf_prog_def value is 92 [0x5c]
[   12.889272] LibBpfLoader: BpfLoader version 0x00013 processing ELF object /apex/com.android.tethering/etc/bpf/net_shared/block.o with ver [0x0000d,0x10000)
[   12.889538] LibBpfLoader: Loaded code section 3 (bind4_block_port)
[   12.889645] LibBpfLoader: Loaded relo section 3 (.relbind4/block_port)
[   12.889651] LibBpfLoader: Adding section 3 to cs list
[   12.889693] LibBpfLoader: Loaded code section 5 (bind6_block_port)
[   12.889820] LibBpfLoader: Loaded relo section 5 (.relbind6/block_port)
[   12.889824] LibBpfLoader: Adding section 5 to cs list
[   12.890184] LibBpfLoader: Couldn't find section btf_min_bpfloader_ver (defaulting to 0 [0x0]).
[   12.890213] LibBpfLoader: Couldn't find section btf_min_kernel_ver (defaulting to 0 [0x0]).
[   12.890287] LibBpfLoader: bpf_create_map name blocked_ports_map, ret: 6
[   12.890344] LibBpfLoader: bpf_obj_get_info_by_fd failed, ret: -1 [22]
[   12.890355] LibBpfLoader: map_fd found at 0 is 6 in /apex/com.android.tethering/etc/bpf/net_shared/block.o
[   12.890518] LibBpfLoader: applying relo to instruction at byte offset: 168, \x09       insn offset 21 , insn 118
[   12.890522] LibBpfLoader: 
[   12.890551] LibBpfLoader: applying relo to instruction at byte offset: 168, \x09       insn offset 21 , insn 118
[   12.890554] LibBpfLoader: 
[   12.890564] LibBpfLoader: cs[0].name:bind4_block_port min_kver:5040000 .max_kver:ffffffff (kvers:404012e)
[   12.890568] LibBpfLoader: cs[1].name:bind6_block_port min_kver:5040000 .max_kver:ffffffff (kvers:404012e)
[   12.890597] bpfloader: Loaded object: /apex/com.android.tethering/etc/bpf/net_shared/block.o
[   12.891073] LibBpfLoader: Loading critical for netd ELF object /apex/com.android.tethering/etc/bpf/net_shared/clatd.o with license Apache 2.0
[   12.891107] LibBpfLoader: Section bpfloader_min_ver value is 13 [0xd]
[   12.891136] LibBpfLoader: Section bpfloader_max_ver value is 65536 [0x10000]
[   12.891164] LibBpfLoader: Section size_of_bpf_map_def value is 116 [0x74]
[   12.891192] LibBpfLoader: Section size_of_bpf_prog_def value is 92 [0x5c]
[   12.891198] LibBpfLoader: BpfLoader version 0x00013 processing ELF object /apex/com.android.tethering/etc/bpf/net_shared/clatd.o with ver [0x0000d,0x10000)
[   12.891531] LibBpfLoader: Loaded code section 3 (schedcls_ingress6_clat_ether)
[   12.891643] LibBpfLoader: Loaded relo section 3 (.relschedcls/ingress6/clat_ether)
[   12.891650] LibBpfLoader: Adding section 3 to cs list
[   12.891730] LibBpfLoader: Loaded code section 5 (schedcls_ingress6_clat_rawip)
[   12.891869] LibBpfLoader: Loaded relo section 5 (.relschedcls/ingress6/clat_rawip)
[   12.891875] LibBpfLoader: Adding section 5 to cs list
[   12.891920] LibBpfLoader: Loaded code section 7 (schedcls_egress4_clat_ether)
[   12.892067] LibBpfLoader: Adding section 7 to cs list
[   12.892103] LibBpfLoader: Loaded code section 8 (schedcls_egress4_clat_rawip)
[   12.892273] LibBpfLoader: Loaded relo section 8 (.relschedcls/egress4/clat_rawip)
[   12.892278] LibBpfLoader: Adding section 8 to cs list
[   12.892671] LibBpfLoader: Couldn't find section btf_min_bpfloader_ver (defaulting to 0 [0x0]).
[   12.892696] LibBpfLoader: Couldn't find section btf_min_kernel_ver (defaulting to 0 [0x0]).
[   12.892779] LibBpfLoader: bpf_create_map name clat_ingress6_map, ret: 6
[   12.892841] LibBpfLoader: bpf_obj_get_info_by_fd failed, ret: -1 [22]
[   12.892886] LibBpfLoader: bpf_create_map name clat_egress4_map, ret: 7
[   12.892929] LibBpfLoader: bpf_obj_get_info_by_fd failed, ret: -1 [22]
[   12.892939] LibBpfLoader: map_fd found at 0 is 6 in /apex/com.android.tethering/etc/bpf/net_shared/clatd.o
[   12.892942] LibBpfLoader: map_fd found at 1 is 7 in /apex/com.android.tethering/etc/bpf/net_shared/clatd.o
[   12.893163] LibBpfLoader: applying relo to instruction at byte offset: 456, \x09       insn offset 57 , insn 118
[   12.893167] LibBpfLoader: 
[   12.893197] LibBpfLoader: applying relo to instruction at byte offset: 400, \x09       insn offset 50 , insn 118
[   12.893200] LibBpfLoader: 
[   12.893228] LibBpfLoader: applying relo to instruction at byte offset: 616, \x09       insn offset 77 , insn 118
[   12.893230] LibBpfLoader: 
[   12.893240] LibBpfLoader: cs[0].name:schedcls_ingress6_clat_ether min_kver:0 .max_kver:ffffffff (kvers:404012e)
[   12.893245] LibBpfLoader: cs[0].name:schedcls_ingress6_clat_ether requires bpfloader version [0x00000,0x10000)
[   12.894240] LibBpfLoader: bpf_prog_load lib call for /apex/com.android.tethering/etc/bpf/net_shared/clatd.o (schedcls_ingress6_clat_ether) returned fd: 8 (no error)
[   12.894457] LibBpfLoader: bpf_obj_get_info_by_fd failed, ret: -1 [22]
[   12.894474] LibBpfLoader: cs[1].name:schedcls_ingress6_clat_rawip min_kver:0 .max_kver:ffffffff (kvers:404012e)
[   12.894480] LibBpfLoader: cs[1].name:schedcls_ingress6_clat_rawip requires bpfloader version [0x00000,0x10000)
[   12.895413] LibBpfLoader: bpf_prog_load lib call for /apex/com.android.tethering/etc/bpf/net_shared/clatd.o (schedcls_ingress6_clat_rawip) returned fd: 9 (no error)
[   12.895632] LibBpfLoader: bpf_obj_get_info_by_fd failed, ret: -1 [22]
[   12.895647] LibBpfLoader: cs[2].name:schedcls_egress4_clat_ether min_kver:0 .max_kver:ffffffff (kvers:404012e)
[   12.895654] LibBpfLoader: cs[2].name:schedcls_egress4_clat_ether requires bpfloader version [0x00000,0x10000)
[   12.896423] LibBpfLoader: bpf_prog_load lib call for /apex/com.android.tethering/etc/bpf/net_shared/clatd.o (schedcls_egress4_clat_ether) returned fd: 10 (no error)
[   12.896633] LibBpfLoader: bpf_obj_get_info_by_fd failed, ret: -1 [22]
[   12.896647] LibBpfLoader: cs[3].name:schedcls_egress4_clat_rawip min_kver:0 .max_kver:ffffffff (kvers:404012e)
[   12.896654] LibBpfLoader: cs[3].name:schedcls_egress4_clat_rawip requires bpfloader version [0x00000,0x10000)
[   12.897706] LibBpfLoader: bpf_prog_load lib call for /apex/com.android.tethering/etc/bpf/net_shared/clatd.o (schedcls_egress4_clat_rawip) returned fd: 11 (no error)
[   12.897917] LibBpfLoader: bpf_obj_get_info_by_fd failed, ret: -1 [22]
[   12.897981] bpfloader: Loaded object: /apex/com.android.tethering/etc/bpf/net_shared/clatd.o
[   12.898744] LibBpfLoader: Loading optional ELF object /system/etc/bpf/gpu_mem.o with license Apache 2.0
[   12.898776] LibBpfLoader: Section bpfloader_min_ver value is 0 [0x0]
[   12.898807] LibBpfLoader: Section bpfloader_max_ver value is 65536 [0x10000]
[   12.898834] LibBpfLoader: Section size_of_bpf_map_def value is 116 [0x74]
[   12.898861] LibBpfLoader: Section size_of_bpf_prog_def value is 92 [0x5c]
[   12.898868] LibBpfLoader: BpfLoader version 0x00013 processing ELF object /system/etc/bpf/gpu_mem.o with ver [0x00000,0x10000)
[   12.899100] LibBpfLoader: Loaded code section 3 (tracepoint_gpu_mem_gpu_mem_total)
[   12.899212] LibBpfLoader: Loaded relo section 3 (.reltracepoint/gpu_mem/gpu_mem_total)
[   12.899219] LibBpfLoader: Adding section 3 to cs list
[   12.899524] LibBpfLoader: Couldn't find section btf_min_bpfloader_ver (defaulting to 0 [0x0]).
[   12.899549] LibBpfLoader: Couldn't find section btf_min_kernel_ver (defaulting to 0 [0x0]).
[   12.908665] LibBpfLoader: bpf_create_map name gpu_mem_total_map, ret: 6
[   12.908796] LibBpfLoader: bpf_obj_get_info_by_fd failed, ret: -1 [22]
[   12.908827] LibBpfLoader: map_fd found at 0 is 6 in /system/etc/bpf/gpu_mem.o
[   12.909001] LibBpfLoader: applying relo to instruction at byte offset: 80, \x09       insn offset 10 , insn 118
[   12.909006] LibBpfLoader: 
[   12.909036] LibBpfLoader: applying relo to instruction at byte offset: 128, \x09       insn offset 16 , insn 118
[   12.909039] LibBpfLoader: 
[   12.909065] LibBpfLoader: applying relo to instruction at byte offset: 208, \x09       insn offset 26 , insn 118
[   12.909068] LibBpfLoader: 
[   12.909085] LibBpfLoader: cs[0].name:tracepoint_gpu_mem_gpu_mem_total min_kver:0 .max_kver:ffffffff (kvers:404012e)
[   12.909092] LibBpfLoader: cs[0].name:tracepoint_gpu_mem_gpu_mem_total requires bpfloader version [0x00000,0x10000)
[   12.909643] LibBpfLoader: bpf_prog_load lib call for /system/etc/bpf/gpu_mem.o (tracepoint_gpu_mem_gpu_mem_total) returned fd: -1 (Invalid argument)
[   12.909659] LibBpfLoader: bpf_prog_load - BEGIN log_buf contents:
[   12.909667] LibBpfLoader: 
[   12.909671] LibBpfLoader: bpf_prog_load - END log_buf contents.
[   12.909676] LibBpfLoader: non-optional program failed to load.
[   12.909824] LibBpfLoader: Failed to load programs, loadCodeSections ret=-1
[   12.909877] bpfloader: Failed to load object: /system/etc/bpf/gpu_mem.o, ret: Operation not permitted
[   12.910380] LibBpfLoader: Loading optional ELF object /system/etc/bpf/fuse_media.o with license GPL
[   12.910413] LibBpfLoader: Section bpfloader_min_ver value is 0 [0x0]
[   12.910443] LibBpfLoader: Section bpfloader_max_ver value is 65536 [0x10000]
[   12.910474] LibBpfLoader: Section size_of_bpf_map_def value is 116 [0x74]
[   12.910501] LibBpfLoader: Section size_of_bpf_prog_def value is 92 [0x5c]
[   12.910508] LibBpfLoader: BpfLoader version 0x00013 processing ELF object /system/etc/bpf/fuse_media.o with ver [0x00000,0x10000)
[   12.911051] LibBpfLoader: No maps section could be found in elf object
[   12.911085] bpfloader: Loaded object: /system/etc/bpf/fuse_media.o
[   12.911459] LibBpfLoader: Loading optional ELF object /system/etc/bpf/gpu_work.o with license Apache 2.0
[   12.911492] LibBpfLoader: Section bpfloader_min_ver value is 0 [0x0]
[   12.911530] LibBpfLoader: Section bpfloader_max_ver value is 65536 [0x10000]
[   12.911559] LibBpfLoader: Section size_of_bpf_map_def value is 116 [0x74]
[   12.911586] LibBpfLoader: Section size_of_bpf_prog_def value is 92 [0x5c]
[   12.911592] LibBpfLoader: BpfLoader version 0x00013 processing ELF object /system/etc/bpf/gpu_work.o with ver [0x00000,0x10000)
[   12.911844] LibBpfLoader: Loaded code section 3 (tracepoint_power_gpu_work_period)
[   12.911959] LibBpfLoader: Loaded relo section 3 (.reltracepoint/power/gpu_work_period)
[   12.911964] LibBpfLoader: Adding section 3 to cs list
[   12.912293] LibBpfLoader: Couldn't find section btf_min_bpfloader_ver (defaulting to 0 [0x0]).
[   12.912320] LibBpfLoader: Couldn't find section btf_min_kernel_ver (defaulting to 0 [0x0]).
[   12.912433] LibBpfLoader: bpf_create_map name gpu_work_map, ret: 6
[   12.912498] LibBpfLoader: bpf_obj_get_info_by_fd failed, ret: -1 [22]
[   12.912532] LibBpfLoader: bpf_create_map name gpu_work_global_data, ret: 7
[   12.912572] LibBpfLoader: bpf_obj_get_info_by_fd failed, ret: -1 [22]
[   12.912581] LibBpfLoader: map_fd found at 0 is 6 in /system/etc/bpf/gpu_work.o
[   12.912585] LibBpfLoader: map_fd found at 1 is 7 in /system/etc/bpf/gpu_work.o
[   12.912747] LibBpfLoader: applying relo to instruction at byte offset: 56, \x09       insn offset 7 , insn 118
[   12.912751] LibBpfLoader: 
[   12.912780] LibBpfLoader: applying relo to instruction at byte offset: 160, \x09       insn offset 20 , insn 118
[   12.912782] LibBpfLoader: 
[   12.912809] LibBpfLoader: applying relo to instruction at byte offset: 240, \x09       insn offset 30 , insn 118
[   12.912812] LibBpfLoader: 
[   12.912838] LibBpfLoader: applying relo to instruction at byte offset: 304, \x09       insn offset 38 , insn 118
[   12.912841] LibBpfLoader: 
[   12.912852] LibBpfLoader: cs[0].name:tracepoint_power_gpu_work_period min_kver:0 .max_kver:ffffffff (kvers:404012e)
[   12.912857] LibBpfLoader: cs[0].name:tracepoint_power_gpu_work_period requires bpfloader version [0x00000,0x10000)
[   12.913426] LibBpfLoader: bpf_prog_load lib call for /system/etc/bpf/gpu_work.o (tracepoint_power_gpu_work_period) returned fd: -1 (Invalid argument)
[   12.913439] LibBpfLoader: bpf_prog_load - BEGIN log_buf contents:
[   12.913445] LibBpfLoader: 
[   12.913450] LibBpfLoader: bpf_prog_load - END log_buf contents.
[   12.913456] LibBpfLoader: non-optional program failed to load.
[   12.913607] LibBpfLoader: Failed to load programs, loadCodeSections ret=-1
[   12.913654] bpfloader: Failed to load object: /system/etc/bpf/gpu_work.o, ret: Operation not permitted
[   12.914440] LibBpfLoader: Loading optional ELF object /system/etc/bpf/time_in_state.o with license GPL
[   12.914475] LibBpfLoader: Section bpfloader_min_ver value is 0 [0x0]
[   12.914506] LibBpfLoader: Section bpfloader_max_ver value is 65536 [0x10000]
[   12.914535] LibBpfLoader: Section size_of_bpf_map_def value is 116 [0x74]
[   12.914563] LibBpfLoader: Section size_of_bpf_prog_def value is 92 [0x5c]
[   12.914570] LibBpfLoader: BpfLoader version 0x00013 processing ELF object /system/etc/bpf/time_in_state.o with ver [0x00000,0x10000)
[   12.915362] LibBpfLoader: Loaded code section 3 (tracepoint_sched_sched_switch)
[   12.915486] LibBpfLoader: Loaded relo section 3 (.reltracepoint/sched/sched_switch)
[   12.915493] LibBpfLoader: Adding section 3 to cs list
[   12.915596] LibBpfLoader: Loaded code section 5 (tracepoint_power_cpu_frequency)
[   12.915741] LibBpfLoader: Loaded relo section 5 (.reltracepoint/power/cpu_frequency)
[   12.915749] LibBpfLoader: Adding section 5 to cs list
[   12.915794] LibBpfLoader: Loaded code section 7 (tracepoint_sched_sched_process_free)
[   12.915966] LibBpfLoader: Loaded relo section 7 (.reltracepoint/sched/sched_process_free)
[   12.915972] LibBpfLoader: Adding section 7 to cs list
[   12.916719] LibBpfLoader: Couldn't find section btf_min_bpfloader_ver (defaulting to 0 [0x0]).
[   12.916749] LibBpfLoader: Couldn't find section btf_min_kernel_ver (defaulting to 0 [0x0]).
[   12.924611] LibBpfLoader: bpf_create_map name total_time_in_state_map, ret: 6
[   12.924678] LibBpfLoader: bpf_obj_get_info_by_fd failed, ret: -1 [22]
[   12.925651] LibBpfLoader: bpf_create_map name uid_time_in_state_map, ret: 7
[   12.925730] LibBpfLoader: bpf_obj_get_info_by_fd failed, ret: -1 [22]
[   12.926327] LibBpfLoader: bpf_create_map name uid_concurrent_times_map, ret: 8
[   12.926397] LibBpfLoader: bpf_obj_get_info_by_fd failed, ret: -1 [22]
[   12.926483] LibBpfLoader: bpf_create_map name uid_last_update_map, ret: 9
[   12.926527] LibBpfLoader: bpf_obj_get_info_by_fd failed, ret: -1 [22]
[   12.926558] LibBpfLoader: bpf_create_map name cpu_last_update_map, ret: 10
[   12.926597] LibBpfLoader: bpf_obj_get_info_by_fd failed, ret: -1 [22]
[   12.926629] LibBpfLoader: bpf_create_map name cpu_last_pid_map, ret: 11
[   12.926667] LibBpfLoader: bpf_obj_get_info_by_fd failed, ret: -1 [22]
[   12.926691] LibBpfLoader: bpf_create_map name cpu_policy_map, ret: 12
[   12.926727] LibBpfLoader: bpf_obj_get_info_by_fd failed, ret: -1 [22]
[   12.926751] LibBpfLoader: bpf_create_map name policy_freq_idx_map, ret: 13
[   12.926789] LibBpfLoader: bpf_obj_get_info_by_fd failed, ret: -1 [22]
[   12.926892] LibBpfLoader: bpf_create_map name freq_to_idx_map, ret: 14
[   12.926940] LibBpfLoader: bpf_obj_get_info_by_fd failed, ret: -1 [22]
[   12.926973] LibBpfLoader: bpf_create_map name nr_active_map, ret: 15
[   12.927009] LibBpfLoader: bpf_obj_get_info_by_fd failed, ret: -1 [22]
[   12.927033] LibBpfLoader: bpf_create_map name policy_nr_active_map, ret: 16
[   12.927067] LibBpfLoader: bpf_obj_get_info_by_fd failed, ret: -1 [22]
[   12.927093] LibBpfLoader: bpf_create_map name pid_tracked_hash_map, ret: 17
[   12.927128] LibBpfLoader: bpf_obj_get_info_by_fd failed, ret: -1 [22]
[   12.927148] LibBpfLoader: bpf_create_map name pid_tracked_map, ret: 18
[   12.927183] LibBpfLoader: bpf_obj_get_info_by_fd failed, ret: -1 [22]
[   12.927251] LibBpfLoader: bpf_create_map name pid_task_aggregation_map, ret: 19
[   12.927294] LibBpfLoader: bpf_obj_get_info_by_fd failed, ret: -1 [22]
[   12.928297] LibBpfLoader: bpf_create_map name pid_time_in_state_map, ret: 20
[   12.928385] LibBpfLoader: bpf_obj_get_info_by_fd failed, ret: -1 [22]
[   12.928413] LibBpfLoader: map_fd found at 0 is 6 in /system/etc/bpf/time_in_state.o
[   12.928417] LibBpfLoader: map_fd found at 1 is 7 in /system/etc/bpf/time_in_state.o
[   12.928420] LibBpfLoader: map_fd found at 2 is 8 in /system/etc/bpf/time_in_state.o
[   12.928423] LibBpfLoader: map_fd found at 3 is 9 in /system/etc/bpf/time_in_state.o
[   12.928426] LibBpfLoader: map_fd found at 4 is 10 in /system/etc/bpf/time_in_state.o
[   12.928430] LibBpfLoader: map_fd found at 5 is 11 in /system/etc/bpf/time_in_state.o
[   12.928433] LibBpfLoader: map_fd found at 6 is 12 in /system/etc/bpf/time_in_state.o
[   12.928436] LibBpfLoader: map_fd found at 7 is 13 in /system/etc/bpf/time_in_state.o
[   12.928439] LibBpfLoader: map_fd found at 8 is 14 in /system/etc/bpf/time_in_state.o
[   12.928442] LibBpfLoader: map_fd found at 9 is 15 in /system/etc/bpf/time_in_state.o
[   12.928445] LibBpfLoader: map_fd found at 10 is 16 in /system/etc/bpf/time_in_state.o
[   12.928448] LibBpfLoader: map_fd found at 11 is 17 in /system/etc/bpf/time_in_state.o
[   12.928451] LibBpfLoader: map_fd found at 12 is 18 in /system/etc/bpf/time_in_state.o
[   12.928454] LibBpfLoader: map_fd found at 13 is 19 in /system/etc/bpf/time_in_state.o
[   12.928457] LibBpfLoader: map_fd found at 14 is 20 in /system/etc/bpf/time_in_state.o
[   12.928884] LibBpfLoader: applying relo to instruction at byte offset: 40, \x09       insn offset 5 , insn 118
[   12.928889] LibBpfLoader: 
[   12.928926] LibBpfLoader: applying relo to instruction at byte offset: 128, \x09       insn offset 16 , insn 118
[   12.928929] LibBpfLoader: 
[   12.928958] LibBpfLoader: applying relo to instruction at byte offset: 224, \x09       insn offset 28 , insn 118
[   12.928961] LibBpfLoader: 
[   12.928989] LibBpfLoader: applying relo to instruction at byte offset: 296, \x09       insn offset 37 , insn 118
[   12.928992] LibBpfLoader: 
[   12.929021] LibBpfLoader: applying relo to instruction at byte offset: 360, \x09       insn offset 45 , insn 118
[   12.929024] LibBpfLoader: 
[   12.929052] LibBpfLoader: applying relo to instruction at byte offset: 608, \x09       insn offset 76 , insn 118
[   12.929055] LibBpfLoader: 
[   12.929085] LibBpfLoader: applying relo to instruction at byte offset: 904, \x09       insn offset 113 , insn 118
[   12.929088] LibBpfLoader: 
[   12.929115] LibBpfLoader: applying relo to instruction at byte offset: 1248, \x09       insn offset 156 , insn 118
[   12.929118] LibBpfLoader: 
[   12.929146] LibBpfLoader: applying relo to instruction at byte offset: 1288, \x09       insn offset 161 , insn 118
[   12.929148] LibBpfLoader: 
[   12.929176] LibBpfLoader: applying relo to instruction at byte offset: 1464, \x09       insn offset 183 , insn 118
[   12.929179] LibBpfLoader: 
[   12.929206] LibBpfLoader: applying relo to instruction at byte offset: 1672, \x09       insn offset 209 , insn 118
[   12.929209] LibBpfLoader: 
[   12.929237] LibBpfLoader: applying relo to instruction at byte offset: 1712, \x09       insn offset 214 , insn 118
[   12.929240] LibBpfLoader: 
[   12.929267] LibBpfLoader: applying relo to instruction at byte offset: 1912, \x09       insn offset 239 , insn 118
[   12.929270] LibBpfLoader: 
[   12.929298] LibBpfLoader: applying relo to instruction at byte offset: 2128, \x09       insn offset 266 , insn 118
[   12.929300] LibBpfLoader: 
[   12.929329] LibBpfLoader: applying relo to instruction at byte offset: 2168, \x09       insn offset 271 , insn 118
[   12.929331] LibBpfLoader: 
[   12.929359] LibBpfLoader: applying relo to instruction at byte offset: 2320, \x09       insn offset 290 , insn 118
[   12.929361] LibBpfLoader: 
[   12.929389] LibBpfLoader: applying relo to instruction at byte offset: 2448, \x09       insn offset 306 , insn 118
[   12.929391] LibBpfLoader: 
[   12.929419] LibBpfLoader: applying relo to instruction at byte offset: 2784, \x09       insn offset 348 , insn 118
[   12.929422] LibBpfLoader: 
[   12.929449] LibBpfLoader: applying relo to instruction at byte offset: 2824, \x09       insn offset 353 , insn 118
[   12.929451] LibBpfLoader: 
[   12.929479] LibBpfLoader: applying relo to instruction at byte offset: 3000, \x09       insn offset 375 , insn 118
[   12.929481] LibBpfLoader: 
[   12.929508] LibBpfLoader: applying relo to instruction at byte offset: 3208, \x09       insn offset 401 , insn 118
[   12.929511] LibBpfLoader: 
[   12.929539] LibBpfLoader: applying relo to instruction at byte offset: 3248, \x09       insn offset 406 , insn 118
[   12.929541] LibBpfLoader: 
[   12.929569] LibBpfLoader: applying relo to instruction at byte offset: 3440, \x09       insn offset 430 , insn 118
[   12.929572] LibBpfLoader: 
[   12.929599] LibBpfLoader: applying relo to instruction at byte offset: 3656, \x09       insn offset 457 , insn 118
[   12.929602] LibBpfLoader: 
[   12.929630] LibBpfLoader: applying relo to instruction at byte offset: 3696, \x09       insn offset 462 , insn 118
[   12.929632] LibBpfLoader: 
[   12.929659] LibBpfLoader: applying relo to instruction at byte offset: 3824, \x09       insn offset 478 , insn 118
[   12.929662] LibBpfLoader: 
[   12.929689] LibBpfLoader: applying relo to instruction at byte offset: 3896, \x09       insn offset 487 , insn 118
[   12.929691] LibBpfLoader: 
[   12.929719] LibBpfLoader: applying relo to instruction at byte offset: 4000, \x09       insn offset 500 , insn 118
[   12.929721] LibBpfLoader: 
[   12.929749] LibBpfLoader: applying relo to instruction at byte offset: 4328, \x09       insn offset 541 , insn 118
[   12.929751] LibBpfLoader: 
[   12.929778] LibBpfLoader: applying relo to instruction at byte offset: 4368, \x09       insn offset 546 , insn 118
[   12.929781] LibBpfLoader: 
[   12.929808] LibBpfLoader: applying relo to instruction at byte offset: 4504, \x09       insn offset 563 , insn 118
[   12.929811] LibBpfLoader: 
[   12.929844] LibBpfLoader: applying relo to instruction at byte offset: 4704, \x09       insn offset 588 , insn 118
[   12.929847] LibBpfLoader: 
[   12.929875] LibBpfLoader: applying relo to instruction at byte offset: 4744, \x09       insn offset 593 , insn 118
[   12.929878] LibBpfLoader: 
[   12.929906] LibBpfLoader: applying relo to instruction at byte offset: 4912, \x09       insn offset 614 , insn 118
[   12.929908] LibBpfLoader: 
[   12.929936] LibBpfLoader: applying relo to instruction at byte offset: 5128, \x09       insn offset 641 , insn 118
[   12.929938] LibBpfLoader: 
[   12.929966] LibBpfLoader: applying relo to instruction at byte offset: 5168, \x09       insn offset 646 , insn 118
[   12.929968] LibBpfLoader: 
[   12.929996] LibBpfLoader: applying relo to instruction at byte offset: 5296, \x09       insn offset 662 , insn 118
[   12.929998] LibBpfLoader: 
[   12.930063] LibBpfLoader: applying relo to instruction at byte offset: 5384, \x09       insn offset 673 , insn 118
[   12.930068] LibBpfLoader: 
[   12.930070] max98927_probe: enter
[   12.930107] LibBpfLoader: applying relo to instruction at byte offset: 5472, \x09       insn offset 684 , insn 118
[   12.930109] LibBpfLoader: 
[   12.930140] LibBpfLoader: applying relo to instruction at byte offset: 5600, \x09       insn offset 700 , insn 118
[   12.930142] LibBpfLoader: 
[   12.930173] LibBpfLoader: applying relo to instruction at byte offset: 5696, \x09       insn offset 712 , insn 118
[   12.930176] LibBpfLoader: 
[   12.930205] LibBpfLoader: applying relo to instruction at byte offset: 5800, \x09       insn offset 725 , insn 118
[   12.930208] LibBpfLoader: 
[   12.930237] LibBpfLoader: applying relo to instruction at byte offset: 6128, \x09       insn offset 766 , insn 118
[   12.930240] LibBpfLoader: 
[   12.930268] LibBpfLoader: applying relo to instruction at byte offset: 6168, \x09       insn offset 771 , insn 118
[   12.930270] LibBpfLoader: 
[   12.930298] LibBpfLoader: applying relo to instruction at byte offset: 6312, \x09       insn offset 789 , insn 118
[   12.930301] LibBpfLoader: 
[   12.930329] LibBpfLoader: applying relo to instruction at byte offset: 6416, \x09       insn offset 802 , insn 118
[   12.930331] LibBpfLoader: 
[   12.930358] LibBpfLoader: applying relo to instruction at byte offset: 6520, \x09       insn offset 815 , insn 118
[   12.930361] LibBpfLoader: 
[   12.930388] LibBpfLoader: applying relo to instruction at byte offset: 6624, \x09       insn offset 828 , insn 118
[   12.930390] LibBpfLoader: 
[   12.930418] LibBpfLoader: applying relo to instruction at byte offset: 6728, \x09       insn offset 841 , insn 118
[   12.930420] LibBpfLoader: 
[   12.930448] LibBpfLoader: applying relo to instruction at byte offset: 6832, \x09       insn offset 854 , insn 118
[   12.930450] LibBpfLoader: 
[   12.930478] LibBpfLoader: applying relo to instruction at byte offset: 6936, \x09       insn offset 867 , insn 118
[   12.930480] LibBpfLoader: 
[   12.930510] LibBpfLoader: applying relo to instruction at byte offset: 40, \x09       insn offset 5 , insn 118
[   12.930512] LibBpfLoader: 
[   12.930545] LibBpfLoader: applying relo to instruction at byte offset: 120, \x09       insn offset 15 , insn 118
[   12.930549] LibBpfLoader: 
[   12.930577] LibBpfLoader: applying relo to instruction at byte offset: 200, \x09       insn offset 25 , insn 118
[   12.930579] LibBpfLoader: 
[   12.930609] LibBpfLoader: applying relo to instruction at byte offset: 48, \x09       insn offset 6 , insn 118
[   12.930611] LibBpfLoader: 
[   12.930642] LibBpfLoader: applying relo to instruction at byte offset: 200, \x09       insn offset 25 , insn 118
[   12.930645] LibBpfLoader: 
[   12.930674] LibBpfLoader: applying relo to instruction at byte offset: 336, \x09       insn offset 42 , insn 118
[   12.930676] LibBpfLoader: 
[   12.930704] LibBpfLoader: applying relo to instruction at byte offset: 472, \x09       insn offset 59 , insn 118
[   12.930706] LibBpfLoader: 
[   12.930734] LibBpfLoader: applying relo to instruction at byte offset: 608, \x09       insn offset 76 , insn 118
[   12.930737] LibBpfLoader: 
[   12.930764] LibBpfLoader: applying relo to instruction at byte offset: 744, \x09       insn offset 93 , insn 118
[   12.930767] LibBpfLoader: 
[   12.930795] LibBpfLoader: applying relo to instruction at byte offset: 880, \x09       insn offset 110 , insn 118
[   12.930797] LibBpfLoader: 
[   12.930825] LibBpfLoader: applying relo to instruction at byte offset: 1016, \x09       insn offset 127 , insn 118
[   12.930827] LibBpfLoader: 
[   12.930855] LibBpfLoader: applying relo to instruction at byte offset: 1088, \x09       insn offset 136 , insn 118
[   12.930858] LibBpfLoader: 
[   12.930886] LibBpfLoader: applying relo to instruction at byte offset: 1200, \x09       insn offset 150 , insn 118
[   12.930888] LibBpfLoader: 
[   12.930902] LibBpfLoader: cs[0].name:tracepoint_sched_sched_switch min_kver:0 .max_kver:ffffffff (kvers:404012e)
[   12.930908] LibBpfLoader: cs[0].name:tracepoint_sched_sched_switch requires bpfloader version [0x00000,0x10000)
[   12.931460] LibBpfLoader: bpf_prog_load lib call for /system/etc/bpf/time_in_state.o (tracepoint_sched_sched_switch) returned fd: -1 (Invalid argument)
[   12.931471] LibBpfLoader: bpf_prog_load - BEGIN log_buf contents:
[   12.931479] LibBpfLoader: 
[   12.931484] LibBpfLoader: bpf_prog_load - END log_buf contents.
[   12.931488] LibBpfLoader: non-optional program failed to load.
[   12.931628] LibBpfLoader: Failed to load programs, loadCodeSections ret=-1
[   12.931715] bpfloader: Failed to load object: /system/etc/bpf/time_in_state.o, ret: Operation not permitted
[   12.933263] init: Service 'bpfloader' (pid 793) exited with status 0 waiting took 0.217000 seconds
[   12.933290] init: Sending signal 9 to service 'bpfloader' (pid 793) process group...
[   12.933404] libprocessgroup: Successfully killed process cgroup uid 0 pid 793 in 0ms
[   12.934108] init: processing action (ro.crypto.state=encrypted && ro.crypto.type=file && zygote-start) from (/system/etc/init/hw/init.rc:1055)
[   12.934144] init: start_waiting_for_property("odsign.verification.done", "1"): already set
[   12.934207] init: Command 'exec_start update_verifier_nonencrypted' action=ro.crypto.state=encrypted && ro.crypto.type=file && zygote-start (/system/etc/init/hw/init.rc:1058) took 0ms and failed: Service not found
[   12.934925] init: starting service 'statsd'...
[   12.935480] init: Created socket '/dev/socket/statsdw', mode 222, user 1066, group 1066
[   12.938062] init: starting service 'netd'...
[   12.938696] init: Created socket '/dev/socket/dnsproxyd', mode 660, user 0, group 3003
[   12.939196] init: Created socket '/dev/socket/mdns', mode 660, user 0, group 1000
[   12.939676] init: Created socket '/dev/socket/fwmarkd', mode 660, user 0, group 3003
[   12.942584] init: starting service 'zygote'...
[   12.943369] init: Created socket '/dev/socket/zygote', mode 660, user 0, group 1000
[   12.943748] init: Created socket '/dev/socket/usap_pool_primary', mode 660, user 0, group 1000
[   12.946308] init: starting service 'zygote_secondary'...
[   12.946720] init: Created socket '/dev/socket/zygote_secondary', mode 660, user 0, group 1000
[   12.947006] init: Created socket '/dev/socket/usap_pool_secondary', mode 660, user 0, group 1000
[   12.949500] init: processing action (firmware_mounts_complete) from (/system/etc/init/hw/init.rc:513)
[   12.949654] init: processing action (early-boot) from (/vendor/etc/init/hw/init.qcom.rc:63)
[   12.950958] adsp-loader soc:qcom,msm-adsp-loader: adsp_loader_do: scheduling work to load ADSP fw
[   12.951746] cdsp-loader soc:qcom,msm-cdsp-loader: cdsp_loader_do: scheduling work to load CDSP fw
[   12.953675] sensors-ssc soc:qcom,msm-ssc-sensors: slpi_loader_do: scheduling work to load SLPI fw
[   12.953702] can't get fw name.
[   12.953707] sensors-ssc soc:qcom,msm-ssc-sensors: slpi_load_fw: SLPI image loading failed
[   12.955333] init: starting service 'exec 14 (/vendor/bin/init.qcom.early_boot.sh)'...
[   12.957048] init: SVC_EXEC service 'exec 14 (/vendor/bin/init.qcom.early_boot.sh)' pid 811 (uid 0 gid 0+0 context u:r:qti_init_shell:s0) started; waiting...
[   12.957714] ueventd: firmware: loading 'cdsp.mdt' for '/devices/soc/1a300000.qcom,turing/firmware/cdsp.mdt'
[   12.959712] subsys-pil-tz 1a300000.qcom,turing: cdsp: loading from 0x0000000094a00000 to 0x0000000095000000
[   12.959955] ueventd: loading /devices/soc/1a300000.qcom,turing/firmware/cdsp.mdt took 2ms
[   12.975183] binder: 807:807 ioctl 40046210 7fc04f9b60 returned -22
[   12.980011] ueventd: firmware: loading 'cdsp.b02' for '/devices/soc/1a300000.qcom,turing/firmware/cdsp.b02'
[   12.981377] ueventd: loading /devices/soc/1a300000.qcom,turing/firmware/cdsp.b02 took 1ms
[   12.984450] ueventd: firmware: loading 'cdsp.b03' for '/devices/soc/1a300000.qcom,turing/firmware/cdsp.b03'
[   12.986753] ueventd: loading /devices/soc/1a300000.qcom,turing/firmware/cdsp.b03 took 2ms
[   12.989834] ueventd: firmware: loading 'cdsp.b04' for '/devices/soc/1a300000.qcom,turing/firmware/cdsp.b04'
[   13.016888] ueventd: loading /devices/soc/1a300000.qcom,turing/firmware/cdsp.b04 took 27ms
[   13.017004] ueventd: firmware: loading 'cdsp.b05' for '/devices/soc/1a300000.qcom,turing/firmware/cdsp.b05'
[   13.040323] ueventd: loading /devices/soc/1a300000.qcom,turing/firmware/cdsp.b05 took 23ms
[   13.046224] ueventd: firmware: loading 'cdsp.b06' for '/devices/soc/1a300000.qcom,turing/firmware/cdsp.b06'
[   13.047585] ueventd: loading /devices/soc/1a300000.qcom,turing/firmware/cdsp.b06 took 1ms
[   13.062803] ueventd: firmware: loading 'cdsp.b07' for '/devices/soc/1a300000.qcom,turing/firmware/cdsp.b07'
[   13.064702] ueventd: loading /devices/soc/1a300000.qcom,turing/firmware/cdsp.b07 took 2ms
[   13.111065] binder: 808:808 ioctl 40046210 7fcd9b4140 returned -22
[   13.115059] binder: 808:808 ioctl 40046210 7fcd9b4594 returned -22
[   13.129442] subsys-pil-tz 1a300000.qcom,turing: cdsp: Brought out of reset
[   13.137757] subsys-pil-tz 1a300000.qcom,turing: Subsystem error monitoring/handling services are up
[   13.137832] subsys-pil-tz 1a300000.qcom,turing: cdsp: Power/Clock ready interrupt received
[   13.148164] diag: In diag_send_feature_mask_update, control channel is not open, p: 5, 0000000000000000
[   13.148210] diag: In diag_send_peripheral_buffering_mode, buffering flag not set for 5
[   13.156212] diag: In diag_send_peripheral_buffering_mode, buffering flag not set for 5
[   13.166759] sdm660-asoc-snd soc:sound: ASoC: no source widget found for SPK1 OUT
[   13.166770] sdm660-asoc-snd soc:sound: ASoC: Failed to add route SPK1 OUT -> direct -> SpkrLeft IN
[   13.166793] sdm660-asoc-snd soc:sound: ASoC: no source widget found for SPK2 OUT
[   13.166797] sdm660-asoc-snd soc:sound: ASoC: Failed to add route SPK2 OUT -> direct -> SpkrRight IN
[   13.166858] sdm660-asoc-snd soc:sound: wcd_mbhc_start: qcom,msm-mbhc-usbc-audio-supported in dt node is missing or false
[   13.166862] sdm660-asoc-snd soc:sound: wcd_mbhc_start: skipping USB c analog configuration
[   13.172199] input: sdm660-snd-card Headset Jack as /devices/soc/soc:sound/sound/card0/input6
[   13.172303] input: sdm660-snd-card Button Jack as /devices/soc/soc:sound/sound/card0/input7
[   13.382185] init: Service 'exec 14 (/vendor/bin/init.qcom.early_boot.sh)' (pid 811) exited with status 0 waiting took 0.425000 seconds
[   13.382207] init: Sending signal 9 to service 'exec 14 (/vendor/bin/init.qcom.early_boot.sh)' (pid 811) process group...
[   13.382318] libprocessgroup: Successfully killed process cgroup uid 0 pid 811 in 0ms
[   13.391288] init: processing action (early-boot) from (/system/etc/init/installd.rc:5)
[   13.446495] init: processing action (boot) from (/system/etc/init/hw/init.rc:1069)
[   13.461892] init: Command 'write /dev/sys/block/by-name/rootdisk/queue/discard_max_bytes 134217728' action=boot (/system/etc/init/hw/init.rc:1115) took 0ms and failed: Unable to write to file '/dev/sys/block/by-name/rootdisk/queue/discard_max_bytes': open() failed: Permission denied
[   13.465244] init: starting service 'vendor.audio-hal'...
[   13.468364] init: starting service 'hidl_memory'...
[   13.471400] init: starting service 'vendor.bluetooth-1-0-qti'...
[   13.477551] init: starting service 'vendor.camera-provider-2-4'...
[   13.481426] init: starting service 'vendor.cas-hal-1-2'...
[   13.484157] init: service 'vendor.configstore-hal' requested start, but it is already running (flags: 4)
[   13.484875] init: starting service 'vendor.drm-hal-1-0'...
[   13.486305] binder: 867:867 ioctl 40046210 7fe8dacc64 returned -22
[   13.491174] init: starting service 'vendor.drm-widevine-hal-1-2'...
[   13.492804] init: failed to write pid to files: couldn't write 872 to /sys/kernel/ktrace/sched/drm_pid: No such file or directory
[   13.495964] init: starting service 'gnss_service'...
[   13.498252] init: service 'vendor.gralloc-2-0' requested start, but it is already running (flags: 4)
[   13.498277] init: service 'vendor.hwcomposer-2-1' requested start, but it is already running (flags: 4)
[   13.498835] init: starting service 'health-hal-2-1'...
[   13.502072] init: starting service 'vendor.ir-hal-1-0'...
[   13.505049] init: starting service 'vendor.light'...
[   13.508053] init: starting service 'vendor.memtrack-hal-1-0'...
[   13.510708] init: service 'vendor.power-hal-aidl' requested start, but it is already running (flags: 4)
[   13.511223] init: starting service 'vendor.power.stats-hal-1-0-mock'...
[   13.514179] init: starting service 'vendor.sensors-hal-1-0'...
[   13.516913] init: starting service 'android.thermal-hal'...
[   13.520114] init: starting service 'vendor.usb-hal-1-0'...
[   13.523104] init: starting service 'vendor.wifi_hal_legacy'...
[   13.526964] init: starting service 'display-color-hal-1-0'...
[   13.529960] init: starting service 'vendor.livedisplay-hal-2-0-sysfs'...
[   13.530057] binder: 868:868 ioctl 40046210 7fe2599814 returned -22
[   13.534139] init: starting service 'alarm-hal-1-0'...
[   13.534349] binder: 875:875 ioctl 40046210 7fc8031214 returned -22
[   13.537081] init: starting service 'soter-1-0'...
[   13.540112] init: starting service 'tui_comm-1-0'...
[   13.541185] binder: 877:877 ioctl 40046210 7fd59eec54 returned -22
[   13.542527] binder: 871:871 ioctl 40046210 7fd6235d54 returned -22
[   13.543413] init: starting service 'vendor.qti.vibrator'...
[   13.543559] binder: 876:876 ioctl 40046210 7fdc2d69d0 returned -22
[   13.548613] init: starting service 'vendor.mlipay-1-1'...
[   13.550763] binder: 879:879 ioctl 40046210 7ff46e6114 returned -22
[   13.552773] init: Command 'class_start hal' action=boot (/system/etc/init/hw/init.rc:1180) took 88ms and succeeded
[   13.560302] binder: 881:881 ioctl 40046210 7fd403d3f4 returned -22
[   13.560406] init: service 'ueventd' requested start, but it is already running (flags: 2084)
[   13.560500] init: Could not start service 'vendor.qrtr-ns' as part of class 'core': Cannot find '/vendor/bin/qrtr-ns': No such file or directory
[   13.560533] binder: 878:878 ioctl 40046210 7fe1d75354 returned -22
[   13.561885] init: starting service 'irsc_util'...
[   13.562230] binder: 874:874 ioctl 40046210 7fc4461c24 returned -22
[   13.569245] init: starting service 'vendor.rmt_storage'...
[   13.574208] healthd: batteryCapacityLevelPath not found
[   13.574223] healthd: batteryChargeTimeToFullNowPath. not found
[   13.574479] init: starting service 'vendor.tftp_server'...
[   13.575367] binder: 885:885 ioctl 40046210 7ff211c194 returned -22
[   13.577956] init: starting service 'vendor.sensors.qti'...
[   13.579719] binder: 866:866 ioctl 40046210 ff8c65a0 returned -22
[   13.580136] binder: 866:866 ioctl 40046210 ff8c6590 returned -22
[   13.580533] binder: 866:866 ioctl 40046210 ff8c6768 returned -22
[   13.580703] binder: 870:870 ioctl 40046210 ffbeed68 returned -22
[   13.584103] init: starting service 'vendor.per_mgr'...
[   13.586814] init: service 'vendor.qseecomd' requested start, but it is already running (flags: 4)
[   13.587481] init: starting service 'vendor.pd_mapper'...
[   13.588133] healthd: battery l=97 v=4386 t=37.0 h=2 st=2 c=531249 fc=4008000 cc=0 chg=a
[   13.588484] binder: 880:880 ioctl 40046210 7ff20b2ea4 returned -22
[   13.589326] binder: 886:886 ioctl 40046210 7ffc332254 returned -22
[   13.591229] init: starting service 'audioserver'...
[   13.594938] init: service 'bootanim' requested start, but it is already running (flags: 134)
[   13.595507] init: starting service 'credstore'...
[   13.599197] init: starting service 'gpu'...
[   13.602468] init: service 'lmkd' requested start, but it is already running (flags: 36)
[   13.602507] init: service 'servicemanager' requested start, but it is already running (flags: 2084)
[   13.602523] init: service 'surfaceflinger' requested start, but it is already running (flags: 4)
[   13.602537] init: service 'vold' requested start, but it is already running (flags: 2052)
[   13.602576] init: service 'vndservicemanager' requested start, but it is already running (flags: 2052)
[   13.603118] init: Service 'irsc_util' (pid 890) exited with status 0 oneshot service took 0.039000 seconds in background
[   13.603142] init: Sending signal 9 to service 'irsc_util' (pid 890) process group...
[   13.603309] libprocessgroup: Successfully killed process cgroup uid 0 pid 890 in 0ms
[   13.603882] binder: 887:887 ioctl 40046210 7fdf0ae394 returned -22
[   13.604198] binder: 883:883 ioctl 40046210 7fec89c290 returned -22
[   13.604275] binder: 883:883 ioctl 40046210 7fec89c4b4 returned -22
[   13.605059] init: processing action (persist.sys.usb.config=* && boot) from (/system/etc/init/hw/init.usb.rc:108)
[   13.605565] init: processing action (boot) from (/vendor/etc/init/hw/init.qcom.rc:99)
[   13.615955] binder: 884:884 ioctl 40046210 7fc8e22aa4 returned -22
[   13.620171] binder: 888:888 ioctl 40046210 7ffea45870 returned -22
[   13.620262] rmt_storage:INFO:check_support_using_libmdm: Modem subsystem found on target!
[   13.625521] binder: 889:889 ioctl 40046210 7ff1eab204 returned -22
[   13.625872] rmt_storage:INFO:main: Done with init now waiting for messages!
[   13.628419] binder: 898:898 ioctl 40046210 7fe2c5cfc0 returned -22
[   13.629837] binder: 869:869 ioctl 40046210 ff9e3d78 returned -22
[   13.630097] binder: 869:869 ioctl 40046210 ff9e3f40 returned -22
[   13.669537] ueventd: firmware: loading 'cmnlib64.mdt' for '/devices/virtual/qseecom/qseecom/cmnlib64.mdt'
[   13.674180] ueventd: loading /devices/virtual/qseecom/qseecom/cmnlib64.mdt took 4ms
[   13.675019] servloc: service_locator_svc_arrive: Connection established with the Service locator
[   13.675031] servloc: init_service_locator: Service locator initialized
[   13.675463] audio_notifer_reg_service: service PDR_ADSP is in use
[   13.675524] service-notifier: root_service_service_arrive: Connection established between QMI handle and 74 service
[   13.677869] binder: 873:873 ioctl 40046210 7febfb4bc4 returned -22
[   13.679084] ueventd: firmware: loading 'cmnlib64.b00' for '/devices/virtual/qseecom/qseecom/cmnlib64.b00'
[   13.683547] ueventd: loading /devices/virtual/qseecom/qseecom/cmnlib64.b00 took 4ms
[   13.688999] binder: 872:872 ioctl 40046210 7fcf968c84 returned -22
[   13.690356] ueventd: firmware: loading 'cmnlib64.b01' for '/devices/virtual/qseecom/qseecom/cmnlib64.b01'
[   13.694520] ueventd: loading /devices/virtual/qseecom/qseecom/cmnlib64.b01 took 4ms
[   13.698021] ueventd: firmware: loading 'cmnlib64.b02' for '/devices/virtual/qseecom/qseecom/cmnlib64.b02'
[   13.702632] ueventd: loading /devices/virtual/qseecom/qseecom/cmnlib64.b02 took 4ms
[   13.705310] ueventd: firmware: loading 'cmnlib64.b03' for '/devices/virtual/qseecom/qseecom/cmnlib64.b03'
[   13.710243] binder: 902:902 ioctl 40046210 7fd13491c0 returned -22
[   13.710582] ueventd: loading /devices/virtual/qseecom/qseecom/cmnlib64.b03 took 5ms
[   13.713366] ueventd: firmware: loading 'cmnlib64.b04' for '/devices/virtual/qseecom/qseecom/cmnlib64.b04'
[   13.717721] ueventd: loading /devices/virtual/qseecom/qseecom/cmnlib64.b04 took 4ms
[   13.720464] ueventd: firmware: loading 'cmnlib64.b05' for '/devices/virtual/qseecom/qseecom/cmnlib64.b05'
[   13.723143] ueventd: loading /devices/virtual/qseecom/qseecom/cmnlib64.b05 took 2ms
[   13.726270] ueventd: firmware: loading 'cmnlib64.b06' for '/devices/virtual/qseecom/qseecom/cmnlib64.b06'
[   13.729674] binder: 903:903 ioctl 40046210 7fce289d40 returned -22
[   13.731308] ueventd: loading /devices/virtual/qseecom/qseecom/cmnlib64.b06 took 5ms
[   13.735481] ueventd: firmware: loading 'cmnlib64.mdt' for '/devices/virtual/qseecom/qseecom/cmnlib64.mdt'
[   13.736398] ueventd: loading /devices/virtual/qseecom/qseecom/cmnlib64.mdt took 1ms
[   13.741297] ueventd: firmware: loading 'cmnlib64.b00' for '/devices/virtual/qseecom/qseecom/cmnlib64.b00'
[   13.742042] ueventd: loading /devices/virtual/qseecom/qseecom/cmnlib64.b00 took 0ms
[   13.745297] ueventd: firmware: loading 'cmnlib64.b01' for '/devices/virtual/qseecom/qseecom/cmnlib64.b01'
[   13.746734] ueventd: loading /devices/virtual/qseecom/qseecom/cmnlib64.b01 took 1ms
[   13.754270] ueventd: firmware: loading 'cmnlib64.b02' for '/devices/virtual/qseecom/qseecom/cmnlib64.b02'
[   13.755500] ueventd: loading /devices/virtual/qseecom/qseecom/cmnlib64.b02 took 1ms
[   13.758352] ueventd: firmware: loading 'cmnlib64.b03' for '/devices/virtual/qseecom/qseecom/cmnlib64.b03'
[   13.759357] ueventd: loading /devices/virtual/qseecom/qseecom/cmnlib64.b03 took 1ms
[   13.762251] ueventd: firmware: loading 'cmnlib64.b04' for '/devices/virtual/qseecom/qseecom/cmnlib64.b04'
[   13.762607] ueventd: loading /devices/virtual/qseecom/qseecom/cmnlib64.b04 took 0ms
[   13.765284] ueventd: firmware: loading 'cmnlib64.b05' for '/devices/virtual/qseecom/qseecom/cmnlib64.b05'
[   13.765700] ueventd: loading /devices/virtual/qseecom/qseecom/cmnlib64.b05 took 0ms
[   13.769116] ueventd: firmware: loading 'cmnlib64.b06' for '/devices/virtual/qseecom/qseecom/cmnlib64.b06'
[   13.769870] ueventd: loading /devices/virtual/qseecom/qseecom/cmnlib64.b06 took 0ms
[   13.770255] QSEECOM: qseecom_load_app: App (soter64) does'nt exist, loading apps for first time
[   13.785431] init: Command 'setprop persist.camera.gyro.disable 0' action=boot (/vendor/etc/init/hw/init.qcom.rc:159) took 123ms and succeeded
[   13.785830] init: Command 'chmod 0755 /system/bin/ip' action=boot (/vendor/etc/init/hw/init.qcom.rc:162) took 0ms and failed: fchmodat() failed: Read-only file system
[   13.793698] QSEECOM: qseecom_load_app: App with id 131074 (soter64) now loaded
[   13.793790] QSEECOM: qseecom_load_app: App (mlipay) does'nt exist, loading apps for first time
[   13.797574] init: processing action (boot) from (/vendor/etc/init/hw/init.qcom.usb.rc:51)
[   13.798751] init: Command 'mount configfs none /config' action=boot (/vendor/etc/init/hw/init.qcom.usb.rc:53) took 0ms and failed: mount() failed: Device or resource busy
[   13.808429] Mass Storage Function, version: 2009/09/11
[   13.808436] LUN: removable file: (no medium)
[   13.814119] file system registered
[   13.817725] f_cdev_alloc: port_name:at_usb0 (0000000000000000) portno:(0)
[   13.819448] QSEECOM: qseecom_load_app: App with id 196611 (mlipay) now loaded
[   13.820085] f_cdev_alloc: port_name:at_usb1 (0000000000000000) portno:(1)
[   13.821108] f_cdev_alloc: port_name:at_usb2 (0000000000000000) portno:(2)
[   13.838492] binder: 882:882 ioctl 40046210 7fcaf52034 returned -22
[   13.841684] init: DM_DEV_STATUS failed for system: No such device or address
[   13.841701] init: DM_DEV_STATUS failed for vroot: No such device or address
[   13.842666] init: DM_DEV_STATUS failed for system: No such device or address
[   13.842684] init: DM_DEV_STATUS failed for vroot: No such device or address
[   13.843344] init: DM_DEV_STATUS failed for system: No such device or address
[   13.843364] init: DM_DEV_STATUS failed for vroot: No such device or address
[   13.843968] init: DM_DEV_STATUS failed for system: No such device or address
[   13.843985] init: DM_DEV_STATUS failed for vroot: No such device or address
[   13.844613] init: DM_DEV_STATUS failed for system: No such device or address
[   13.844632] init: DM_DEV_STATUS failed for vroot: No such device or address
[   13.845231] init: DM_DEV_STATUS failed for system: No such device or address
[   13.845247] init: DM_DEV_STATUS failed for vroot: No such device or address
[   13.845782] init: DM_DEV_STATUS failed for system: No such device or address
[   13.845801] init: DM_DEV_STATUS failed for vroot: No such device or address
[   13.846424] init: DM_DEV_STATUS failed for system: No such device or address
[   13.846441] init: DM_DEV_STATUS failed for vroot: No such device or address
[   13.847020] init: DM_DEV_STATUS failed for system: No such device or address
[   13.847034] init: DM_DEV_STATUS failed for vroot: No such device or address
[   13.847588] init: DM_DEV_STATUS failed for system: No such device or address
[   13.847604] init: DM_DEV_STATUS failed for vroot: No such device or address
[   13.848182] init: DM_DEV_STATUS failed for system: No such device or address
[   13.848199] init: DM_DEV_STATUS failed for vroot: No such device or address
[   13.848753] init: DM_DEV_STATUS failed for system: No such device or address
[   13.848767] init: DM_DEV_STATUS failed for vroot: No such device or address
[   13.849314] init: DM_DEV_STATUS failed for system: No such device or address
[   13.849330] init: DM_DEV_STATUS failed for vroot: No such device or address
[   13.849849] init: DM_DEV_STATUS failed for system: No such device or address
[   13.849860] init: DM_DEV_STATUS failed for vroot: No such device or address
[   13.850837] init: DM_DEV_STATUS failed for system: No such device or address
[   13.850856] init: DM_DEV_STATUS failed for vroot: No such device or address
[   13.851467] init: DM_DEV_STATUS failed for system: No such device or address
[   13.851482] init: DM_DEV_STATUS failed for vroot: No such device or address
[   13.852067] init: DM_DEV_STATUS failed for system: No such device or address
[   13.852081] init: DM_DEV_STATUS failed for vroot: No such device or address
[   13.852671] init: DM_DEV_STATUS failed for system: No such device or address
[   13.852687] init: DM_DEV_STATUS failed for vroot: No such device or address
[   13.853249] init: DM_DEV_STATUS failed for system: No such device or address
[   13.853264] init: DM_DEV_STATUS failed for vroot: No such device or address
[   13.853829] init: DM_DEV_STATUS failed for system: No such device or address
[   13.853843] init: DM_DEV_STATUS failed for vroot: No such device or address
[   13.854380] QSEECOM: __qseecom_unload_app: App (196611) is unloaded
[   13.854401] init: DM_DEV_STATUS failed for system: No such device or address
[   13.854413] init: DM_DEV_STATUS failed for vroot: No such device or address
[   13.855000] init: DM_DEV_STATUS failed for system: No such device or address
[   13.855018] init: DM_DEV_STATUS failed for vroot: No such device or address
[   13.855670] init: DM_DEV_STATUS failed for system: No such device or address
[   13.855686] init: DM_DEV_STATUS failed for vroot: No such device or address
[   13.856293] init: DM_DEV_STATUS failed for system: No such device or address
[   13.856311] init: DM_DEV_STATUS failed for vroot: No such device or address
[   13.856799] init: DM_DEV_STATUS failed for system: No such device or address
[   13.856809] init: DM_DEV_STATUS failed for vroot: No such device or address
[   13.857249] init: DM_DEV_STATUS failed for system: No such device or address
[   13.857261] init: DM_DEV_STATUS failed for vroot: No such device or address
[   13.857754] init: DM_DEV_STATUS failed for system: No such device or address
[   13.857765] init: DM_DEV_STATUS failed for vroot: No such device or address
[   13.858669] init: DM_DEV_STATUS failed for system: No such device or address
[   13.858683] init: DM_DEV_STATUS failed for vroot: No such device or address
[   13.864678] binder: 901:901 ioctl 40046210 7fc4e25324 returned -22
[   13.864766] binder: 901:901 ioctl 40046210 7fc4e25100 returned -22
[   13.926804] init: Command 'setprop sys.mtp.device_type 2' action=boot (/vendor/etc/init/hw/init.qcom.usb.rc:106) took 66ms and succeeded
[   13.977460] init: starting service 'vendor.qcom-usb-sh'...
[   13.980677] init: processing action (boot) from (/vendor/etc/init/hw/init.target.rc:95)
[   13.980899] init: service 'vendor.rmt_storage' requested start, but it is already running (flags: 2052)
[   13.981008] init: Command 'start rfs_access' action=boot (/vendor/etc/init/hw/init.target.rc:97) took 0ms and failed: service rfs_access not found
[   13.986813] init: Command 'insmod /vendor/lib/modules/qca_cld3_wlan.ko' action=boot (/vendor/etc/init/hw/init.target.rc:125) took 0ms and failed: open("/vendor/lib/modules/qca_cld3_wlan.ko") failed: No such file or directory
[   13.989859] init: processing action (boot) from (/vendor/etc/init/hw/init.device.rc:30)
[   13.992943] init: processing action (boot) from (/system/etc/init/dumpstate.rc:1)
[   13.993009] init: processing action (boot) from (/system/etc/init/gsid.rc:25)
[   13.993608] init: starting service 'exec 15 (/system/bin/gsid run-startup-tasks)'...
[   13.995038] init: processing action (persist.device_config.profcollect_native_boot.enabled= && boot) from (/system/etc/init/profcollectd.rc:19)
[   13.995661] init: starting service 'exec 16 (/system/bin/profcollectctl reset)'...
[   13.997244] init: processing action (boot) from (/vendor/etc/init/android.hardware.lights.xiaomi_sdm660.rc:1)
[   13.998414] init: processing action (boot) from (/vendor/etc/init/netmgrd.rc:6)
[   14.001985] init: processing action (boot) from (/vendor/etc/init/port-bridge.rc:6)
[   14.002971] init: processing action (enable_property_trigger) from (<Builtin Action>:0)
[   14.003624] init: processing action (apexd.status=ready && ro.product.cpu.abilist32=*) from (/system/etc/init/hw/init.rc:484)
[   14.020570] init: starting service 'boringssl_self_test_apex32'...
[   14.023901] init: SVC_EXEC service 'boringssl_self_test_apex32' pid 978 (uid 0 gid 0+0 context default) started; waiting...
[   14.034647] init: Service 'exec 15 (/system/bin/gsid run-startup-tasks)' (pid 975) exited with status 0 oneshot service took 0.040000 seconds in background
[   14.034666] init: Sending signal 9 to service 'exec 15 (/system/bin/gsid run-startup-tasks)' (pid 975) process group...
[   14.034874] libprocessgroup: Successfully killed process cgroup uid 0 pid 975 in 0ms
[   14.066434] init: Service 'boringssl_self_test_apex32' (pid 978) exited with status 0 waiting took 0.044000 seconds
[   14.066475] init: Sending signal 9 to service 'boringssl_self_test_apex32' (pid 978) process group...
[   14.066597] libprocessgroup: Successfully killed process cgroup uid 0 pid 978 in 0ms
[   14.067582] init: processing action (apexd.status=ready && ro.product.cpu.abilist64=*) from (/system/etc/init/hw/init.rc:486)
[   14.068266] init: starting service 'boringssl_self_test_apex64'...
[   14.070782] init: SVC_EXEC service 'boringssl_self_test_apex64' pid 982 (uid 0 gid 0+0 context default) started; waiting...
[   14.144619] init: Service 'boringssl_self_test_apex64' (pid 982) exited with status 0 waiting took 0.075000 seconds
[   14.144702] init: Sending signal 9 to service 'boringssl_self_test_apex64' (pid 982) process group...
[   14.144842] libprocessgroup: Successfully killed process cgroup uid 0 pid 982 in 0ms
[   14.145645] init: processing action (bootreceiver.enable=1 && ro.product.cpu.abilist64=*) from (/system/etc/init/hw/init.rc:653)
[   14.180616] init: processing action (net.tcp_def_init_rwnd=*) from (/system/etc/init/hw/init.rc:1212)
[   14.181261] init: processing action (security.perf_harden=1 && sys.init.perf_lsm_hooks=) from (/system/etc/init/hw/init.rc:1227)
[   14.182156] init: processing action (security.perf_harden=1) from (/system/etc/init/hw/init.rc:1237)
[   14.184314] init: processing action (vendor.display.lcd_density=*) from (/vendor/etc/init/hw/init.qcom.rc:567)
[   14.184933] init: Unable to set property 'ro.sf.lcd_density' from uid:0 gid:0 pid:590: Read-only property was already set
[   14.185260] init: processing action (vendor.gpu.available_frequencies=*) from (/vendor/etc/init/hw/init.qcom.rc:594)
[   14.186058] init: processing action (sys.usb.config=adb && sys.usb.configfs=1) from (/vendor/etc/init/hw/init.msm.usb.configfs.rc:1354)
[   14.187751] init: processing action (init.svc.vendor.per_mgr=running) from (/vendor/etc/init/hw/init.target.rc:156)
[   14.188333] init: starting service 'vendor.per_proxy'...
[   14.190737] init: processing action (init.svc.surfaceflinger=running) from (/vendor/etc/init/hw/init.target.rc:233)
[   14.191619] init: starting service 'ppd'...
[   14.192240] init: Created socket '/dev/socket/pps', mode 660, user 1000, group 1000
[   14.194881] init: Service 'vendor.qcom-usb-sh' (pid 974) exited with status 0 oneshot service took 0.216000 seconds in background
[   14.194902] init: Sending signal 9 to service 'vendor.qcom-usb-sh' (pid 974) process group...
[   14.195036] libprocessgroup: Successfully killed process cgroup uid 0 pid 974 in 0ms
[   14.195469] init: processing action (init.svc.zygote=running) from (/vendor/etc/init/hw/init.target.rc:242)
[   14.195583] init: service 'ppd' requested start, but it is already running (flags: 132)
[   14.195614] init: processing action (sys.usb.config=adb && sys.usb.configfs=1) from (/system/etc/init/hw/init.usb.configfs.rc:17)
[   14.200170] init: starting service 'adbd'...
[   14.201869] init: Created socket '/dev/socket/adbd', mode 660, user 1000, group 1000
[   14.204798] init: processing action (init.svc.audioserver=running) from (/system/etc/init/audioserver.rc:38)
[   14.204832] init: service 'vendor.audio-hal' requested start, but it is already running (flags: 4)
[   14.204891] init: Command 'start vendor.audio-hal-4-0-msd' action=init.svc.audioserver=running (/system/etc/init/audioserver.rc:40) took 0ms and failed: service vendor.audio-hal-4-0-msd not found
[   14.204921] init: Command 'start audio_proxy_service' action=init.svc.audioserver=running (/system/etc/init/audioserver.rc:41) took 0ms and failed: service audio_proxy_service not found
[   14.204941] init: Command 'start vendor.audio-hal-2-0' action=init.svc.audioserver=running (/system/etc/init/audioserver.rc:43) took 0ms and failed: service vendor.audio-hal-2-0 not found
[   14.204963] init: Command 'start audio-hal-2-0' action=init.svc.audioserver=running (/system/etc/init/audioserver.rc:44) took 0ms and failed: service audio-hal-2-0 not found
[   14.204978] init: processing action (ro.persistent_properties.ready=true) from (/system/etc/init/bootstat.rc:67)
[   14.205325] init: processing action (ro.persistent_properties.ready=true) from (/system/etc/init/bootstat.rc:71)
[   14.205893] init: starting service 'exec 17 (/system/bin/bootstat --set_system_boot_reason)'...
[   14.207849] init: processing action (bootreceiver.enable=1 && ro.product.cpu.abilist64=*) from (/system/etc/init/dmesgd.rc:3)
[   14.210903] init: Command 'rm /data/misc/dmesgd/sent_reports.txt' action=bootreceiver.enable=1 && ro.product.cpu.abilist64=* (/system/etc/init/dmesgd.rc:5) took 1ms and failed: unlink() failed: No such file or directory
[   14.210947] binder: 1018:1018 ioctl 40046210 7ff688a9f0 returned -22
[   14.211046] init: processing action (persist.heapprofd.enable= && traced.lazy.heapprofd=) from (/system/etc/init/heapprofd.rc:49)
[   14.211966] init: processing action (ro.debuggable=*) from (/system/etc/init/llkd.rc:2)
[   14.212654] subsys-restart: __subsystem_get(): Changing subsys fw_name to modem
[   14.212871] init: processing action (persist.device_config.lmkd_native.thrashing_limit_critical=*) from (/system/etc/init/lmkd.rc:44)
[   14.213201] IPA received MPSS BEFORE_POWERUP
[   14.213413] ipa ipa2_uc_state_check:301 uC is not loaded
[   14.213435] ipa ipa_sps_irq_control_all:963 EP (5) not allocated.
[   14.213546] init: processing action (persist.vendor.net.doxlat=true) from (/system/etc/init/netd.rc:29)
[   14.214145] init: processing action (debug.atrace.user_initiated= && persist.traced.enable=1) from (/system/etc/init/perfetto.rc:47)
[   14.214298] IPA BEFORE_POWERUP handling is complete
[   14.214840] init: starting service 'traced_probes'...
[   14.217310] init: processing action (persist.traced.enable=1) from (/system/etc/init/perfetto.rc:50)
[   14.218025] ueventd: firmware: loading 'modem.mdt' for '/devices/soc/4080000.qcom,mss/firmware/modem.mdt'
[   14.218508] init: starting service 'traced'...
[   14.219081] init: Created socket '/dev/socket/traced_consumer', mode 666, user 0, group 0
[   14.219533] init: Created socket '/dev/socket/traced_producer', mode 666, user 0, group 0
[   14.220409] ueventd: loading /devices/soc/4080000.qcom,mss/firmware/modem.mdt took 2ms
[   14.220464] pil-q6v5-mss 4080000.qcom,mss: modem: loading from 0x000000008ac00000 to 0x0000000092200000
[   14.222369] init: service 'traced_probes' requested start, but it is already running (flags: 132)
[   14.222411] init: processing action (ro.persistent_properties.ready=true) from (/system/etc/init/perfetto.rc:116)
[   14.222446] init: processing action (persist.traced_perf.enable= && sys.init.perf_lsm_hooks=) from (/system/etc/init/traced_perf.rc:39)
[   14.223067] init: processing action (nonencrypted) from (/system/etc/init/hw/init.rc:1184)
[   14.223312] init: starting service 'qcom-c_main-sh'...
[   14.226243] ueventd: firmware: loading 'mba.mbn' for '/devices/soc/4080000.qcom,mss/firmware/mba.mbn'
[   14.226600] init: starting service 'thermal-engine'...
[   14.227257] init: Created socket '/dev/socket/thermal-send-client', mode 666, user 1000, group 1000
[   14.227512] init: Created socket '/dev/socket/thermal-recv-client', mode 660, user 1000, group 1000
[   14.227729] init: Created socket '/dev/socket/thermal-recv-passive-client', mode 666, user 1000, group 1000
[   14.227901] init: Created socket '/dev/socket/thermal-send-rule', mode 660, user 1000, group 1000
[   14.231011] ueventd: loading /devices/soc/4080000.qcom,mss/firmware/mba.mbn took 4ms
[   14.234596] ueventd: firmware: loading 'msadp' for '/devices/soc/4080000.qcom,mss/firmware/msadp'
[   14.235036] init: starting service 'adsprpcd_root'...
[   14.235841] ueventd: firmware: could not find firmware for msadp
[   14.235865] ueventd: firmware: attempted /etc/firmware/msadp, open failed: No such file or directory
[   14.235877] ueventd: firmware: attempted /odm/firmware/msadp, open failed: No such file or directory
[   14.235895] ueventd: firmware: attempted /vendor/firmware/msadp, open failed: No such file or directory
[   14.235907] ueventd: firmware: attempted /firmware/image/msadp, open failed: No such file or directory
[   14.235919] ueventd: firmware: attempted /vendor/firmware_mnt/image/msadp, open failed: No such file or directory
[   14.235999] ueventd: loading /devices/soc/4080000.qcom,mss/firmware/msadp took 1ms
[   14.236086] pil-q6v5-mss 4080000.qcom,mss: Debug policy not present - msadp. Continue.
[   14.236430] pil-q6v5-mss 4080000.qcom,mss: Loading MBA and DP (if present) from 0x0000000094800000 to 0x0000000094900000 size 100000
[   14.240582] init: starting service 'adsprpcd'...
[   14.250736] init: starting service 'vendor.hvdcp_opti'...
[   14.253022] binder: 1019:1019 ioctl 40046210 7fce68b950 returned -22
[   14.258764] init: service 'zygote' requested start, but it is already running (flags: 4)
[   14.258788] init: service 'zygote_secondary' requested start, but it is already running (flags: 4)
[   14.264666] read descriptors
[   14.264770] read strings
[   14.265465] init: starting service 'cameraserver'...
[   14.269716] 'opened /dev/adsprpc-smd c 223 0'
[   14.278635] init: starting service 'idmap2d'...
[   14.283727] init: starting service 'incidentd'...
[   14.288885] init: starting service 'installd'...
[   14.291161] MAIN_MGR: hvdcp_opti Version: 3:0:0
[   14.308968] pil-q6v5-mss 4080000.qcom,mss: MBA boot done
[   14.312429] binder: 1055:1055 ioctl 40046210 7fd01e3c54 returned -22
[   14.326604] ueventd: firmware: loading 'modem.b02' for '/devices/soc/4080000.qcom,mss/firmware/modem.b02'
[   14.330648] ueventd: loading /devices/soc/4080000.qcom,mss/firmware/modem.b02 took 4ms
[   14.330932] binder: 1058:1058 ioctl 40046210 7ff0a7b820 returned -22
[   14.333739] ueventd: firmware: loading 'modem.b03' for '/devices/soc/4080000.qcom,mss/firmware/modem.b03'
[   14.336733] ueventd: loading /devices/soc/4080000.qcom,mss/firmware/modem.b03 took 3ms
[   14.337124] binder: 1063:1063 ioctl 40046210 7fe466f5d0 returned -22
[   14.340410] ueventd: firmware: loading 'modem.b04' for '/devices/soc/4080000.qcom,mss/firmware/modem.b04'
[   14.340477] binder: 1060:1060 ioctl 40046210 7fd5d14cd0 returned -22
[   14.346582] ueventd: loading /devices/soc/4080000.qcom,mss/firmware/modem.b04 took 6ms
[   14.351295] ueventd: firmware: loading 'modem.b05' for '/devices/soc/4080000.qcom,mss/firmware/modem.b05'
[   14.356071] ueventd: loading /devices/soc/4080000.qcom,mss/firmware/modem.b05 took 4ms
[   14.361350] ueventd: firmware: loading 'modem.b06' for '/devices/soc/4080000.qcom,mss/firmware/modem.b06'
[   14.366348] ueventd: loading /devices/soc/4080000.qcom,mss/firmware/modem.b06 took 5ms
[   14.372540] ueventd: firmware: loading 'modem.b07' for '/devices/soc/4080000.qcom,mss/firmware/modem.b07'
[   14.376328] ueventd: loading /devices/soc/4080000.qcom,mss/firmware/modem.b07 took 3ms
[   14.381681] ueventd: firmware: loading 'modem.b08' for '/devices/soc/4080000.qcom,mss/firmware/modem.b08'
[   14.388351] ueventd: loading /devices/soc/4080000.qcom,mss/firmware/modem.b08 took 6ms
[   14.391569] ueventd: firmware: loading 'modem.b09' for '/devices/soc/4080000.qcom,mss/firmware/modem.b09'
[   14.396322] ueventd: loading /devices/soc/4080000.qcom,mss/firmware/modem.b09 took 4ms
[   14.402647] ueventd: firmware: loading 'modem.b10' for '/devices/soc/4080000.qcom,mss/firmware/modem.b10'
[   14.411136] HVDCP2: Not valid charger for hvdcp2.
[   14.411237] hvdcpd: Not valid charger for hvdcp3.
[   14.411485] THERM-BALANCE: Parallel PSY entry not found.
[   14.411776] init: starting service 'mediaextractor'...
[   14.411849] CTM: file connector_health does not exist in /sys/class/power_supply/usb/
[   14.411867] CTM: Couldn't read connector_health from /sys/class/power_supply/parallel/
[   14.412097] SOH-D: SOH file not exposed, disable SOH
[   14.412314] CP: charge_pump missing
[   14.412630] STD-PD: Registered STD_PD
[   14.412909] PPS: Registered PPS
[   14.417107] msm_thermal:set_enabled enabled = 0
[   14.430249] ueventd: loading /devices/soc/4080000.qcom,mss/firmware/modem.b10 took 27ms
[   14.435671] ueventd: firmware: loading 'modem.b11' for '/devices/soc/4080000.qcom,mss/firmware/modem.b11'
[   14.450930] ueventd: loading /devices/soc/4080000.qcom,mss/firmware/modem.b11 took 15ms
[   14.456088] ueventd: firmware: loading 'modem.b12' for '/devices/soc/4080000.qcom,mss/firmware/modem.b12'
[   14.566719] binder: 1182:1182 ioctl 40046210 7fc2857c40 returned -22
[   14.658341] ueventd: loading /devices/soc/4080000.qcom,mss/firmware/modem.b12 took 202ms
[   14.663375] ueventd: firmware: loading 'modem.b13' for '/devices/soc/4080000.qcom,mss/firmware/modem.b13'
[   14.669894] ueventd: loading /devices/soc/4080000.qcom,mss/firmware/modem.b13 took 6ms
[   14.676324] ueventd: firmware: loading 'modem.b14' for '/devices/soc/4080000.qcom,mss/firmware/modem.b14'
[   14.677905] ueventd: loading /devices/soc/4080000.qcom,mss/firmware/modem.b14 took 1ms
[   14.684136] ueventd: firmware: loading 'modem.b16' for '/devices/soc/4080000.qcom,mss/firmware/modem.b16'
[   14.690843] ueventd: loading /devices/soc/4080000.qcom,mss/firmware/modem.b16 took 6ms
[   14.696459] init: starting service 'mediametrics'...
[   14.697738] ueventd: firmware: loading 'modem.b17' for '/devices/soc/4080000.qcom,mss/firmware/modem.b17'
[   14.700134] init: starting service 'media'...
[   14.702839] init: service 'netd' requested start, but it is already running (flags: 4)
[   14.703753] init: starting service 'storaged'...
[   14.703877] init: Could not open file '/d/mmc0/mmc0:0001/ext_csd': Failed to open file '/d/mmc0/mmc0:0001/ext_csd': No such file or directory
[   14.709228] init: starting service 'wificond'...
[   14.713567] init: starting service 'vendor.media.omx'...
[   14.721236] init: starting service 'vendor.cnd'...
[   14.726261] init: starting service 'vendor.dataadpl'...
[   14.726822] init: Created socket '/dev/socket/adpl_cmd_uds_file', mode 660, user 1001, group 1001
[   14.731639] init: starting service 'vendor.dataqti'...
[   14.732299] init: Created socket '/dev/socket/qti_dpm_uds_file', mode 660, user 1001, group 1001
[   14.737687] init: starting service 'dpmQmiMgr'...
[   14.743169] init: starting service 'vendor.ims_rtp_daemon'...
[   14.749540] init: starting service 'vendor.imsqmidaemon'...
[   14.750910] init: Created socket '/dev/socket/ims_qmid', mode 660, user 1000, group 1001
[   14.755577] init: starting service 'vendor.imsrcsservice'...
[   14.759937] init: service 'time_daemon' requested start, but it is already running (flags: 4)
[   14.759968] init: service 'vendor.ipacm' requested start, but it is already running (flags: 4)
[   14.760908] init: starting service 'vendor.netmgrd'...
[   14.772022] init: starting service 'vendor.port-bridge'...
[   14.776766] init: starting service 'vendor.qcrild'...
[   14.783011] binder: 1194:1194 ioctl 40046210 7fdc16f950 returned -22
[   14.786136] init: starting service 'vendor.qcrild2'...
[   14.793607] init: starting service 'vendor.ril-daemon'...
[   14.794544] binder: 1206:1206 ioctl 40046210 7fcc71a4b4 returned -22
[   14.807868] init: starting service 'media.swcodec'...
[   14.813266] binder: 1196:1196 ioctl 40046210 7fcf5d4420 returned -22
[   14.815886] binder: 1196:1196 ioctl 40046210 7fcf5d4464 returned -22
[   14.817193] binder: 1052:1052 ioctl 40046210 7fdec15ff4 returned -22
[   14.817315] binder: 1052:1052 ioctl 40046210 7fdec15dd0 returned -22
[   14.818395] init: service 'statsd' requested start, but it is already running (flags: 4)
[   14.818461] init: Command 'class_start main' action=nonencrypted (/system/etc/init/hw/init.rc:1185) took 595ms and succeeded
[   14.818624] binder: 1197:1197 ioctl 40046210 7fcdeef220 returned -22
[   14.819313] init: Service 'exec 16 (/system/bin/profcollectctl reset)' (pid 976) exited with status 0 oneshot service took 0.822000 seconds in background
[   14.819336] init: Sending signal 9 to service 'exec 16 (/system/bin/profcollectctl reset)' (pid 976) process group...
[   14.819548] libprocessgroup: Successfully killed process cgroup uid 0 pid 976 in 0ms
[   14.820614] init: Service 'exec 17 (/system/bin/bootstat --set_system_boot_reason)' (pid 1021) exited with status 0 oneshot service took 0.613000 seconds in background
[   14.820642] init: Sending signal 9 to service 'exec 17 (/system/bin/bootstat --set_system_boot_reason)' (pid 1021) process group...
[   14.820959] libprocessgroup: Successfully killed process cgroup uid 1000 pid 1021 in 0ms
[   14.822233] init: Control message: Could not find 'ril-daemon' for ctl.stop from pid: 1064 (stop ril-daemon)
[   14.822451] init: Could not start service 'nqnfcinfo' as part of class 'late_start': Cannot find '/system/vendor/bin/nqnfcinfo': No such file or directory
[   14.823098] init: starting service 'cnss-daemon'...
[   14.823135] binder: 1197:1197 ioctl 40046210 7fcdeef3e4 returned -22
[   14.828477] init: starting service 'loc_launcher'...
[   14.834895] init: starting service 'qcom-sh'...
[   14.838838] ueventd: loading /devices/soc/4080000.qcom,mss/firmware/modem.b17 took 141ms
[   14.841463] [NVT-ts] Check_CheckSum 297: RD_Filechksum[0]=0x024F, WR_Filechksum[0]=0x3B39
[   14.841482] [NVT-ts] Check_CheckSum 298: firmware checksum not match!!
[   14.846537] binder: 1203:1203 ioctl 40046210 7fd68dc214 returned -22
[   14.846565] init: starting service 'vendor.atfwd'...
[   14.882701] binder: 1220:1220 ioctl 40046210 7fc557d5d0 returned -22
[   14.899579] binder: 1230:1230 ioctl 40046210 7fcc190d04 returned -22
[   14.905400] ueventd: firmware: loading 'modem.b18' for '/devices/soc/4080000.qcom,mss/firmware/modem.b18'
[   14.949545] binder: 1204:1204 ioctl 40046210 7fdfbc2db4 returned -22
[   14.968350] binder: 1242:1260 ioctl 40046210 6e1a1034e4 returned -22
[   14.972376] binder: 1199:1199 ioctl 40046210 7fc6d1ffb4 returned -22
[   14.980672] ueventd: loading /devices/soc/4080000.qcom,mss/firmware/modem.b18 took 75ms
[   14.985748] msm_pm_qos_add_request: add request
[   14.986853] init: service 'ppd' requested start, but it is already running (flags: 132)
[   14.988348] init: starting service 'gatekeeperd'...
[   14.990645] binder: 1195:1195 ioctl 40046210 ffae5cf0 returned -22
[   14.992330] init: service 'traced' requested start, but it is already running (flags: 132)
[   14.992353] init: service 'traced_probes' requested start, but it is already running (flags: 132)
[   14.996030] binder: 1195:1195 ioctl 40046210 ffae5eb8 returned -22
[   14.999161] init: starting service 'usbd'...
[   15.004908] init: starting service 'dpmd'...
[   15.007359] init: Created socket '/dev/socket/dpmd', mode 660, user 0, group 1001
[   15.009979] binder: 1216:1216 ioctl 40046210 7fedc28b94 returned -22
[   15.012100] init: Created socket '/dev/socket/tcm', mode 660, user 0, group 3003
[   15.023842] msm_sensor_fill_eeprom_subdevid_by_name:232 Eeprom userspace probe for lavender_imx486_ofilm_i
[   15.025741] init: Created socket '/dev/socket/dpmwrapper', mode 660, user 0, group 3003
[   15.035179] init: starting service 'vendor.fps_hal'...
[   15.036115] binder: 1275:1275 ioctl 40046210 7fc3f00714 returned -22
[   15.042336] init: starting service 'vendor.livedisplay-hal-2-0-sdm'...
[   15.053704] init: Command 'class_start late_start' action=nonencrypted (/system/etc/init/hw/init.rc:1186) took 231ms and succeeded
[   15.054787] init: Service 'usbd' (pid 1275) exited with status 0 oneshot service took 0.053000 seconds in background
[   15.054812] init: Sending signal 9 to service 'usbd' (pid 1275) process group...
[   15.055050] libprocessgroup: Successfully killed process cgroup uid 0 pid 1275 in 0ms
[   15.056802] init: Sending signal 9 to service 'vendor.dataadpl' (pid 1200) process group...
[   15.058661] binder: 1273:1273 ioctl 40046210 7ff702f450 returned -22
[   15.060570] binder: 1273:1273 ioctl 40046210 7ff702f494 returned -22
[   15.065632] libprocessgroup: Successfully killed process cgroup uid 1001 pid 1200 in 8ms
[   15.066197] msm_cci_init:1443: hw_version = 0x10060000
[   15.066267] init: Control message: Processed ctl.stop for 'vendor.dataadpl' from pid: 1200 (/system/vendor/bin/adpl)
[   15.066341] init: processing action (nonencrypted) from (/system/etc/init/hw/init.rc:1343)
[   15.066438] init: starting service 'exec 18 (/debug_ramdisk/magisk --service)'...
[   15.068366] init: SVC_EXEC service 'exec 18 (/debug_ramdisk/magisk --service)' pid 1288 (uid 0 gid 0+0 context u:r:magisk:s0) started; waiting...
[   15.068907] init: Service 'vendor.dataadpl' (pid 1200) received signal 9
[   15.069175] msm_sensor_match_vendor_id:lavender_imx486_ofilm_i match vendor id failed read vendor id:0x10 expected id 0x11 eeprom_slave_addr 0xa2 vendor_id_addr 0xa
[   15.069185] msm_sensor_match_vendor_id: read vendor id: 0x10 expected id 0x11:
[   15.069818] binder: 1198:1198 ioctl 40046210 ff80d568 returned -22
[   15.070158] binder: 1198:1198 ioctl 40046210 ff80d730 returned -22
[   15.070373] init: service 'vendor.camera-provider-2-4' requested start, but it is already running (flags: 4)
[   15.070393] init: Control message: Processed ctl.interface_start for 'android.hardware.camera.provider@2.4::ICameraProvider/legacy/0' from pid: 616 (/system/bin/hwservicemanager)
[   15.070719] init: Sending signal 9 to service 'vendor.ril-daemon' (pid 1213) process group...
[   15.073269] ueventd: firmware: loading 'modem.b20' for '/devices/soc/4080000.qcom,mss/firmware/modem.b20'
[   15.076941] ueventd: loading /devices/soc/4080000.qcom,mss/firmware/modem.b20 took 3ms
[   15.078257] libprocessgroup: Successfully killed process cgroup uid 1001 pid 1213 in 7ms
[   15.078887] init: Control message: Processed ctl.stop for 'vendor.ril-daemon' from pid: 1219 (stop vendor.ril-daemon)
[   15.079847] init: Service 'vendor.ril-daemon' (pid 1213) received signal 9
[   15.081313] init: Control message: Could not find 'android.frameworks.sensorservice@1.0::ISensorManager/default' for ctl.interface_start from pid: 616 (/system/bin/hwservicemanager)
[   15.081619] init: Control message: Could not find 'android.frameworks.sensorservice@1.0::ISensorManager/default' for ctl.interface_start from pid: 616 (/system/bin/hwservicemanager)
[   15.082404] init: starting service 'vendor.msm_irqbalance'...
[   15.084207] ueventd: firmware: loading 'modem.b21' for '/devices/soc/4080000.qcom,mss/firmware/modem.b21'
[   15.085826] binder: 1287:1287 ioctl 40046210 7fcbe809b0 returned -22
[   15.086384] binder: 1287:1287 ioctl 40046210 7fcbe80bd4 returned -22
[   15.088679] init: Control message: Processed ctl.start for 'vendor.msm_irqbalance' from pid: 1268 (start vendor.msm_irqbalance)
[   15.090509] init: service 'vendor.qcrild' requested start, but it is already running (flags: 4)
[   15.090532] init: Control message: Processed ctl.start for 'vendor.qcrild' from pid: 1297 (start vendor.qcrild)
[   15.095895] binder: 1286:1286 ioctl 40046210 7fddd06c44 returned -22
[   15.097635] ueventd: loading /devices/soc/4080000.qcom,mss/firmware/modem.b21 took 13ms
[   15.099628] ueventd: firmware: loading 'modem.b22' for '/devices/soc/4080000.qcom,mss/firmware/modem.b22'
[   15.100903] init: Service 'exec 18 (/debug_ramdisk/magisk --service)' (pid 1288) exited with status 0 waiting took 0.033000 seconds
[   15.100925] init: Sending signal 9 to service 'exec 18 (/debug_ramdisk/magisk --service)' (pid 1288) process group...
[   15.101181] libprocessgroup: Successfully killed process cgroup uid 0 pid 1288 in 0ms
[   15.101681] init: processing action (load_persist_props_action) from (/system/etc/init/flags_health_check.rc:1)
[   15.104983] binder: 1305:1305 ioctl 40046210 7ff457b824 returned -22
[   15.105604] init: Verified that /data/server_configurable_flags has the encryption policy 2da7ffb638a9049d v1 modes 127/4 flags 0x0
[   15.106608] init: starting service 'exec 19 (/system/bin/flags_health_check BOOT_FAILURE)'...
[   15.108363] init: SVC_EXEC service 'exec 19 (/system/bin/flags_health_check BOOT_FAILURE)' pid 1310 (uid 1000 gid 1000+0 context default) started; waiting...
[   15.109313] capability: warning: `msm_irqbalance' uses 32-bit capabilities (legacy support in use)
[   15.134916] init: service 'vendor.qcrild2' requested start, but it is already running (flags: 4)
[   15.134940] init: Control message: Processed ctl.start for 'vendor.qcrild2' from pid: 1312 (start vendor.qcrild2)
[   15.163505] msm_cci_init:1443: hw_version = 0x10060000
[   15.163775] msm_sensor_match_vendor_id:lavender_imx486_ofilm_i match vendor id failed read vendor id:0x10 expected id 0x11 eeprom_slave_addr 0xa2 vendor_id_addr 0xa
[   15.163785] msm_sensor_match_vendor_id: read vendor id: 0x10 expected id 0x11:
[   15.166902] gf_spi: Found
[   15.166917] gf_spi: Succeed to open device. irq = 0
[   15.174147] input: uinput_nav as /devices/virtual/input/input8
[   15.202822] ueventd: loading /devices/soc/4080000.qcom,mss/firmware/modem.b22 took 103ms
[   15.212847] ueventd: firmware: loading 'modem.b23' for '/devices/soc/4080000.qcom,mss/firmware/modem.b23'
[   15.224333] ueventd: loading /devices/soc/4080000.qcom,mss/firmware/modem.b23 took 11ms
[   15.226384] init: Service 'exec 19 (/system/bin/flags_health_check BOOT_FAILURE)' (pid 1310) exited with status 0 waiting took 0.118000 seconds
[   15.226411] init: Sending signal 9 to service 'exec 19 (/system/bin/flags_health_check BOOT_FAILURE)' (pid 1310) process group...
[   15.226600] libprocessgroup: Successfully killed process cgroup uid 1000 pid 1310 in 0ms
[   15.227030] init: service 'vendor.dataqti' requested start, but it is already running (flags: 4)
[   15.227049] init: Control message: Processed ctl.start for 'vendor.dataqti' from pid: 1315 (start vendor.dataqti)
[   15.227125] init: processing action (load_persist_props_action) from (/system/etc/init/logcatd.rc:29)
[   15.229227] ueventd: firmware: loading 'modem.b24' for '/devices/soc/4080000.qcom,mss/firmware/modem.b24'
[   15.233023] init: processing action (llk.enable=0) from (/system/etc/init/llkd.rc:12)
[   15.234154] init: processing action (khungtask.enable=0) from (/system/etc/init/llkd.rc:21)
[   15.237380] init: processing action (sys.usb.config=adb && sys.usb.configfs=1 && sys.usb.ffs.ready=1) from (/system/etc/init/hw/init.usb.configfs.rc:20)
[   15.238279] QSEECOM: qseecom_load_app: App (goodixfp) does'nt exist, loading apps for first time
[   15.240305] init: starting service 'vendor.dataadpl'...
[   15.240694] init: Created socket '/dev/socket/adpl_cmd_uds_file', mode 660, user 1001, group 1001
[   15.242339] ueventd: loading /devices/soc/4080000.qcom,mss/firmware/modem.b24 took 13ms
[   15.244135] init: Control message: Processed ctl.start for 'vendor.dataadpl' from pid: 1319 (start vendor.dataadpl)
[   15.246038] ueventd: firmware: loading 'modem.b25' for '/devices/soc/4080000.qcom,mss/firmware/modem.b25'
[   15.247773] ueventd: loading /devices/soc/4080000.qcom,mss/firmware/modem.b25 took 2ms
[   15.253714] ueventd: firmware: loading 'modem.b26' for '/devices/soc/4080000.qcom,mss/firmware/modem.b26'
[   15.257071] ueventd: loading /devices/soc/4080000.qcom,mss/firmware/modem.b26 took 3ms
[   15.259667] init: processing action (init.svc.media=*) from (/system/etc/init/mediaserver.rc:1)
[   15.262753] msm_cci_init:1443: hw_version = 0x10060000
[   15.263002] msm_sensor_match_vendor_id:lavender_imx486_ofilm_i match vendor id failed read vendor id:0x10 expected id 0x11 eeprom_slave_addr 0xa2 vendor_id_addr 0xa
[   15.263010] msm_sensor_match_vendor_id: read vendor id: 0x10 expected id 0x11:
[   15.267410] init: processing action (vendor.ims.QMI_DAEMON_STATUS=1) from (/vendor/etc/init/imsdatadaemon.rc:14)
[   15.268188] ueventd: firmware: loading 'modem.b27' for '/devices/soc/4080000.qcom,mss/firmware/modem.b27'
[   15.268336] init: starting service 'vendor.imsdatadaemon'...
[   15.268740] init: Created socket '/dev/socket/ims_datad', mode 660, user 1000, group 1001
[   15.272858] init: Sending signal 9 to service 'vendor.dataadpl' (pid 1321) process group...
[   15.278355] libprocessgroup: Successfully killed process cgroup uid 1001 pid 1321 in 5ms
[   15.278914] init: Control message: Processed ctl.stop for 'vendor.dataadpl' from pid: 1321 (/system/vendor/bin/adpl)
[   15.281806] init: processing action (khungtask.enable=false) from (/system/etc/init/llkd.rc:31)
[   15.282629] init: Service 'qcom-c_main-sh' (pid 1036) exited with status 0 oneshot service took 1.058000 seconds in background
[   15.282648] init: Sending signal 9 to service 'qcom-c_main-sh' (pid 1036) process group...
[   15.282776] libprocessgroup: Successfully killed process cgroup uid 0 pid 1036 in 0ms
[   15.283537] init: Service 'vendor.dataadpl' (pid 1321) received signal 9
[   15.284652] init: processing action (init.svc.mediadrm=running) from (/vendor/etc/init/android.hardware.drm@1.2-service.widevine.rc:1)
[   15.295239] ueventd: loading /devices/soc/4080000.qcom,mss/firmware/modem.b27 took 27ms
[   15.300305] ueventd: firmware: loading 'modem.b28' for '/devices/soc/4080000.qcom,mss/firmware/modem.b28'
[   15.310085] lavender_imx486_ofilm_i power up failed
[   15.310105] MSM-SENSOR-INIT msm_sensor_driver_cmd:90 msm_sensor_driver_cmd failed (non-fatal) rc -1
[   15.310116] MSM-SENSOR-INIT msm_sensor_init_subdev_do_ioctl:156 msm_sensor_init_subdev_do_ioctl:156 VIDIOC_MSM_SENSOR_INIT_CFG failed (non-fatal)
[   15.317112] ueventd: loading /devices/soc/4080000.qcom,mss/firmware/modem.b28 took 16ms
[   15.388436] binder: 1327:1327 ioctl 40046210 7fc8e63574 returned -22
[   15.409889] msm_sensor_fill_eeprom_subdevid_by_name:232 Eeprom userspace probe for lavender_imx486_ofilm_i_dw9714
[   15.416294] QSEECOM: qseecom_load_app: App with id 262147 (goodixfp) now loaded
[   15.485558] msm_cci_init:1443: hw_version = 0x10060000
[   15.490110] msm_sensor_match_vendor_id:lavender_imx486_ofilm_i_dw9714 match vendor id failed read vendor id:0x10 expected id 0xa eeprom_slave_addr 0xa2 vendor_id_addr 0xa
[   15.490121] msm_sensor_match_vendor_id: read vendor id: 0x10 expected id 0xa:
[   15.538468] pil-q6v5-mss 4080000.qcom,mss: modem: Brought out of reset
[   15.554834] QSEECOM: __qseecom_unload_app: App (262147) is unloaded
[   15.555099] [info] gf_cleanup
[   15.555107] remove irq_gpio success
[   15.555109] remove reset_gpio success
[   15.562481] msm_qti_pp_get_rms_value_control, back not active to query rms be_idx:3
[   15.573434] init: Unable to set property 'ro.boot.fpsensor' from uid:1000 gid:1000 pid:1286: Read-only property was already set
[   15.574112] msm_cci_init:1443: hw_version = 0x10060000
[   15.574331] msm_sensor_match_vendor_id:lavender_imx486_ofilm_i_dw9714 match vendor id failed read vendor id:0x10 expected id 0xa eeprom_slave_addr 0xa2 vendor_id_addr 0xa
[   15.574382] msm_sensor_match_vendor_id: read vendor id: 0x10 expected id 0xa:
[   15.579925] msm_voice_sound_focus_get: Error getting Sound Focus Params, err=-22
[   15.580427] msm_voice_source_tracking_get: Error getting Source Tracking Params, err=-22
[   15.580828] msm_audio_get_copp_idx_from_port_id: Invalid FE, exiting
[   15.580833] msm_audio_sound_focus_get: Could not get copp idx for port_id=16385
[   15.581232] msm_audio_get_copp_idx_from_port_id: Invalid FE, exiting
[   15.581238] msm_audio_source_tracking_get: Could not get copp idx for port_id=16385
[   15.581596] msm_voice_sound_focus_get: Error getting Sound Focus Params, err=-22
[   15.581948] msm_voice_source_tracking_get: Error getting Source Tracking Params, err=-22
[   15.582293] msm_audio_get_copp_idx_from_port_id: Invalid FE, exiting
[   15.582299] msm_audio_sound_focus_get: Could not get copp idx for port_id=4101
[   15.582660] msm_audio_get_copp_idx_from_port_id: Invalid FE, exiting
[   15.582664] msm_audio_source_tracking_get: Could not get copp idx for port_id=4101
[   15.583028] msm_voice_sound_focus_get: Error getting Sound Focus Params, err=-22
[   15.583340] msm_voice_source_tracking_get: Error getting Source Tracking Params, err=-22
[   15.583731] msm_audio_get_copp_idx_from_port_id: Invalid FE, exiting
[   15.583736] msm_audio_sound_focus_get: Could not get copp idx for port_id=4149
[   15.584177] msm_audio_get_copp_idx_from_port_id: Invalid FE, exiting
[   15.584182] msm_audio_source_tracking_get: Could not get copp idx for port_id=4149
[   15.585932] android_work: sent uevent USB_STATE=CONNECTED
[   15.585967] core_get_license_status: cmdrsp_license_result.result = 0x15 for module 0x131ff
[   15.588125] elliptic_system_configuration_param_get: reg: 0 shift: 0
[   15.588469] elliptic_system_configuration_param_get: reg: 0 shift: 1
[   15.588786] elliptic_system_configuration_param_get: reg: 0 shift: 2
[   15.589161] elliptic_system_configuration_param_get: reg: 0 shift: 3
[   15.589488] elliptic_system_configuration_param_get: reg: 0 shift: 4
[   15.589798] elliptic_system_configuration_param_get: reg: 0 shift: 5
[   15.590148] android_work: sent uevent USB_STATE=DISCONNECTED
[   15.594049] elliptic_system_configuration_param_get: reg: 0 shift: 6
[   15.596015] elliptic_system_configuration_param_get: reg: 0 shift: 7
[   15.596024] [ELUS] : (elliptic_system_configuration_param_get) : get ELLIPTIC_SYSTEM_CONFIGURATION_CUSTOM_SETTING_00
[   15.596347] elliptic_system_configuration_param_get: reg: 0 shift: 8
[   15.596353] [ELUS] : (elliptic_system_configuration_param_get) : get ELLIPTIC_SYSTEM_CONFIGURATION_CUSTOM_SETTING_01
[   15.596761] elliptic_system_configuration_param_get: reg: 0 shift: 9
[   15.596769] [ELUS] : (elliptic_system_configuration_param_get) : get ELLIPTIC_SYSTEM_CONFIGURATION_CUSTOM_SETTING_02
[   15.597125] elliptic_system_configuration_param_get: reg: 0 shift: 10
[   15.597129] [ELUS] : (elliptic_system_configuration_param_get) : get ELLIPTIC_SYSTEM_CONFIGURATION_CUSTOM_SETTING_03
[   15.597481] elliptic_system_configuration_param_get: reg: 0 shift: 11
[   15.597487] [ELUS] : (elliptic_system_configuration_param_get) : get ELLIPTIC_SYSTEM_CONFIGURATION_CUSTOM_SETTING_04
[   15.597945] elliptic_system_configuration_param_get: reg: 0 shift: 12
[   15.597952] [ELUS] : (elliptic_system_configuration_param_get) : get ELLIPTIC_SYSTEM_CONFIGURATION_CUSTOM_SETTING_05
[   15.598342] elliptic_system_configuration_param_get: reg: 0 shift: 13
[   15.598346] [ELUS] : (elliptic_system_configuration_param_get) : get ELLIPTIC_SYSTEM_CONFIGURATION_CUSTOM_SETTING_06
[   15.598674] elliptic_system_configuration_param_get: reg: 0 shift: 14
[   15.598680] [ELUS] : (elliptic_system_configuration_param_get) : get ELLIPTIC_SYSTEM_CONFIGURATION_CUSTOM_SETTING_07
[   15.599082] elliptic_system_configuration_param_get: reg: 0 shift: 15
[   15.599087] [ELUS] : (elliptic_system_configuration_param_get) : get ELLIPTIC_SYSTEM_CONFIGURATION_CUSTOM_SETTING_08
[   15.599419] elliptic_system_configuration_param_get: reg: 0 shift: 16
[   15.599423] [ELUS] : (elliptic_system_configuration_param_get) : get ELLIPTIC_SYSTEM_CONFIGURATION_CUSTOM_SETTING_09
[   15.599790] elliptic_system_configuration_param_get: reg: 0 shift: 17
[   15.599797] [ELUS] : (elliptic_system_configuration_param_get) : get ELLIPTIC_SYSTEM_CONFIGURATION_CUSTOM_SETTING_10
[   15.600252] elliptic_system_configuration_param_get: reg: 0 shift: 18
[   15.600258] [ELUS] : (elliptic_system_configuration_param_get) : get ELLIPTIC_SYSTEM_CONFIGURATION_CUSTOM_SETTING_11
[   15.600778] elliptic_system_configuration_param_get: reg: 0 shift: 19
[   15.600785] [ELUS] : (elliptic_system_configuration_param_get) : get ELLIPTIC_SYSTEM_CONFIGURATION_CUSTOM_SETTING_12
[   15.601126] elliptic_system_configuration_param_get: reg: 0 shift: 20
[   15.601130] [ELUS] : (elliptic_system_configuration_param_get) : get ELLIPTIC_SYSTEM_CONFIGURATION_CUSTOM_SETTING_13
[   15.601540] elliptic_system_configuration_param_get: reg: 0 shift: 21
[   15.601549] [ELUS] : (elliptic_system_configuration_param_get) : get ELLIPTIC_SYSTEM_CONFIGURATION_CUSTOM_SETTING_14
[   15.602151] elliptic_system_configuration_param_get: reg: 0 shift: 22
[   15.602157] [ELUS] : (elliptic_system_configuration_param_get) : get ELLIPTIC_SYSTEM_CONFIGURATION_CUSTOM_SETTING_15
[   15.604191] elliptic_system_configuration_param_get: reg: 0 shift: 23
[   15.604800] elliptic_system_configuration_param_get: reg: 0 shift: 24
[   15.605434] elliptic_system_configuration_param_get: reg: 0 shift: 25
[   15.605917] elliptic_system_configuration_param_get: reg: 0 shift: 26
[   15.606399] elliptic_system_configuration_param_get: reg: 0 shift: 27
[   15.607625] elliptic_system_configuration_param_get: reg: 0 shift: 28
[   15.608204] elliptic_system_configuration_param_get: reg: 0 shift: 30
[   15.609294] elliptic_system_configuration_param_get: reg: 0 shift: 31
[   15.609901] elliptic_system_configuration_param_get: reg: 0 shift: 32
[   15.610842] max98927_spk_gain_get: spk_gain setting returned 5
[   15.611419] max98927_spk_gain_get_l: spk_gain_l setting returned 0
[   15.611887] max98927_spk_gain_get_r: spk_gain_r setting returned 0
[   15.612439] max98927_digital_gain_get: digital_gain setting returned 56
[   15.612972] max98927_digital_gain_get_l: digital_gain_l setting returned 0
[   15.613479] max98927_digital_gain_get_r: digital_gain_r setting returned 0
[   15.623839] max98927_mono_out_get_l: value:128
[   15.624133] max98927_mono_out_get_r: value:0
[   15.624457] max98927_feedback_en_get_l: value:3
[   15.624776] max98927_feedback_en_get_r: value:0
[   15.625672] max98927_left_channel_enable_get: value:0
[   15.627090] max98927_right_channel_enable_get: value:0
[   15.630831] max98927_adsp_mode_get: value:0
[   15.632929] msm-ext-disp-audio-codec-rx soc:qcom,msm_ext_disp:qcom,msm-ext-disp-audio-codec-rx: msm_ext_disp_audio_type_get: codec_data, get_audio_edid_blk() or get_intf_id is NULL
[   15.652998] msm_cci_init:1443: hw_version = 0x10060000
[   15.653204] msm_sensor_match_vendor_id:lavender_imx486_ofilm_i_dw9714 match vendor id failed read vendor id:0x10 expected id 0xa eeprom_slave_addr 0xa2 vendor_id_addr 0xa
[   15.653212] msm_sensor_match_vendor_id: read vendor id: 0x10 expected id 0xa:
[   15.665880] pil-q6v5-mss 4080000.qcom,mss: Subsystem error monitoring/handling services are up
[   15.665913] pil-q6v5-mss 4080000.qcom,mss: modem: Power/Clock ready interrupt received
[   15.667026] IPA received MPSS AFTER_POWERUP
[   15.667029] IPA AFTER_POWERUP handling is complete
[   15.667100] apr_tal_link_state_cb: edge[mpss] link state[0]
[   15.668687] msm_dai_q6_slim_rx_drift_get: afe port not started. dai_data->status_mask = 0
[   15.670981] msm_dai_q6_ext_disp_drift_get:  afe port not started. status_mask = 0
[   15.671855] rmt_storage:INFO:rmt_storage_open_cb: Processing: Open Request for /boot/modem_fs1!
[   15.672554] service-notifier: root_service_service_arrive: Connection established between QMI handle and 180 service
[   15.672614] rmt_storage:INFO:rmt_storage_open_cb: Processing: Open Request for /boot/modem_fs2!
[   15.672663] sysmon-qmi: sysmon_clnt_svc_arrive: Connection established between QMI handle and modem's SSCTL service
[   15.673256] rmt_storage:INFO:rmt_storage_open_cb: Processing: Open Request for /boot/modem_fsg!
[   15.673885] rmt_storage:INFO:rmt_storage_open_cb: Processing: Open Request for /boot/modem_fsc!
[   15.676133] rmt_storage:INFO:rmt_storage_alloc_buff_cb: Received req_size: 0! avail: 2097152
[   15.676797] rmt_storage:INFO:rmt_storage_rw_iovec_cb: Read iovec request received for /boot/modem_fs1
[   15.676910] rmt_storage:INFO:rmt_storage_client_thread: Calling Read [offset=512, size=512]for /boot/modem_fs1!
[   15.679060] rmt_storage:INFO:rmt_storage_client_thread: Done Read (bytes = 512) for /boot/modem_fs1!
[   15.679622] rmt_storage:INFO:rmt_storage_rw_iovec_cb: Read iovec request received for /boot/modem_fs2
[   15.679703] rmt_storage:INFO:rmt_storage_client_thread: Calling Read [offset=512, size=512]for /boot/modem_fs2!
[   15.680211] rmt_storage:INFO:rmt_storage_client_thread: Done Read (bytes = 512) for /boot/modem_fs2!
[   15.681683] rmt_storage:INFO:rmt_storage_rw_iovec_cb: Read iovec request received for /boot/modem_fs2
[   15.681748] rmt_storage:INFO:rmt_storage_client_thread: Calling Read [offset=1024, size=2096128]for /boot/modem_fs2!
[   15.694785] rmt_storage:INFO:rmt_storage_client_thread: Done Read (bytes = 2096128) for /boot/modem_fs2!
[   15.700068] lavender_imx486_ofilm_i_dw9714 power up failed
[   15.700080] MSM-SENSOR-INIT msm_sensor_driver_cmd:90 msm_sensor_driver_cmd failed (non-fatal) rc -1
[   15.700087] MSM-SENSOR-INIT msm_sensor_init_subdev_do_ioctl:156 msm_sensor_init_subdev_do_ioctl:156 VIDIOC_MSM_SENSOR_INIT_CFG failed (non-fatal)
[   15.707054] msm_sensor_fill_eeprom_subdevid_by_name:232 Eeprom userspace probe for lavender_s5kgm1sp_ofilm_i
[   15.708981] android_work: sent uevent USB_STATE=CONNECTED
[   15.712398] msm_adsp_stream_callback_get: ASM Stream PP event queue is not initialized.
[   15.717319] configfs-gadget gadget: high-speed config #1: b
[   15.717455] android_work: sent uevent USB_STATE=CONFIGURED
[   15.717802] msm_camera_power_up: 1524 usr_idx:3 dts_idx:3
[   15.738599] msm_cci_init:1443: hw_version = 0x10060000
[   15.738817] msm_sensor_match_vendor_id: read vendor id: 0x7 expected id 0x7:
[   15.739009] lavender_s5kgm1_ofilm_i probe succeeded s_ctrl->sensordata->camera_type = 0
[   15.752102] msm_camera_power_down:1715:seq_val:3 > num_vreg: 3
[   15.760573] msm_adsp_stream_callback_get: ASM Stream PP event queue is not initialized.
[   15.762058] msm_adsp_stream_callback_get: ASM Stream PP event queue is not initialized.
[   15.783364] msm_adsp_stream_callback_get: ASM Stream PP event queue is not initialized.
[   15.784452] msm_compr_audio_effects_config_get: stream or effects inactive
[   15.785399] slave_info->eeprom_name=lavender_ov02a10_ofilm_i, s_vendor_eeprom[0]=, module_id=0,
[   15.785406] slave_info->eeprom_name=lavender_ov02a10_ofilm_i, s_vendor_eeprom[1]=, module_id=0,
[   15.785408] slave_info->eeprom_name=lavender_ov02a10_ofilm_i, s_vendor_eeprom[2]=, module_id=0,
[   15.785410] slave_info->eeprom_name=lavender_ov02a10_ofilm_i, s_vendor_eeprom[3]=lavender_s5k5e8_ofilm_i, module_id=7,
[   15.785412] slave_info->eeprom_name=lavender_ov02a10_ofilm_i, s_vendor_eeprom[4]=, module_id=0,
[   15.785414] slave_info->eeprom_name=lavender_ov02a10_ofilm_i, s_vendor_eeprom[5]=lavender_s5k5e8_sunny_ii, module_id=0,
[   15.785416] slave_info->eeprom_name=lavender_ov02a10_ofilm_i, s_vendor_eeprom[6]=, module_id=0,
[   15.785417] slave_info->eeprom_name=lavender_ov02a10_ofilm_i, s_vendor_eeprom[7]=, module_id=0,
[   15.785419] slave_info->eeprom_name=lavender_ov02a10_ofilm_i, s_vendor_eeprom[8]=, module_id=0,
[   15.785420] slave_info->eeprom_name=lavender_ov02a10_ofilm_i, s_vendor_eeprom[9]=, module_id=0,
[   15.785422] slave_info->eeprom_name=lavender_ov02a10_ofilm_i, s_vendor_eeprom[10]=, module_id=0,
[   15.785423] slave_info->eeprom_name=lavender_ov02a10_ofilm_i, s_vendor_eeprom[11]=, module_id=0,
[   15.785425] slave_info->eeprom_name=lavender_ov02a10_ofilm_i, s_vendor_eeprom[12]=, module_id=0,
[   15.785426] slave_info->eeprom_name=lavender_ov02a10_ofilm_i, s_vendor_eeprom[13]=, module_id=0,
[   15.785428] Lc module not found!probe break failed!
[   15.785433] MSM-SENSOR-INIT msm_sensor_driver_cmd:90 msm_sensor_driver_cmd failed (non-fatal) rc -14
[   15.785437] MSM-SENSOR-INIT msm_sensor_init_subdev_do_ioctl:156 msm_sensor_init_subdev_do_ioctl:156 VIDIOC_MSM_SENSOR_INIT_CFG failed (non-fatal)
[   15.785769] msm_adsp_stream_callback_get: ASM Stream PP event queue is not initialized.
[   15.788647] slave_info->eeprom_name=lavender_ov02a10_sunny_ii, s_vendor_eeprom[0]=, module_id=0,
[   15.788654] slave_info->eeprom_name=lavender_ov02a10_sunny_ii, s_vendor_eeprom[1]=, module_id=0,
[   15.788656] slave_info->eeprom_name=lavender_ov02a10_sunny_ii, s_vendor_eeprom[2]=, module_id=0,
[   15.788658] slave_info->eeprom_name=lavender_ov02a10_sunny_ii, s_vendor_eeprom[3]=lavender_s5k5e8_ofilm_i, module_id=7,
[   15.788660] slave_info->eeprom_name=lavender_ov02a10_sunny_ii, s_vendor_eeprom[4]=, module_id=0,
[   15.788662] slave_info->eeprom_name=lavender_ov02a10_sunny_ii, s_vendor_eeprom[5]=lavender_s5k5e8_sunny_ii, module_id=0,
[   15.788664] slave_info->eeprom_name=lavender_ov02a10_sunny_ii, s_vendor_eeprom[6]=, module_id=0,
[   15.788665] slave_info->eeprom_name=lavender_ov02a10_sunny_ii, s_vendor_eeprom[7]=, module_id=0,
[   15.788667] slave_info->eeprom_name=lavender_ov02a10_sunny_ii, s_vendor_eeprom[8]=, module_id=0,
[   15.788668] slave_info->eeprom_name=lavender_ov02a10_sunny_ii, s_vendor_eeprom[9]=, module_id=0,
[   15.788670] slave_info->eeprom_name=lavender_ov02a10_sunny_ii, s_vendor_eeprom[10]=, module_id=0,
[   15.788671] slave_info->eeprom_name=lavender_ov02a10_sunny_ii, s_vendor_eeprom[11]=, module_id=0,
[   15.788673] slave_info->eeprom_name=lavender_ov02a10_sunny_ii, s_vendor_eeprom[12]=, module_id=0,
[   15.788674] slave_info->eeprom_name=lavender_ov02a10_sunny_ii, s_vendor_eeprom[13]=, module_id=0,
[   15.788676] Lc module not found!probe break failed!
[   15.788681] MSM-SENSOR-INIT msm_sensor_driver_cmd:90 msm_sensor_driver_cmd failed (non-fatal) rc -14
[   15.788685] MSM-SENSOR-INIT msm_sensor_init_subdev_do_ioctl:156 msm_sensor_init_subdev_do_ioctl:156 VIDIOC_MSM_SENSOR_INIT_CFG failed (non-fatal)
[   15.793953] slave_info->eeprom_name=lavender_s5k5e8_ofilm_i, s_vendor_eeprom[0]=, module_id=0,
[   15.793961] slave_info->eeprom_name=lavender_s5k5e8_ofilm_i, s_vendor_eeprom[1]=, module_id=0,
[   15.793963] slave_info->eeprom_name=lavender_s5k5e8_ofilm_i, s_vendor_eeprom[2]=, module_id=0,
[   15.793966] slave_info->eeprom_name=lavender_s5k5e8_ofilm_i, s_vendor_eeprom[3]=lavender_s5k5e8_ofilm_i, module_id=7,
[   15.793967] Lc module found!probe continue!
[   15.832120] diag: In diag_send_feature_mask_update, control channel is not open, p: 0, 0000000000000000
[   15.832139] diag: In diag_send_peripheral_buffering_mode, buffering flag not set for 0
[   15.832522] diag: In diag_send_peripheral_buffering_mode, buffering flag not set for 0
[   15.837518] msm_cci_init:1443: hw_version = 0x10060000
[   15.837563] msm_sensor_match_vendor_id: lavender_s5k5e8_ofilm_i: read 3
[   15.838478] lavender_s5k5e8_ofilm_i probe succeeded
[   15.839249] Macle android_camera already created
[   15.839260] s_ctrl->sensordata->camera_type = 256
[   15.839262] Macle android_camera already created
[   15.841054] msm_adsp_stream_callback_get: ASM Stream PP event queue is not initialized.
[   15.843158] msm_compr_audio_effects_config_get: stream or effects inactive
[   15.844571] msm_adsp_stream_callback_get: ASM Stream PP event queue is not initialized.
[   15.850204] msm_compr_audio_effects_config_get: stream or effects inactive
[   15.851381] msm_adsp_stream_callback_get: ASM Stream PP event queue is not initialized.
[   15.851605] msm_sensor_fill_eeprom_subdevid_by_name:232 Eeprom userspace probe for lavender_ov13855_ofilm_i
[   15.861755] msm_adsp_stream_callback_get: ASM Stream PP event queue is not initialized.
[   15.866967] msm_cci_init:1443: hw_version = 0x10060000
[   15.867101] msm_sensor_match_vendor_id: read vendor id: 0x7 expected id 0x7:
[   15.867197] lavender_ov13855_ofilm_i probe succeeded
[   15.867451] Macle android_camera already created
[   15.867460] s_ctrl->sensordata->camera_type = 1
[   15.867463] Macle android_camera already created
[   15.871149] Sending QMI_IPA_INIT_MODEM_DRIVER_REQ_V01
[   15.878877] ipa-wan handle_indication_req:135 not send indication
[   15.879947] binder: 1211:1211 ioctl 40046210 7fffbe34c4 returned -22
[   15.879972] binder: 1210:1210 ioctl 40046210 7fd0fbef04 returned -22
[   15.881149] ipa ipa_uc_wdi_event_log_info_handler:328 WDI stats ofst=0x45138
[   15.881169] ipa ipa_uc_ntn_event_log_info_handler:36 NTN feature missing 0x9
[   15.881198] ipa ipa_uc_response_hdlr:461 IPA uC loaded
[   15.881239] ipa ipa_sps_irq_control_all:963 EP (5) not allocated.
[   15.881489] QMI_IPA_INIT_MODEM_DRIVER_REQ_V01 response received
[   15.884781] ipa ipa_sps_irq_control_all:963 EP (5) not allocated.
[   15.885951] ipa ipa_sps_irq_control_all:963 EP (5) not allocated.
[   15.893959] msm_csid_init: CSID_VERSION = 0x30050000
[   15.895024] msm_csid_irq CSID1_IRQ_STATUS_ADDR = 0x800
[   15.895525] msm_csid_init: CSID_VERSION = 0x30050000
[   15.896289] msm_csid_irq CSID0_IRQ_STATUS_ADDR = 0x800
[   15.896569] msm_csid_init: CSID_VERSION = 0x30050000
[   15.897201] msm_csid_irq CSID2_IRQ_STATUS_ADDR = 0x800
[   15.913934] msm_camera_power_up: 1524 usr_idx:3 dts_idx:3
[   15.914642] msm_adsp_stream_callback_get: ASM Stream PP event queue is not initialized.
[   15.915621] msm_compr_audio_effects_config_get: stream or effects inactive
[   15.916647] msm_adsp_stream_callback_get: ASM Stream PP event queue is not initialized.
[   15.921269] binder: 1210:1210 ioctl 40046210 7fd0fbe520 returned -22
[   15.922477] msm_compr_audio_effects_config_get: stream or effects inactive
[   15.923745] msm_adsp_stream_callback_get: ASM Stream PP event queue is not initialized.
[   15.930246] msm_compr_audio_effects_config_get: stream or effects inactive
[   15.930832] msm_cci_init:1443: hw_version = 0x10060000
[   15.931585] msm_adsp_stream_callback_get: ASM Stream PP event queue is not initialized.
[   15.932613] binder: 1211:1211 ioctl 40046210 7fffbe2ae0 returned -22
[   15.933007] msm_cdc_pinctrl_get_gpiodata: device node is null
[   15.933011] IPC_RTR: process_new_server_msg: Server 00001002 create rejected, version = 0
[   15.938423] msm_compr_audio_effects_config_get: stream or effects inactive
[   15.939819] msm_adsp_stream_callback_get: ASM Stream PP event queue is not initialized.
[   15.946141] msm_compr_audio_effects_config_get: stream or effects inactive
[   15.947347] msm_adsp_stream_callback_get: ASM Stream PP event queue is not initialized.
[   15.954710] msm_pcm_volume_ctl_get substream or runtime not found
[   15.977122] init: Control message: Could not find 'android.frameworks.sensorservice@1.0::ISensorManager/default' for ctl.interface_start from pid: 616 (/system/bin/hwservicemanager)
[   15.994258] msm_adsp_stream_callback_get: ASM Stream PP event queue is not initialized.
[   16.076886] rmt_storage:INFO:rmt_storage_rw_iovec_cb: Write iovec request received for /boot/modem_fs1
[   16.076986] rmt_storage:INFO:rmt_storage_client_thread: Calling Write [offset=0, size=2097152]for /boot/modem_fs1!
[   16.109572] rmt_storage:INFO:rmt_storage_client_thread: Done Write (bytes = 2097152) for /boot/modem_fs1!
[   16.114491] binder: 1210:1210 ioctl 40046210 7fd0fbe640 returned -22
[   16.236767] wcdcal_hwdep_ioctl_shared: codec didn't set this 0!!
[   16.237007] wcdcal_hwdep_ioctl_shared: codec didn't set this 3!!
[   16.282879] binder: 1207:1296 ioctl 40046210 6df914a0f0 returned -22
[   16.355844] rmt_storage:INFO:rmt_storage_rw_iovec_cb: Write iovec request received for /boot/modem_fs2
[   16.355948] rmt_storage:INFO:rmt_storage_client_thread: Calling Write [offset=0, size=2097152]for /boot/modem_fs2!
[   16.385996] rmt_storage:INFO:rmt_storage_client_thread: Done Write (bytes = 2097152) for /boot/modem_fs2!
[   16.476495] rmt_storage:INFO:rmt_storage_rw_iovec_cb: Write iovec request received for /boot/modem_fs1
[   16.476612] rmt_storage:INFO:rmt_storage_client_thread: Calling Write [offset=0, size=2097152]for /boot/modem_fs1!
[   16.505847] rmt_storage:INFO:rmt_storage_client_thread: Done Write (bytes = 2097152) for /boot/modem_fs1!
[   16.590538] rmt_storage:INFO:rmt_storage_rw_iovec_cb: Write iovec request received for /boot/modem_fs2
[   16.590632] rmt_storage:INFO:rmt_storage_client_thread: Calling Write [offset=0, size=2097152]for /boot/modem_fs2!
[   16.605777] service-notifier: root_service_service_ind_cb: Indication received from msm/modem/wlan_pd, state: 0x1fffffff, trans-id: 1
[   16.606019] service-notifier: send_ind_ack: Indication ACKed for transid 1, service msm/modem/wlan_pd, instance 180!
[   16.609516] icnss: QMI Server Connected: state: 0x981
[   16.626079] rmt_storage:INFO:rmt_storage_client_thread: Done Write (bytes = 2097152) for /boot/modem_fs2!
[   16.634860] init: processing action (vendor.ims.DATA_DAEMON_STATUS=1) from (/vendor/etc/init/ims_rtp_daemon.rc:13)
[   16.635637] init: Sending signal 9 to service 'vendor.ims_rtp_daemon' (pid 1204) process group...
[   16.641026] libprocessgroup: Successfully killed process cgroup uid 1001 pid 1204 in 5ms
[   16.641623] init: Service 'vendor.ims_rtp_daemon' (pid 1204) received signal 9
[   16.655556] init: Sending signal 9 to service 'vendor.imsrcsservice' (pid 1206) process group...
[   16.661006] libprocessgroup: Successfully killed process cgroup uid 1001 pid 1206 in 5ms
[   16.661639] init: Control message: Processed ctl.stop for 'vendor.imsrcsservice' from pid: 1327 (/vendor/bin/imsdatadaemon)
[   16.662194] init: Service 'vendor.imsrcsservice' (pid 1206) received signal 9
[   16.663352] init: starting service 'vendor.imsrcsservice'...
[   16.666436] init: Control message: Processed ctl.start for 'vendor.imsrcsservice' from pid: 1327 (/vendor/bin/imsdatadaemon)
[   16.669928] IPC_RTR: process_new_server_msg: Server 00001003 create rejected, version = 0
[   16.672067] init: processing action (ro.vendor.ril.mbn_copy_completed=1) from (/vendor/etc/init/hw/init.qcom.rc:518)
[   16.683935] init: Service 'qcom-sh' (pid 1227) exited with status 0 oneshot service took 1.847000 seconds in background
[   16.683964] init: Sending signal 9 to service 'qcom-sh' (pid 1227) process group...
[   16.684133] libprocessgroup: Successfully killed process cgroup uid 0 pid 1227 in 0ms
[   16.685285] init: Sending signal 9 to service 'vendor.imsrcsservice' (pid 1500) process group...
[   16.690745] libprocessgroup: Successfully killed process cgroup uid 1001 pid 1500 in 5ms
[   16.691150] init: Control message: Processed ctl.stop for 'vendor.imsrcsservice' from pid: 1327 (/vendor/bin/imsdatadaemon)
[   16.691728] init: Service 'vendor.imsrcsservice' (pid 1500) received signal 9
[   16.692980] init: starting service 'vendor.imsrcsservice'...
[   16.696104] init: Control message: Processed ctl.start for 'vendor.imsrcsservice' from pid: 1327 (/vendor/bin/imsdatadaemon)
[   16.705975] binder: 1505:1505 ioctl 40046210 7fff7f7874 returned -22
[   16.812565] ip_local_port_range: prefer different parity for start/end values.
[   16.853849] msm_camera_power_down:1715:seq_val:3 > num_vreg: 3
[   16.865327] msm_eeprom_config32:1571 Eeprom already probed at kernel boot
[   16.876514] msm_cci_init:1443: hw_version = 0x10060000
[   16.978022] init: Control message: Could not find 'android.frameworks.sensorservice@1.0::ISensorManager/default' for ctl.interface_start from pid: 616 (/system/bin/hwservicemanager)
[   16.984137] binder: 1211:1337 ioctl 40046210 795bafa6c0 returned -22
[   17.086959] rmt_storage:INFO:rmt_storage_rw_iovec_cb: Write iovec request received for /boot/modem_fs1
[   17.087081] rmt_storage:INFO:rmt_storage_client_thread: Calling Write [offset=0, size=2097152]for /boot/modem_fs1!
[   17.109756] rmt_storage:INFO:rmt_storage_client_thread: Done Write (bytes = 2097152) for /boot/modem_fs1!
[   17.186493] rmt_storage:INFO:rmt_storage_rw_iovec_cb: Write iovec request received for /boot/modem_fs2
[   17.186598] rmt_storage:INFO:rmt_storage_client_thread: Calling Write [offset=0, size=2097152]for /boot/modem_fs2!
[   17.264239] rmt_storage:INFO:rmt_storage_client_thread: Done Write (bytes = 2097152) for /boot/modem_fs2!
[   17.267924] init: Unable to set property 'ro.ril.factory_id' from uid:1001 gid:1001 pid:1211: Read-only property was already set
[   17.321485] init: Unable to set property 'ro.vendor.ril.svlte1x' from uid:1001 gid:1001 pid:1210: Read-only property was already set
[   17.321989] init: Unable to set property 'ro.vendor.ril.svdo' from uid:1001 gid:1001 pid:1210: Read-only property was already set
[   17.339728] rmt_storage:INFO:rmt_storage_rw_iovec_cb: Write iovec request received for /boot/modem_fs1
[   17.339865] rmt_storage:INFO:rmt_storage_client_thread: Calling Write [offset=0, size=2097152]for /boot/modem_fs1!
[   17.363191] binder: 1207:1207 ioctl 40046210 7fe985b1a4 returned -22
[   17.369046] ipa ipa_sps_irq_control_all:963 EP (5) not allocated.
[   17.370147] ipa ipa_sps_irq_control_all:963 EP (5) not allocated.
[   17.371931] ipa-wan handle_ingress_format:1295 get AGG size 8192 count 10
[   17.372188] ipa ipa_sps_irq_control_all:963 EP (5) not allocated.
[   17.373160] ipa ipa_assign_policy_v2:3220 get close-by 8192
[   17.373169] ipa ipa_assign_policy_v2:3221 set rx_buff_sz 7808
[   17.373173] ipa ipa_assign_policy_v2:3242 set aggr_limit 6
[   17.377183] rmt_storage:INFO:rmt_storage_client_thread: Done Write (bytes = 2097152) for /boot/modem_fs1!
[   17.384206] binder: 1578:1578 ioctl 40046210 7fd788aa20 returned -22
[   17.429746] ipa-wan ipa_wwan_ioctl:1582 dev(rmnet_data0) register to IPA
[   17.582822] ipa-wan ipa_wwan_ioctl:1582 dev(rmnet_data1) register to IPA
[   17.614469] MSM-CPP cpp_init_hardware:1145 CPP HW Version: 0x60010002
[   17.614483] MSM-CPP cpp_init_hardware:1163 stream_cnt:0
[   17.617626] ueventd: firmware: loading 'cpp_firmware_v1_12_0.fw' for '/devices/soc/ca04000.qcom,cpp/firmware/cpp_firmware_v1_12_0.fw'
[   17.619545] ueventd: loading /devices/soc/ca04000.qcom,cpp/firmware/cpp_firmware_v1_12_0.fw took 2ms
[   17.626487] MSM-CPP cpp_release_hardware:1226 cpp hw release done
[   17.706915] ipa-wan ipa_wwan_ioctl:1582 dev(rmnet_data2) register to IPA
[   17.826590] ipa-wan ipa_wwan_ioctl:1582 dev(rmnet_data3) register to IPA
[   17.943785] ipa-wan ipa_wwan_ioctl:1582 dev(rmnet_data4) register to IPA
[   17.978886] init: Control message: Could not find 'android.frameworks.sensorservice@1.0::ISensorManager/default' for ctl.interface_start from pid: 616 (/system/bin/hwservicemanager)
[   18.043435] ipa-wan ipa_wwan_ioctl:1582 dev(rmnet_data5) register to IPA
[   18.120188] ipa-wan ipa_wwan_ioctl:1582 dev(rmnet_data6) register to IPA
[   18.139134] msm_pm_qos_update_request: update request 100
[   18.139139] msm_pm_qos_add_request: add request
[   18.139156] msm_pm_qos_update_request: update request -1
[   18.139157] msm_pm_qos_add_request: add request
[   18.141432] msm_csid_init: CSID_VERSION = 0x30050000
[   18.142348] msm_csid_irq CSID1_IRQ_STATUS_ADDR = 0x800
[   18.145846] MSM-CPP cpp_init_hardware:1145 CPP HW Version: 0x60010002
[   18.145861] MSM-CPP cpp_init_hardware:1163 stream_cnt:0
[   18.159189] msm_camera_power_up: 1524 usr_idx:3 dts_idx:3
[   18.179879] msm_cci_init:1443: hw_version = 0x10060000
[   18.214806] ipa-wan ipa_wwan_ioctl:1582 dev(rmnet_data7) register to IPA
[   18.228332] msm_camera_request_gpio_table:777 gpio 50:CAM_VAF request fails
[   18.240800] MSM-CPP cpp_release_hardware:1226 cpp hw release done
[   18.245398] msm_pm_qos_update_request: update request 100
[   18.245404] msm_pm_qos_add_request: add request
[   18.245433] msm_pm_qos_update_request: update request -1
[   18.245434] msm_pm_qos_add_request: add request
[   18.246215] msm_csid_init: CSID_VERSION = 0x30050000
[   18.247194] msm_csid_irq CSID2_IRQ_STATUS_ADDR = 0x800
[   18.253149] MSM-CPP cpp_init_hardware:1145 CPP HW Version: 0x60010002
[   18.253162] MSM-CPP cpp_init_hardware:1163 stream_cnt:0
[   18.255212] msm_camera_power_down:1715:seq_val:3 > num_vreg: 3
[   18.267884] msm_cci_init:1443: hw_version = 0x10060000
[   18.284738] MSM-CPP cpp_release_hardware:1226 cpp hw release done
[   18.286705] msm_pm_qos_update_request: update request 100
[   18.286710] msm_pm_qos_add_request: add request
[   18.286727] msm_pm_qos_update_request: update request -1
[   18.286728] msm_pm_qos_add_request: add request
[   18.287605] msm_csid_init: CSID_VERSION = 0x30050000
[   18.290380] msm_csid_irq CSID0_IRQ_STATUS_ADDR = 0x800
[   18.292732] MSM-CPP cpp_init_hardware:1145 CPP HW Version: 0x60010002
[   18.292746] MSM-CPP cpp_init_hardware:1163 stream_cnt:0
[   18.339965] msm_cci_init:1443: hw_version = 0x10060000
[   18.342601] binder: 1578:1578 ioctl 40046210 7fd788a364 returned -22
[   18.419255] MSM-CPP cpp_release_hardware:1226 cpp hw release done
[   18.422891] msm_pm_qos_update_request: update request 100
[   18.422896] msm_pm_qos_add_request: add request
[   18.422912] msm_pm_qos_update_request: update request -1
[   18.422913] msm_pm_qos_add_request: add request
[   18.423811] msm_csid_init: CSID_VERSION = 0x30050000
[   18.424620] msm_csid_irq CSID1_IRQ_STATUS_ADDR = 0x800
[   18.429793] MSM-CPP cpp_init_hardware:1145 CPP HW Version: 0x60010002
[   18.429805] MSM-CPP cpp_init_hardware:1163 stream_cnt:0
[   18.439954] msm_pm_qos_update_request: update request 100
[   18.439958] msm_pm_qos_add_request: add request
[   18.439974] msm_pm_qos_update_request: update request -1
[   18.439975] msm_pm_qos_add_request: add request
[   18.440930] msm_csid_init: CSID_VERSION = 0x30050000
[   18.441833] msm_csid_irq CSID0_IRQ_STATUS_ADDR = 0x800
[   18.442981] msm_camera_power_up: 1524 usr_idx:3 dts_idx:3
[   18.463674] msm_cci_init:1443: hw_version = 0x10060000
[   18.474780] icnss: WLAN FW is ready: 0xd87
[   18.476776] wlan: probing driver v5.1.1.77V
[   18.476784] ipa ipa2_uc_reg_rdyCB:1735 bad parm. inout=          (null) 
[   18.482539] ueventd: firmware: loading 'wlan/qca_cld/WCNSS_qcom_cfg.ini' for '/devices/soc/18800000.qcom,icnss/firmware/wlan!qca_cld!WCNSS_qcom_cfg.ini'
[   18.484817] ueventd: loading /devices/soc/18800000.qcom,icnss/firmware/wlan!qca_cld!WCNSS_qcom_cfg.ini took 2ms
[   18.486589] ipa ipa2_uc_reg_rdyCB:1735 bad parm. inout=          (null) 
[   18.486896] ipa ipa2_uc_reg_rdyCB:1735 bad parm. inout=          (null) 
[   18.510649] msm_camera_request_gpio_table:777 gpio 50:CAM_VAF request fails
[   18.537147] IPC_RTR: process_new_server_msg: Server 00001003 create rejected, version = 0
[   18.564259] MSM-CPP cpp_release_hardware:1226 cpp hw release done
[   18.572486] msm_camera_power_down:1715:seq_val:3 > num_vreg: 3
[   18.620539] cfg80211: Regulatory domain changed to country: CN
[   18.620554] cfg80211:  DFS Master region: FCC
[   18.620557] cfg80211:   (start_freq - end_freq @ bandwidth), (max_antenna_gain, max_eirp), (dfs_cac_time)
[   18.620560] cfg80211:   (2402000 KHz - 2482000 KHz @ 40000 KHz), (N/A, 2000 mBm), (N/A)
[   18.620563] cfg80211:   (5170000 KHz - 5250000 KHz @ 80000 KHz, 160000 KHz AUTO), (N/A, 2300 mBm), (N/A)
[   18.620566] cfg80211:   (5250000 KHz - 5330000 KHz @ 80000 KHz, 160000 KHz AUTO), (N/A, 2300 mBm), (0 s)
[   18.620568] cfg80211:   (5735000 KHz - 5835000 KHz @ 80000 KHz), (N/A, 3300 mBm), (N/A)
[   18.620570] cfg80211:   (59400000 KHz - 63720000 KHz @ 2160000 KHz), (N/A, 4400 mBm), (N/A)
[   18.620584] cnss_utils: WLAN MAC address is not set, type 0
[   18.626119] ueventd: firmware: loading 'wlan/qca_cld/wlan_mac.bin' for '/devices/soc/18800000.qcom,icnss/firmware/wlan!qca_cld!wlan_mac.bin'
[   18.626990] ueventd: firmware: could not find firmware for wlan/qca_cld/wlan_mac.bin
[   18.627011] ueventd: firmware: attempted /etc/firmware/wlan/qca_cld/wlan_mac.bin, open failed: No such file or directory
[   18.627020] ueventd: firmware: attempted /odm/firmware/wlan/qca_cld/wlan_mac.bin, open failed: No such file or directory
[   18.627027] ueventd: firmware: attempted /vendor/firmware/wlan/qca_cld/wlan_mac.bin, open failed: No such file or directory
[   18.627034] ueventd: firmware: attempted /firmware/image/wlan/qca_cld/wlan_mac.bin, open failed: No such file or directory
[   18.627041] ueventd: firmware: attempted /vendor/firmware_mnt/image/wlan/qca_cld/wlan_mac.bin, open failed: No such file or directory
[   18.627228] ueventd: loading /devices/soc/18800000.qcom,icnss/firmware/wlan!qca_cld!wlan_mac.bin took 1ms
[   18.979253] init: Control message: Could not find 'android.frameworks.sensorservice@1.0::ISensorManager/default' for ctl.interface_start from pid: 616 (/system/bin/hwservicemanager)
[   19.745911] init: starting service 'vendor.ims_rtp_daemon'...
[   19.776383] binder: 1994:1994 ioctl 40046210 7fd674e944 returned -22
[   19.980013] init: Control message: Could not find 'android.frameworks.sensorservice@1.0::ISensorManager/default' for ctl.interface_start from pid: 616 (/system/bin/hwservicemanager)
[   20.046222] init: service 'idmap2d' requested start, but it is already running (flags: 4)
[   20.046240] init: Control message: Processed ctl.start for 'idmap2d' from pid: 1578 (system_server)
[   20.425023] healthd: battery l=97 v=4373 t=37.0 h=2 st=2 c=427245 fc=4008000 cc=0 chg=a
[   20.766647] init: processing action (sys.sysctl.extra_free_kbytes=*) from (/system/etc/init/hw/init.rc:1203)
[   20.767866] init: starting service 'exec 20 (/system/bin/extra_free_kbytes.sh 29615)'...
[   20.770682] init: SVC_EXEC service 'exec 20 (/system/bin/extra_free_kbytes.sh 29615)' pid 2055 (uid 0 gid 0+0 context default) started; waiting...
[   20.795733] init: Service 'exec 20 (/system/bin/extra_free_kbytes.sh 29615)' (pid 2055) exited with status 0 waiting took 0.026000 seconds
[   20.795753] init: Sending signal 9 to service 'exec 20 (/system/bin/extra_free_kbytes.sh 29615)' (pid 2055) process group...
[   20.795884] libprocessgroup: Successfully killed process cgroup uid 0 pid 2055 in 0ms
[   21.821053] IPv6: ADDRCONF(NETDEV_UP): wlan0: link is not ready
[   21.873006] init: starting service 'wpa_supplicant'...
[   21.874261] init: Created socket '/dev/socket/wpa_wlan0', mode 660, user 1010, group 1010
[   21.876624] init: Control message: Processed ctl.interface_start for 'aidl/android.hardware.wifi.supplicant.ISupplicant/default' from pid: 615 (/system/bin/servicemanager)
[   21.922421] binder: 2132:2132 ioctl 40046210 7fc2b5b160 returned -22
[   21.945304] R0: [wpa_supplicant][493842746] [01:39:04.644651]  wlan: [2132:I :HDD] 00000000: 7f 0b 00 00 0a 82 00 40 40 00 00 01 20 ff 03 02
[   21.945313] R0: [wpa_supplicant][493842997] [01:39:04.644664]  wlan: [2132:I :HDD] 00000010: 00 ff dd 0a 50 6f 9a 16 03 01 03 65 01 01 dd 08
[   21.945317] R0: [wpa_supplicant][493843089] [01:39:04.644669]  wlan: [2132:I :HDD] 00000020: 8c fd f0 01 01 02 01 00
[   22.433085] healthd: battery l=97 v=4369 t=37.0 h=2 st=2 c=395019 fc=4008000 cc=0 chg=a
[   22.509353] binder: 2139:2139 ioctl 40046210 7fd788a840 returned -22
[   22.606297] msm_vidc: info: Opening video instance: 0000000000000000, 1
[   22.609379] subsys-restart: __subsystem_get(): Changing subsys fw_name to venus
[   22.624505] ueventd: firmware: loading 'venus.mdt' for '/devices/soc/cce0000.qcom,venus/firmware/venus.mdt'
[   22.626334] ueventd: loading /devices/soc/cce0000.qcom,venus/firmware/venus.mdt took 1ms
[   22.631470] subsys-pil-tz cce0000.qcom,venus: venus: loading from 0x000000009cc00000 to 0x000000009d100000
[   22.654163] ueventd: firmware: loading 'venus.b02' for '/devices/soc/cce0000.qcom,venus/firmware/venus.b02'
[   22.661717] ueventd: loading /devices/soc/cce0000.qcom,venus/firmware/venus.b02 took 7ms
[   22.666693] ueventd: firmware: loading 'venus.b03' for '/devices/soc/cce0000.qcom,venus/firmware/venus.b03'
[   22.667823] ueventd: loading /devices/soc/cce0000.qcom,venus/firmware/venus.b03 took 1ms
[   22.674125] ueventd: firmware: loading 'venus.b04' for '/devices/soc/cce0000.qcom,venus/firmware/venus.b04'
[   22.675032] ueventd: loading /devices/soc/cce0000.qcom,venus/firmware/venus.b04 took 1ms
[   22.695864] subsys-pil-tz cce0000.qcom,venus: venus: Brought out of reset
[   22.720368] msm_vidc: info: Closed video instance: 0000000000000000
[   22.727561] msm_vidc: info: Opening video instance: 0000000000000000, 1
[   22.731609] binder: 873:969 ioctl 40046210 7a2edbdbd0 returned -22
[   22.738995] msm_vidc: info: Closed video instance: 0000000000000000
[   22.752637] msm_vidc: info: Opening video instance: 0000000000000000, 1
[   22.758914] msm_vidc: info: Closed video instance: 0000000000000000
[   22.769742] msm_vidc: info: Opening video instance: 0000000000000000, 1
[   22.779354] msm_vidc: info: Closed video instance: 0000000000000000
[   22.787283] msm_vidc: info: Opening video instance: 0000000000000000, 1
[   22.798751] msm_vidc: info: Closed video instance: 0000000000000000
[   22.819916] msm_vidc: info: Opening video instance: 0000000000000000, 1
[   22.828650] msm_vidc: info: Closed video instance: 0000000000000000
[   22.834896] msm_vidc: info: Opening video instance: 0000000000000000, 1
[   22.842000] msm_vidc: info: Closed video instance: 0000000000000000
[   22.848977] msm_vidc: info: Opening video instance: 0000000000000000, 1
[   22.855831] msm_vidc: info: Closed video instance: 0000000000000000
[   22.868125] msm_vidc: info: Opening video instance: 0000000000000000, 1
[   22.877856] msm_vidc: info: Closed video instance: 0000000000000000
[   22.900966] msm_vidc: info: Opening video instance: 0000000000000000, 1
[   22.907456] msm_vidc: info: Closed video instance: 0000000000000000
[   22.913611] msm_vidc: info: Opening video instance: 0000000000000000, 1
[   22.921094] msm_vidc: info: Closed video instance: 0000000000000000
[   22.934823] msm_vidc: info: Opening video instance: 0000000000000000, 0
[   22.942300] msm_vidc: info: Closed video instance: 0000000000000000
[   22.955141] msm_vidc: info: Opening video instance: 0000000000000000, 0
[   22.961796] msm_vidc: info: Closed video instance: 0000000000000000
[   22.975431] msm_vidc: info: Opening video instance: 0000000000000000, 0
[   22.981826] msm_vidc: info: Closed video instance: 0000000000000000
[   22.986204] msm_vidc: info: Opening video instance: 0000000000000000, 0
[   22.992231] msm_vidc: info: Closed video instance: 0000000000000000
[   23.000423] msm_vidc: info: Opening video instance: 0000000000000000, 0
[   23.007831] msm_vidc: info: Closed video instance: 0000000000000000
[   23.035426] binder: 2294:2294 ioctl 40046210 ffd44db8 returned -22
[   23.141504] binder: 2313:2313 ioctl 40046210 7fd788a840 returned -22
[   23.178100] binder: 2323:2323 ioctl 40046210 7fd788a840 returned -22
[   23.182012] binder: 2327:2327 ioctl 40046210 7fd788a840 returned -22
[   23.185925] binder: 2329:2329 ioctl 40046210 7fd788a840 returned -22
[   23.203494] binder: 2347:2347 ioctl 40046210 7fd788a840 returned -22
[   23.214991] binder: 2366:2366 ioctl 40046210 7fd788a840 returned -22
[   23.231949] binder: 2383:2383 ioctl 40046210 7fd788a840 returned -22
[   23.260234] binder: 2409:2409 ioctl 40046210 7fd788a840 returned -22
[   23.299960] binder: 2416:2416 ioctl 40046210 7fd788a840 returned -22
[   23.324108] binder: 2435:2435 ioctl 40046210 7fd788a840 returned -22
[   23.349400] binder: 2366:2366 ioctl 40046210 7fd78898a4 returned -22
[   23.381197] binder: 2485:2485 ioctl 40046210 7fd788a840 returned -22
[   23.854305] binder: 2409:2409 ioctl 40046210 7fd7889b14 returned -22
[   23.896036] binder: 2416:2547 ioctl 40046210 73a5b18ee4 returned -22
[   23.914969] init: processing action (persist.vendor.net.doxlat=true) from (/system/etc/init/netd.rc:29)
[   23.928915] init: processing action (persist.vendor.net.doxlat=true) from (/system/etc/init/netd.rc:29)
[   24.023001] R0: [wpa_supplicant][533734461] [01:39:06.722345]  wlan: [2132:I :HDD] 00000000: 7f 0b 00 00 0a 82 00 40 40 00 00 01 20 ff 03 02
[   24.023016] R0: [wpa_supplicant][533734872] [01:39:06.722366]  wlan: [2132:I :HDD] 00000010: 00 ff dd 0a 50 6f 9a 16 03 01 03 65 01 01 dd 08
[   24.023023] R0: [wpa_supplicant][533735009] [01:39:06.722373]  wlan: [2132:I :HDD] 00000020: 8c fd f0 01 01 02 01 00
[   24.026032] binder: 2608:2608 ioctl 40046210 7fd788a840 returned -22
[   24.098981] binder: 2139:2226 ioctl 40046210 734c7faee4 returned -22
[   24.101524] binder: 2639:2639 ioctl 40046210 7fd788a840 returned -22
[   24.410042] CPU4: update max cpu_capacity 1024
[   24.441073] binder: 2383:2655 ioctl 40046210 73a5a15014 returned -22
[   25.024944] binder: 2762:2762 ioctl 40046210 7fd788a840 returned -22
[   25.491729] binder: 2791:2791 ioctl 40046210 7fd788a840 returned -22
[   25.716483] init: Service 'bootanim' (pid 626) exited with status 0 oneshot service took 14.533000 seconds in background
[   25.716510] init: Sending signal 9 to service 'bootanim' (pid 626) process group...
[   25.716716] libprocessgroup: Successfully killed process cgroup uid 1003 pid 626 in 0ms
[   25.750627] binder: 2807:2807 ioctl 40046210 7fd788a840 returned -22
[   25.829375] binder: 2835:2835 ioctl 40046210 7fd788a840 returned -22
[   25.834796] binder: 2839:2839 ioctl 40046210 7fd788a840 returned -22
[   25.914947] init: processing action (sys.boot_completed=1) from (/system/etc/init/hw/init.rc:1194)
[   25.915522] init: starting service 'exec 21 (/bin/rm -rf /data/per_boot)'...
[   25.919990] init: SVC_EXEC service 'exec 21 (/bin/rm -rf /data/per_boot)' pid 2893 (uid 1000 gid 1000+0 context default) started; waiting...
[   25.948737] binder: 2839:2839 ioctl 40046210 7fd7889974 returned -22
[   25.958669] init: Service 'exec 21 (/bin/rm -rf /data/per_boot)' (pid 2893) exited with status 0 waiting took 0.039000 seconds
[   25.958692] init: Sending signal 9 to service 'exec 21 (/bin/rm -rf /data/per_boot)' (pid 2893) process group...
[   25.958915] libprocessgroup: Successfully killed process cgroup uid 1000 pid 2893 in 0ms
[   25.960547] init: Encryption policy of /data/per_boot set to 0943f0a9440d9a2d v1 modes 127/4 flags 0x0
[   25.960605] init: processing action (sys.boot_completed=1) from (/system/etc/init/hw/init.rc:1346)
[   25.960680] init: starting service 'exec 22 (/debug_ramdisk/magisk --boot-complete)'...
[   25.962766] init: SVC_EXEC service 'exec 22 (/debug_ramdisk/magisk --boot-complete)' pid 2895 (uid 0 gid 0+0 context u:r:magisk:s0) started; waiting...
[   25.975017] init: Service 'exec 22 (/debug_ramdisk/magisk --boot-complete)' (pid 2895) exited with status 0 waiting took 0.013000 seconds
[   25.975044] init: Sending signal 9 to service 'exec 22 (/debug_ramdisk/magisk --boot-complete)' (pid 2895) process group...
[   25.975187] libprocessgroup: Successfully killed process cgroup uid 0 pid 2895 in 0ms
[   25.975597] init: processing action (sys.boot_completed=1) from (/vendor/etc/init/hw/init.qcom.rc:412)
[   25.976438] Boot completed 
[   25.982950] init: processing action (sys.boot_completed=1) from (/vendor/etc/init/hw/init.qcom.rc:515)
[   25.984425] init: starting service 'qcom-post-boot'...
[   25.987336] init: processing action (sys.boot_completed=1) from (/vendor/etc/init/hw/init.target.rc:226)
[   25.988922] init: processing action (sys.boot_completed=1 && sys.bootstat.first_boot_completed=0) from (/system/etc/init/bootstat.rc:77)
[   25.989471] init: starting service 'exec 23 (/system/bin/bootstat --record_boot_complete --record_boot_reason --record_time_since_factory_reset -l)'...
[   25.994127] init: processing action (sys.boot_completed=1) from (/system/etc/init/flags_health_check.rc:7)
[   26.009641] init: processing action (lmkd.reinit=0 && sys.boot_completed=1) from (/system/etc/init/lmkd.rc:14)
[   26.010915] selinux: SELinux: Skipping restorecon on directory(/data/system_ce/0)
[   26.010932] selinux: 
[   26.011005] init: processing action (sys.boot_completed=1) from (/system/etc/init/logd.rc:34)
[   26.014260] init: starting service 'logd-auditctl'...
[   26.022463] selinux: SELinux: Skipping restorecon on directory(/data/vendor_ce/0)
[   26.022472] selinux: 
[   26.046844] init: Service 'exec 23 (/system/bin/bootstat --record_boot_complete --record_boot_reason --record_time_since_factory_reset -l)' (pid 2898) exited with status 0 oneshot service took 0.054000 seconds in background
[   26.046877] init: Sending signal 9 to service 'exec 23 (/system/bin/bootstat --record_boot_complete --record_boot_reason --record_time_since_factory_reset -l)' (pid 2898) process group...
[   26.047042] libprocessgroup: Successfully killed process cgroup uid 1000 pid 2898 in 0ms
[   26.047470] init: Service 'logd-auditctl' (pid 2904) exited with status 1 oneshot service took 0.028000 seconds in background
[   26.047490] init: Sending signal 9 to service 'logd-auditctl' (pid 2904) process group...
[   26.047587] libprocessgroup: Successfully killed process cgroup uid 1036 pid 2904 in 0ms
[   26.049138] init: processing action (sys.boot_completed=1 && sys.wifitracing.started=0) from (/system/etc/init/wifi.rc:28)
[   26.050616] selinux: SELinux: Skipping restorecon on directory(/data/misc_ce/0)
[   26.050631] selinux: 
[   26.050674] selinux: SELinux: Could not get canonical path for /sys/kernel/debug/tracing/instances/wifi restorecon: No such file or directory.
[   26.050687] selinux: 
[   26.095975] binder: 2907:2907 ioctl 40046210 7fd788a840 returned -22
[   26.103966] healthd: battery l=97 v=4376 t=37.0 h=2 st=2 c=450195 fc=4008000 cc=0 chg=a
[   26.117644] init: Command 'mkdir /sys/kernel/tracing/instances/wifi 711' action=sys.boot_completed=1 && sys.wifitracing.started=0 (/system/etc/init/wifi.rc:36) took 61ms and succeeded
[   26.147277] init: processing action (lmkd.reinit=1) from (/system/etc/init/lmkd.rc:10)
[   26.147885] init: starting service 'exec 24 (/system/bin/lmkd --reinit)'...
[   26.150760] init: processing action (sys.boot_completed=1 && sys.wifitracing.started=1 && wifi.interface=*) from (/system/etc/init/wifi.rc:98)
[   26.162120] msm_thermal:store_cc_enabled Core control disabled
[   26.167127] msm_thermal:store_cc_enabled Core control enabled
[   26.170220] CPU4: update max cpu_capacity 1024
[   26.178320] init: Service 'exec 24 (/system/bin/lmkd --reinit)' (pid 2936) exited with status 0 oneshot service took 0.029000 seconds in background
[   26.178341] init: Sending signal 9 to service 'exec 24 (/system/bin/lmkd --reinit)' (pid 2936) process group...
[   26.178472] libprocessgroup: Successfully killed process cgroup uid 0 pid 2936 in 0ms
[   26.197177] init: processing action (sys.user.0.ce_available=true) from (/system/etc/init/wifi.rc:21)
[   26.199018] selinux: SELinux: Skipping restorecon on directory(/data/misc_ce/0/apexdata/com.android.wifi)
[   26.199028] selinux: 
[   26.249291] binder: 2347:2347 ioctl 40046210 7fd78897d4 returned -22
[   26.270891] IRQ5 no longer affine to CPU5
[   26.336766] binder: 2965:2965 ioctl 40046210 7fd788a840 returned -22
[   26.465757] zram0: detected capacity change from 0 to 2147483648
[   26.502358] binder: 1199:1504 ioctl 40046210 70636414e0 returned -22
[   26.532186] Adding 2097148k swap on /dev/block/zram0.  Priority:32758 extents:1 across:2097148k SS
[   26.605064] init: starting service 'vendor.cdsprpcd'...
[   26.607923] init: Control message: Processed ctl.start for 'vendor.cdsprpcd' from pid: 3035 (start vendor.cdsprpcd)
[   26.640549] sdcardfs version 2.0
[   26.640559] sdcardfs: dev_name -> /data/media
[   26.640562] sdcardfs: options -> fsuid=1023,fsgid=1023,multiuser,derive_gid,default_normal,unshared_obb,mask=6,userid=0,gid=1015
[   26.640565] sdcardfs: mnt -> 0000000000000000
[   26.640624] sdcardfs: mounted on top of /data/media type ext4
[   26.642282] Remount options were mask=23,gid=9997 for vfsmnt 0000000000000000.
[   26.642296] sdcardfs : options - debug:1
[   26.642298] sdcardfs : options - gid:9997
[   26.642300] sdcardfs : options - mask:23
[   26.642571] init: DM_DEV_STATUS failed for system: No such device or address
[   26.642594] init: DM_DEV_STATUS failed for vroot: No such device or address
[   26.643362] Remount options were mask=7,gid=9997 for vfsmnt 0000000000000000.
[   26.643375] sdcardfs : options - debug:1
[   26.643377] sdcardfs : options - gid:9997
[   26.643379] sdcardfs : options - mask:7
[   26.643740] Remount options were mask=7,gid=9997 for vfsmnt 0000000000000000.
[   26.643747] sdcardfs : options - debug:1
[   26.643749] sdcardfs : options - gid:9997
[   26.643751] sdcardfs : options - mask:7
[   26.645014] init: DM_DEV_STATUS failed for system: No such device or address
[   26.645148] init: DM_DEV_STATUS failed for vroot: No such device or address
[   26.646449] init: DM_DEV_STATUS failed for system: No such device or address
[   26.646475] init: DM_DEV_STATUS failed for vroot: No such device or address
[   26.649451] init: DM_DEV_STATUS failed for system: No such device or address
[   26.649480] init: DM_DEV_STATUS failed for vroot: No such device or address
[   26.650889] init: DM_DEV_STATUS failed for system: No such device or address
[   26.650915] init: DM_DEV_STATUS failed for vroot: No such device or address
[   26.651930] 'opened /dev/cdsprpc-smd c 223 3'
[   26.652321] init: DM_DEV_STATUS failed for system: No such device or address
[   26.652346] init: DM_DEV_STATUS failed for vroot: No such device or address
[   26.653443] init: DM_DEV_STATUS failed for system: No such device or address
[   26.653468] init: DM_DEV_STATUS failed for vroot: No such device or address
[   26.654923] init: DM_DEV_STATUS failed for system: No such device or address
[   26.654947] init: DM_DEV_STATUS failed for vroot: No such device or address
[   26.656351] init: DM_DEV_STATUS failed for system: No such device or address
[   26.656375] init: DM_DEV_STATUS failed for vroot: No such device or address
[   26.657481] init: DM_DEV_STATUS failed for system: No such device or address
[   26.657505] init: DM_DEV_STATUS failed for vroot: No such device or address
[   26.658577] init: DM_DEV_STATUS failed for system: No such device or address
[   26.658604] init: DM_DEV_STATUS failed for vroot: No such device or address
[   26.659671] init: DM_DEV_STATUS failed for system: No such device or address
[   26.659694] init: DM_DEV_STATUS failed for vroot: No such device or address
[   26.660914] init: DM_DEV_STATUS failed for system: No such device or address
[   26.660943] init: DM_DEV_STATUS failed for vroot: No such device or address
[   26.663937] init: DM_DEV_STATUS failed for system: No such device or address
[   26.663965] init: DM_DEV_STATUS failed for vroot: No such device or address
[   26.671909] init: DM_DEV_STATUS failed for system: No such device or address
[   26.671939] init: DM_DEV_STATUS failed for vroot: No such device or address
[   26.674785] init: DM_DEV_STATUS failed for system: No such device or address
[   26.674842] init: DM_DEV_STATUS failed for vroot: No such device or address
[   26.676355] init: DM_DEV_STATUS failed for system: No such device or address
[   26.676389] init: DM_DEV_STATUS failed for vroot: No such device or address
[   26.677937] init: DM_DEV_STATUS failed for system: No such device or address
[   26.677967] init: DM_DEV_STATUS failed for vroot: No such device or address
[   26.680623] init: DM_DEV_STATUS failed for system: No such device or address
[   26.680651] init: DM_DEV_STATUS failed for vroot: No such device or address
[   26.683378] init: DM_DEV_STATUS failed for system: No such device or address
[   26.683407] init: DM_DEV_STATUS failed for vroot: No such device or address
[   26.684721] init: DM_DEV_STATUS failed for system: No such device or address
[   26.684748] init: DM_DEV_STATUS failed for vroot: No such device or address
[   26.687409] init: DM_DEV_STATUS failed for system: No such device or address
[   26.687447] init: DM_DEV_STATUS failed for vroot: No such device or address
[   26.688834] init: DM_DEV_STATUS failed for system: No such device or address
[   26.688860] init: DM_DEV_STATUS failed for vroot: No such device or address
[   26.692258] init: DM_DEV_STATUS failed for system: No such device or address
[   26.692273] init: DM_DEV_STATUS failed for vroot: No such device or address
[   26.693096] init: DM_DEV_STATUS failed for system: No such device or address
[   26.693112] init: DM_DEV_STATUS failed for vroot: No such device or address
[   26.694762] init: DM_DEV_STATUS failed for system: No such device or address
[   26.694778] init: DM_DEV_STATUS failed for vroot: No such device or address
[   26.695442] init: DM_DEV_STATUS failed for system: No such device or address
[   26.695456] init: DM_DEV_STATUS failed for vroot: No such device or address
[   26.701402] init: DM_DEV_STATUS failed for system: No such device or address
[   26.701428] init: DM_DEV_STATUS failed for vroot: No such device or address
[   26.705247] init: DM_DEV_STATUS failed for system: No such device or address
[   26.705271] init: DM_DEV_STATUS failed for vroot: No such device or address
[   26.706846] init: DM_DEV_STATUS failed for system: No such device or address
[   26.706968] init: DM_DEV_STATUS failed for vroot: No such device or address
[   26.708247] init: DM_DEV_STATUS failed for system: No such device or address
[   26.708272] init: DM_DEV_STATUS failed for vroot: No such device or address
[   26.709417] init: DM_DEV_STATUS failed for system: No such device or address
[   26.709442] init: DM_DEV_STATUS failed for vroot: No such device or address
[   26.711393] init: DM_DEV_STATUS failed for system: No such device or address
[   26.711418] init: DM_DEV_STATUS failed for vroot: No such device or address
[   26.729968] R0: [wpa_supplicant][585708279] [01:39:09.429314]  wlan: [2132:I :HDD] 00000000: 7f 0b 00 00 0a 82 00 40 40 00 00 01 20 ff 03 02
[   26.729977] R0: [wpa_supplicant][585708551] [01:39:09.429328]  wlan: [2132:I :HDD] 00000010: 00 ff dd 0a 50 6f 9a 16 03 01 03 65 01 01 dd 08
[   26.729982] R0: [wpa_supplicant][585708641] [01:39:09.429333]  wlan: [2132:I :HDD] 00000020: 8c fd f0 01 01 02 01 00
[   26.732617] init: DM_DEV_STATUS failed for system: No such device or address
[   26.732645] init: DM_DEV_STATUS failed for vroot: No such device or address
[   26.733748] init: DM_DEV_STATUS failed for system: No such device or address
[   26.733775] init: DM_DEV_STATUS failed for vroot: No such device or address
[   26.746963] init: DM_DEV_STATUS failed for system: No such device or address
[   26.746992] init: DM_DEV_STATUS failed for vroot: No such device or address
[   26.749802] init: DM_DEV_STATUS failed for system: No such device or address
[   26.749830] init: DM_DEV_STATUS failed for vroot: No such device or address
[   26.751549] init: DM_DEV_STATUS failed for system: No such device or address
[   26.751620] init: DM_DEV_STATUS failed for vroot: No such device or address
[   26.755360] init: DM_DEV_STATUS failed for system: No such device or address
[   26.755997] init: DM_DEV_STATUS failed for vroot: No such device or address
[   26.757482] init: DM_DEV_STATUS failed for system: No such device or address
[   26.757510] init: DM_DEV_STATUS failed for vroot: No such device or address
[   26.759244] init: DM_DEV_STATUS failed for system: No such device or address
[   26.759272] init: DM_DEV_STATUS failed for vroot: No such device or address
[   26.762663] binder: 3052:3052 ioctl 40046210 7fd788a840 returned -22
[   26.766602] init: DM_DEV_STATUS failed for system: No such device or address
[   26.766682] init: DM_DEV_STATUS failed for vroot: No such device or address
[   26.768979] init: DM_DEV_STATUS failed for system: No such device or address
[   26.769005] init: DM_DEV_STATUS failed for vroot: No such device or address
[   26.772983] init: DM_DEV_STATUS failed for system: No such device or address
[   26.773017] init: DM_DEV_STATUS failed for vroot: No such device or address
[   26.774186] init: DM_DEV_STATUS failed for system: No such device or address
[   26.774215] init: DM_DEV_STATUS failed for vroot: No such device or address
[   26.775208] init: DM_DEV_STATUS failed for system: No such device or address
[   26.775230] init: DM_DEV_STATUS failed for vroot: No such device or address
[   26.776226] init: DM_DEV_STATUS failed for system: No such device or address
[   26.776250] init: DM_DEV_STATUS failed for vroot: No such device or address
[   26.777412] init: DM_DEV_STATUS failed for system: No such device or address
[   26.777437] init: DM_DEV_STATUS failed for vroot: No such device or address
[   26.778540] init: DM_DEV_STATUS failed for system: No such device or address
[   26.778562] init: DM_DEV_STATUS failed for vroot: No such device or address
[   26.779580] init: DM_DEV_STATUS failed for system: No such device or address
[   26.779606] init: DM_DEV_STATUS failed for vroot: No such device or address
[   26.780696] init: DM_DEV_STATUS failed for system: No such device or address
[   26.780717] init: DM_DEV_STATUS failed for vroot: No such device or address
[   26.781925] init: DM_DEV_STATUS failed for system: No such device or address
[   26.781955] init: DM_DEV_STATUS failed for vroot: No such device or address
[   26.782997] init: DM_DEV_STATUS failed for system: No such device or address
[   26.783022] init: DM_DEV_STATUS failed for vroot: No such device or address
[   26.784037] init: DM_DEV_STATUS failed for system: No such device or address
[   26.784066] init: DM_DEV_STATUS failed for vroot: No such device or address
[   26.785128] init: DM_DEV_STATUS failed for system: No such device or address
[   26.785154] init: DM_DEV_STATUS failed for vroot: No such device or address
[   26.786829] init: DM_DEV_STATUS failed for system: No such device or address
[   26.786861] init: DM_DEV_STATUS failed for vroot: No such device or address
[   26.835108] binder: 3070:3070 ioctl 40046210 7fd788a840 returned -22
[   26.881777] binder: 3089:3089 ioctl 40046210 7fd788a840 returned -22
[   27.022384] pri_i2s_gpio_enable:enable = 1.
[   27.023716] max98937 max98927_dai_hw_params: format supported
[   27.023729] max98927_dai_hw_params: Playback stream, format: 16, ch: 2, sampling_rate: 48000
[   27.024213] max98927_set_clock: BLCK fix to 32
[   27.026028] max98927_feedforward_event---feedforward event 1
[   27.026038] max98927_feedforward_event---feedforward event 2
[   27.039320] init: Service 'qcom-post-boot' (pid 2896) exited with status 0 oneshot service took 1.053000 seconds in background
[   27.039344] init: Sending signal 9 to service 'qcom-post-boot' (pid 2896) process group...
[   27.039529] libprocessgroup: Successfully killed process cgroup uid 0 pid 2896 in 0ms
[   27.042725] max98927_stream_mute--- stream 0, mute 0 
[   27.044394] q6core_send_get_avcs_fwk_ver_cmd: DSP returned error[ADSP_EUNSUPPORTED]
[   27.044408] q6core_get_service_version: Failed to get service size for service id 7 with error -68
[   27.045948] q6asm_callback: payload size of 8 is less than expected.
[   27.046493] q6asm_callback: payload size of 8 is less than expected.
[   27.046546] q6core_get_service_version: Failed to get service size for service id 8 with error -95
[   27.053006] q6core_get_service_version: Failed to get service size for service id 7 with error -95
[   27.053195] q6asm_callback: payload size of 8 is less than expected.
[   27.063215] binder: 3125:3125 ioctl 40046210 7fd788a840 returned -22
[   27.063498] q6asm_callback: payload size of 8 is less than expected.
[   27.204462] binder: 3162:3162 ioctl 40046210 7fd788a840 returned -22
[   27.243964] binder: 3182:3182 ioctl 40046210 7fd788a840 returned -22
[   27.347772] binder: 3211:3211 ioctl 40046210 7fd788a840 returned -22
[   27.399041] binder: 3227:3227 ioctl 40046210 7fd788a840 returned -22
[   27.471186] binder: 3243:3243 ioctl 40046210 7fd788a840 returned -22
[   27.532206] binder: 3246:3246 ioctl 40046210 7fd788a840 returned -22
[   27.533545] binder: 2639:3265 ioctl 40046210 7342a5fee4 returned -22
[   27.584568] binder: 3283:3283 ioctl 40046210 7fd788a840 returned -22
[   27.598974] binder: 3070:3299 ioctl 40046210 7348bea454 returned -22
[   27.606358] msm_vidc: info: Opening video instance: 0000000000000000, 1
[   27.674808] binder: 3305:3305 ioctl 40046210 7fd788a840 returned -22
[   27.698311] binder: 3315:3315 ioctl 40046210 7fd788a840 returned -22
[   27.705751] binder: 3323:3323 ioctl 40046210 7fd788a840 returned -22
[   27.740670] msm_vidc: info: Closed video instance: 0000000000000000
[   27.771093] binder: 3332:3332 ioctl 40046210 7fd788a840 returned -22
[   28.237448] binder: 3486:3486 ioctl 40046210 7fd788a840 returned -22
[   28.633163] binder: 879:1139 ioctl 40046210 6e243cd580 returned -22
[   28.721481] binder: 3603:3603 ioctl 40046210 7fd788a840 returned -22
[   28.856887] binder: 3644:3644 ioctl 40046210 7fd788a840 returned -22
[   28.967810] binder: 3672:3672 ioctl 40046210 7fd788a840 returned -22
[   29.175670] init: DM_DEV_STATUS failed for system: No such device or address
[   29.175686] init: DM_DEV_STATUS failed for vroot: No such device or address
[   29.176787] init: DM_DEV_STATUS failed for system: No such device or address
[   29.176801] init: DM_DEV_STATUS failed for vroot: No such device or address
[   29.177451] init: DM_DEV_STATUS failed for system: No such device or address
[   29.177467] init: DM_DEV_STATUS failed for vroot: No such device or address
[   29.178092] init: DM_DEV_STATUS failed for system: No such device or address
[   29.178107] init: DM_DEV_STATUS failed for vroot: No such device or address
[   29.178726] init: DM_DEV_STATUS failed for system: No such device or address
[   29.178740] init: DM_DEV_STATUS failed for vroot: No such device or address
[   29.185506] init: DM_DEV_STATUS failed for system: No such device or address
[   29.185524] init: DM_DEV_STATUS failed for vroot: No such device or address
[   29.186291] init: DM_DEV_STATUS failed for system: No such device or address
[   29.186308] init: DM_DEV_STATUS failed for vroot: No such device or address
[   29.186998] init: DM_DEV_STATUS failed for system: No such device or address
[   29.187191] init: DM_DEV_STATUS failed for vroot: No such device or address
[   29.189164] init: DM_DEV_STATUS failed for system: No such device or address
[   29.189182] init: DM_DEV_STATUS failed for vroot: No such device or address
[   29.189878] init: DM_DEV_STATUS failed for system: No such device or address
[   29.189917] init: DM_DEV_STATUS failed for vroot: No such device or address
[   29.190710] init: DM_DEV_STATUS failed for system: No such device or address
[   29.190727] init: DM_DEV_STATUS failed for vroot: No such device or address
[   29.191476] init: DM_DEV_STATUS failed for system: No such device or address
[   29.191490] init: DM_DEV_STATUS failed for vroot: No such device or address
[   29.192222] init: DM_DEV_STATUS failed for system: No such device or address
[   29.192238] init: DM_DEV_STATUS failed for vroot: No such device or address
[   29.192854] init: DM_DEV_STATUS failed for system: No such device or address
[   29.192870] init: DM_DEV_STATUS failed for vroot: No such device or address
[   29.193451] init: DM_DEV_STATUS failed for system: No such device or address
[   29.193465] init: DM_DEV_STATUS failed for vroot: No such device or address
[   29.194212] init: DM_DEV_STATUS failed for system: No such device or address
[   29.194291] init: DM_DEV_STATUS failed for vroot: No such device or address
[   29.194977] init: DM_DEV_STATUS failed for system: No such device or address
[   29.194993] init: DM_DEV_STATUS failed for vroot: No such device or address
[   29.195697] init: DM_DEV_STATUS failed for system: No such device or address
[   29.195712] init: DM_DEV_STATUS failed for vroot: No such device or address
[   29.196804] init: DM_DEV_STATUS failed for system: No such device or address
[   29.196819] init: DM_DEV_STATUS failed for vroot: No such device or address
[   29.200596] init: DM_DEV_STATUS failed for system: No such device or address
[   29.200659] init: DM_DEV_STATUS failed for vroot: No such device or address
[   29.201515] init: DM_DEV_STATUS failed for system: No such device or address
[   29.201538] init: DM_DEV_STATUS failed for vroot: No such device or address
[   29.202604] init: DM_DEV_STATUS failed for system: No such device or address
[   29.202621] init: DM_DEV_STATUS failed for vroot: No such device or address
[   29.203447] init: DM_DEV_STATUS failed for system: No such device or address
[   29.203461] init: DM_DEV_STATUS failed for vroot: No such device or address
[   29.204140] init: DM_DEV_STATUS failed for system: No such device or address
[   29.204155] init: DM_DEV_STATUS failed for vroot: No such device or address
[   29.204762] init: DM_DEV_STATUS failed for system: No such device or address
[   29.204777] init: DM_DEV_STATUS failed for vroot: No such device or address
[   29.205772] init: DM_DEV_STATUS failed for system: No such device or address
[   29.205788] init: DM_DEV_STATUS failed for vroot: No such device or address
[   29.206476] init: DM_DEV_STATUS failed for system: No such device or address
[   29.206492] init: DM_DEV_STATUS failed for vroot: No such device or address
[   29.215365] init: DM_DEV_STATUS failed for system: No such device or address
[   29.215383] init: DM_DEV_STATUS failed for vroot: No such device or address
[   29.217724] init: DM_DEV_STATUS failed for system: No such device or address
[   29.217740] init: DM_DEV_STATUS failed for vroot: No such device or address
[   29.219568] init: DM_DEV_STATUS failed for system: No such device or address
[   29.219585] init: DM_DEV_STATUS failed for vroot: No such device or address
[   29.221603] selinux: SELinux: Skipping restorecon on directory(/data/system_ce/10)
[   29.221615] selinux: 
[   29.225539] selinux: SELinux: Skipping restorecon on directory(/data/vendor_ce/10)
[   29.225550] selinux: 
[   29.226632] init: DM_DEV_STATUS failed for system: No such device or address
[   29.226649] init: DM_DEV_STATUS failed for vroot: No such device or address
[   29.231389] selinux: SELinux: Skipping restorecon on directory(/data/misc_ce/10)
[   29.231399] selinux: 
[   29.234279] init: DM_DEV_STATUS failed for system: No such device or address
[   29.234324] init: DM_DEV_STATUS failed for vroot: No such device or address
[   29.236549] init: DM_DEV_STATUS failed for system: No such device or address
[   29.236812] init: DM_DEV_STATUS failed for vroot: No such device or address
[   29.237614] init: DM_DEV_STATUS failed for system: No such device or address
[   29.237651] init: DM_DEV_STATUS failed for vroot: No such device or address
[   29.239526] init: DM_DEV_STATUS failed for system: No such device or address
[   29.239542] init: DM_DEV_STATUS failed for vroot: No such device or address
[   29.240754] init: DM_DEV_STATUS failed for system: No such device or address
[   29.240769] init: DM_DEV_STATUS failed for vroot: No such device or address
[   29.241628] init: DM_DEV_STATUS failed for system: No such device or address
[   29.241643] init: DM_DEV_STATUS failed for vroot: No such device or address
[   29.242330] init: DM_DEV_STATUS failed for system: No such device or address
[   29.242343] init: DM_DEV_STATUS failed for vroot: No such device or address
[   29.242940] init: DM_DEV_STATUS failed for system: No such device or address
[   29.242956] init: DM_DEV_STATUS failed for vroot: No such device or address
[   29.243554] init: DM_DEV_STATUS failed for system: No such device or address
[   29.243569] init: DM_DEV_STATUS failed for vroot: No such device or address
[   29.244891] init: DM_DEV_STATUS failed for system: No such device or address
[   29.244907] init: DM_DEV_STATUS failed for vroot: No such device or address
[   29.246561] init: DM_DEV_STATUS failed for system: No such device or address
[   29.246591] init: DM_DEV_STATUS failed for vroot: No such device or address
[   29.247862] init: DM_DEV_STATUS failed for system: No such device or address
[   29.247903] init: DM_DEV_STATUS failed for vroot: No such device or address
[   29.255741] init: DM_DEV_STATUS failed for system: No such device or address
[   29.255870] init: DM_DEV_STATUS failed for vroot: No such device or address
[   29.258300] init: DM_DEV_STATUS failed for system: No such device or address
[   29.258317] init: DM_DEV_STATUS failed for vroot: No such device or address
[   29.259534] init: DM_DEV_STATUS failed for system: No such device or address
[   29.267514] init: DM_DEV_STATUS failed for vroot: No such device or address
[   29.270135] init: DM_DEV_STATUS failed for system: No such device or address
[   29.270165] init: DM_DEV_STATUS failed for vroot: No such device or address
[   29.277013] init: DM_DEV_STATUS failed for system: No such device or address
[   29.277029] init: DM_DEV_STATUS failed for vroot: No such device or address
[   29.279986] init: DM_DEV_STATUS failed for system: No such device or address
[   29.280004] init: DM_DEV_STATUS failed for vroot: No such device or address
[   29.281761] init: DM_DEV_STATUS failed for system: No such device or address
[   29.281776] init: DM_DEV_STATUS failed for vroot: No such device or address
[   29.284199] init: DM_DEV_STATUS failed for system: No such device or address
[   29.284213] init: DM_DEV_STATUS failed for vroot: No such device or address
[   29.284871] init: DM_DEV_STATUS failed for system: No such device or address
[   29.284887] init: DM_DEV_STATUS failed for vroot: No such device or address
[   29.285570] init: DM_DEV_STATUS failed for system: No such device or address
[   29.285584] init: DM_DEV_STATUS failed for vroot: No such device or address
[   29.286218] init: DM_DEV_STATUS failed for system: No such device or address
[   29.286231] init: DM_DEV_STATUS failed for vroot: No such device or address
[   29.286801] init: DM_DEV_STATUS failed for system: No such device or address
[   29.286814] init: DM_DEV_STATUS failed for vroot: No such device or address
[   29.292879] init: DM_DEV_STATUS failed for system: No such device or address
[   29.292894] init: DM_DEV_STATUS failed for vroot: No such device or address
[   29.426298] binder: 3315:3501 ioctl 40046210 73482a0ee4 returned -22
[   29.549427] cfg80211: Regulatory domain changed to country: IN
[   29.549436] cfg80211:  DFS Master region: ETSI
[   29.549439] cfg80211:   (start_freq - end_freq @ bandwidth), (max_antenna_gain, max_eirp), (dfs_cac_time)
[   29.549443] cfg80211:   (2402000 KHz - 2482000 KHz @ 40000 KHz), (N/A, 3000 mBm), (N/A)
[   29.549446] cfg80211:   (5170000 KHz - 5250000 KHz @ 80000 KHz, 160000 KHz AUTO), (N/A, 3000 mBm), (N/A)
[   29.549448] cfg80211:   (5250000 KHz - 5330000 KHz @ 80000 KHz, 160000 KHz AUTO), (N/A, 2400 mBm), (0 s)
[   29.549450] cfg80211:   (5490000 KHz - 5730000 KHz @ 160000 KHz), (N/A, 2400 mBm), (0 s)
[   29.549452] cfg80211:   (5735000 KHz - 5875000 KHz @ 80000 KHz), (N/A, 3000 mBm), (N/A)
[   29.744439] R0: [wpa_supplicant][643586045] [01:39:12.443782]  wlan: [2132:I :HDD] 00000000: 7f 0b 00 00 0a 82 00 40 40 00 00 01 20 ff 03 02
[   29.744452] R0: [wpa_supplicant][643586446] [01:39:12.443802]  wlan: [2132:I :HDD] 00000010: 00 ff dd 0a 50 6f 9a 16 03 01 03 65 01 01 dd 08
[   29.744459] R0: [wpa_supplicant][643586583] [01:39:12.443809]  wlan: [2132:I :HDD] 00000020: 8c fd f0 01 01 02 01 00
[   29.824041] binder: 3789:3789 ioctl 40046210 7fd788a840 returned -22
[   29.850067] binder: 3807:3807 ioctl 40046210 7fd788a840 returned -22
[   29.895587] R0: [wpa_supplicant][646488171] [01:39:12.594934]  wlan: [2132:I :HDD] 00000000: 7f 0b 00 00 0a 82 00 40 40 00 00 01 20 ff 03 02
[   29.895598] R0: [wpa_supplicant][646488459] [01:39:12.594948]  wlan: [2132:I :HDD] 00000010: 00 ff dd 0a 50 6f 9a 16 03 01 03 65 01 01 dd 08
[   29.895603] R0: [wpa_supplicant][646488571] [01:39:12.594954]  wlan: [2132:I :HDD] 00000020: 8c fd f0 01 01 02 01 00
[   30.395212] binder: 3974:3974 ioctl 40046210 7fd788a840 returned -22
[   30.566945] IPv6: wlan0: IPv6 duplicate address fe80::34c7:68ff:fe14:1eac detected!
[   30.713753] init: DM_DEV_STATUS failed for system: No such device or address
[   30.713780] init: DM_DEV_STATUS failed for vroot: No such device or address
[   30.720674] init: DM_DEV_STATUS failed for system: No such device or address
[   30.720704] init: DM_DEV_STATUS failed for vroot: No such device or address
[   30.727637] init: DM_DEV_STATUS failed for system: No such device or address
[   30.727665] init: DM_DEV_STATUS failed for vroot: No such device or address
[   30.728418] init: DM_DEV_STATUS failed for system: No such device or address
[   30.728432] init: DM_DEV_STATUS failed for vroot: No such device or address
[   30.729020] init: DM_DEV_STATUS failed for system: No such device or address
[   30.729032] init: DM_DEV_STATUS failed for vroot: No such device or address
[   30.729806] init: DM_DEV_STATUS failed for system: No such device or address
[   30.729818] init: DM_DEV_STATUS failed for vroot: No such device or address
[   30.736855] init: DM_DEV_STATUS failed for system: No such device or address
[   30.736871] init: DM_DEV_STATUS failed for vroot: No such device or address
[   30.742422] init: DM_DEV_STATUS failed for system: No such device or address
[   30.742441] init: DM_DEV_STATUS failed for vroot: No such device or address
[   30.743091] init: DM_DEV_STATUS failed for system: No such device or address
[   30.743105] init: DM_DEV_STATUS failed for vroot: No such device or address
[   30.743775] init: DM_DEV_STATUS failed for system: No such device or address
[   30.743789] init: DM_DEV_STATUS failed for vroot: No such device or address
[   30.744395] init: DM_DEV_STATUS failed for system: No such device or address
[   30.744408] init: DM_DEV_STATUS failed for vroot: No such device or address
[   30.746053] init: DM_DEV_STATUS failed for system: No such device or address
[   30.746068] init: DM_DEV_STATUS failed for vroot: No such device or address
[   30.746757] init: DM_DEV_STATUS failed for system: No such device or address
[   30.746770] init: DM_DEV_STATUS failed for vroot: No such device or address
[   30.752100] init: DM_DEV_STATUS failed for system: No such device or address
[   30.752120] init: DM_DEV_STATUS failed for vroot: No such device or address
[   30.753005] init: DM_DEV_STATUS failed for system: No such device or address
[   30.753018] init: DM_DEV_STATUS failed for vroot: No such device or address
[   30.753754] init: DM_DEV_STATUS failed for system: No such device or address
[   30.753827] init: DM_DEV_STATUS failed for vroot: No such device or address
[   30.754655] init: DM_DEV_STATUS failed for system: No such device or address
[   30.754797] init: DM_DEV_STATUS failed for vroot: No such device or address
[   30.755674] init: DM_DEV_STATUS failed for system: No such device or address
[   30.755691] init: DM_DEV_STATUS failed for vroot: No such device or address
[   30.758531] init: DM_DEV_STATUS failed for system: No such device or address
[   30.758550] init: DM_DEV_STATUS failed for vroot: No such device or address
[   30.759289] init: DM_DEV_STATUS failed for system: No such device or address
[   30.759305] init: DM_DEV_STATUS failed for vroot: No such device or address
[   30.760122] init: DM_DEV_STATUS failed for system: No such device or address
[   30.760137] init: DM_DEV_STATUS failed for vroot: No such device or address
[   30.761020] init: DM_DEV_STATUS failed for system: No such device or address
[   30.761058] init: DM_DEV_STATUS failed for vroot: No such device or address
[   30.762474] init: DM_DEV_STATUS failed for system: No such device or address
[   30.762494] init: DM_DEV_STATUS failed for vroot: No such device or address
[   30.763259] init: DM_DEV_STATUS failed for system: No such device or address
[   30.763277] init: DM_DEV_STATUS failed for vroot: No such device or address
[   30.769547] init: DM_DEV_STATUS failed for system: No such device or address
[   30.769564] init: DM_DEV_STATUS failed for vroot: No such device or address
[   30.770393] init: DM_DEV_STATUS failed for system: No such device or address
[   30.770407] init: DM_DEV_STATUS failed for vroot: No such device or address
[   30.774473] init: DM_DEV_STATUS failed for system: No such device or address
[   30.774493] init: DM_DEV_STATUS failed for vroot: No such device or address
[   30.777950] init: DM_DEV_STATUS failed for system: No such device or address
[   30.777965] init: DM_DEV_STATUS failed for vroot: No such device or address
[   30.784353] init: DM_DEV_STATUS failed for system: No such device or address
[   30.784373] init: DM_DEV_STATUS failed for vroot: No such device or address
[   30.785285] init: DM_DEV_STATUS failed for system: No such device or address
[   30.785299] init: DM_DEV_STATUS failed for vroot: No such device or address
[   30.785894] init: DM_DEV_STATUS failed for system: No such device or address
[   30.785906] init: DM_DEV_STATUS failed for vroot: No such device or address
[   30.786421] init: DM_DEV_STATUS failed for system: No such device or address
[   30.786431] init: DM_DEV_STATUS failed for vroot: No such device or address
[   30.787000] init: DM_DEV_STATUS failed for system: No such device or address
[   30.787014] init: DM_DEV_STATUS failed for vroot: No such device or address
[   30.791902] init: DM_DEV_STATUS failed for system: No such device or address
[   30.791917] init: DM_DEV_STATUS failed for vroot: No such device or address
[   30.792710] init: DM_DEV_STATUS failed for system: No such device or address
[   30.792726] init: DM_DEV_STATUS failed for vroot: No such device or address
[   30.793383] init: DM_DEV_STATUS failed for system: No such device or address
[   30.793396] init: DM_DEV_STATUS failed for vroot: No such device or address
[   30.794135] init: DM_DEV_STATUS failed for system: No such device or address
[   30.794150] init: DM_DEV_STATUS failed for vroot: No such device or address
[   30.794798] init: DM_DEV_STATUS failed for system: No such device or address
[   30.794812] init: DM_DEV_STATUS failed for vroot: No such device or address
[   30.796532] init: DM_DEV_STATUS failed for system: No such device or address
[   30.796549] init: DM_DEV_STATUS failed for vroot: No such device or address
[   30.804172] init: DM_DEV_STATUS failed for system: No such device or address
[   30.804186] init: DM_DEV_STATUS failed for vroot: No such device or address
[   30.807568] init: DM_DEV_STATUS failed for system: No such device or address
[   30.807585] init: DM_DEV_STATUS failed for vroot: No such device or address
[   30.808316] init: DM_DEV_STATUS failed for system: No such device or address
[   30.808329] init: DM_DEV_STATUS failed for vroot: No such device or address
[   30.809023] init: DM_DEV_STATUS failed for system: No such device or address
[   30.809037] init: DM_DEV_STATUS failed for vroot: No such device or address
[   30.809647] init: DM_DEV_STATUS failed for system: No such device or address
[   30.809659] init: DM_DEV_STATUS failed for vroot: No such device or address
[   30.810327] init: DM_DEV_STATUS failed for system: No such device or address
[   30.810343] init: DM_DEV_STATUS failed for vroot: No such device or address
[   30.811093] init: DM_DEV_STATUS failed for system: No such device or address
[   30.811109] init: DM_DEV_STATUS failed for vroot: No such device or address
[   30.811668] init: DM_DEV_STATUS failed for system: No such device or address
[   30.811679] init: DM_DEV_STATUS failed for vroot: No such device or address
[   30.812199] init: DM_DEV_STATUS failed for system: No such device or address
[   30.812212] init: DM_DEV_STATUS failed for vroot: No such device or address
[   30.812846] init: DM_DEV_STATUS failed for system: No such device or address
[   30.812866] init: DM_DEV_STATUS failed for vroot: No such device or address
[   30.813536] init: DM_DEV_STATUS failed for system: No such device or address
[   30.813548] init: DM_DEV_STATUS failed for vroot: No such device or address
[   30.818319] init: DM_DEV_STATUS failed for system: No such device or address
[   30.818334] init: DM_DEV_STATUS failed for vroot: No such device or address
[   30.818947] init: DM_DEV_STATUS failed for system: No such device or address
[   30.818959] init: DM_DEV_STATUS failed for vroot: No such device or address
[   30.819539] init: DM_DEV_STATUS failed for system: No such device or address
[   30.819551] init: DM_DEV_STATUS failed for vroot: No such device or address
[   30.820178] init: DM_DEV_STATUS failed for system: No such device or address
[   30.820192] init: DM_DEV_STATUS failed for vroot: No such device or address
[   30.820873] init: DM_DEV_STATUS failed for system: No such device or address
[   30.823298] init: DM_DEV_STATUS failed for vroot: No such device or address
[   30.824487] init: DM_DEV_STATUS failed for system: No such device or address
[   30.824501] init: DM_DEV_STATUS failed for vroot: No such device or address
[   30.883700] binder: 4044:4044 ioctl 40046210 7fd788a840 returned -22
[   30.905772] binder: 4033:4033 ioctl 40046210 7fd788a840 returned -22
[   30.972451] binder: 4081:4081 ioctl 40046210 7fd788a840 returned -22
[   31.193602] max98927_stream_mute--- stream 0, mute 1 
[   31.193608] max98927_stream_mute ------ disable max98927 
[   31.211643] q6asm_callback: payload size of 8 is less than expected.
[   31.215836] max98927_feedforward_event---feedforward event 4
[   31.215844] max98927_feedforward_event---feedforward event 8
[   31.225964] pri_i2s_gpio_enable:enable = 0.
[   31.239890] binder: 4130:4130 ioctl 40046210 7fd788a840 returned -22
[   31.271388] binder: 4044:4157 ioctl 40046210 73489cb454 returned -22
[   31.278820] msm_vidc: info: Opening video instance: 0000000000000000, 1
[   31.325895] binder: 4159:4159 ioctl 40046210 7fd788a840 returned -22
[   31.338040] msm_vidc: info: Closed video instance: 0000000000000000
[   31.450043] CPU4: update max cpu_capacity 1024
[   31.455331] binder: 3052:3512 ioctl 40046210 73404c6004 returned -22
[   31.682884] binder: 4234:4234 ioctl 40046210 7fd788a840 returned -22
[   31.713549] binder: 4245:4245 ioctl 40046210 7fd788a840 returned -22
[   31.858651] binder: 4290:4290 ioctl 40046210 7fd788a840 returned -22
[   32.045254] binder: 4338:4338 ioctl 40046210 7fd788a840 returned -22
[   32.115388] binder: 4290:4290 ioctl 40046210 7fd78897c4 returned -22
[   32.477833] init: DM_DEV_STATUS failed for system: No such device or address
[   32.477848] init: DM_DEV_STATUS failed for vroot: No such device or address
[   32.478954] init: DM_DEV_STATUS failed for system: No such device or address
[   32.478968] init: DM_DEV_STATUS failed for vroot: No such device or address
[   32.479586] init: DM_DEV_STATUS failed for system: No such device or address
[   32.479600] init: DM_DEV_STATUS failed for vroot: No such device or address
[   32.501043] init: DM_DEV_STATUS failed for system: No such device or address
[   32.501061] init: DM_DEV_STATUS failed for vroot: No such device or address
[   32.505679] init: DM_DEV_STATUS failed for system: No such device or address
[   32.505697] init: DM_DEV_STATUS failed for vroot: No such device or address
[   32.529619] init: DM_DEV_STATUS failed for system: No such device or address
[   32.529637] init: DM_DEV_STATUS failed for vroot: No such device or address
[   32.537787] init: DM_DEV_STATUS failed for system: No such device or address
[   32.537804] init: DM_DEV_STATUS failed for vroot: No such device or address
[   32.543247] init: DM_DEV_STATUS failed for system: No such device or address
[   32.543266] init: DM_DEV_STATUS failed for vroot: No such device or address
[   32.543989] init: DM_DEV_STATUS failed for system: No such device or address
[   32.544002] init: DM_DEV_STATUS failed for vroot: No such device or address
[   32.544585] init: DM_DEV_STATUS failed for system: No such device or address
[   32.544599] init: DM_DEV_STATUS failed for vroot: No such device or address
[   32.545322] init: DM_DEV_STATUS failed for system: No such device or address
[   32.545338] init: DM_DEV_STATUS failed for vroot: No such device or address
[   32.546035] init: DM_DEV_STATUS failed for system: No such device or address
[   32.546049] init: DM_DEV_STATUS failed for vroot: No such device or address
[   32.546688] init: DM_DEV_STATUS failed for system: No such device or address
[   32.546703] init: DM_DEV_STATUS failed for vroot: No such device or address
[   32.547380] init: DM_DEV_STATUS failed for system: No such device or address
[   32.547396] init: DM_DEV_STATUS failed for vroot: No such device or address
[   32.548040] init: DM_DEV_STATUS failed for system: No such device or address
[   32.548054] init: DM_DEV_STATUS failed for vroot: No such device or address
[   32.548734] init: DM_DEV_STATUS failed for system: No such device or address
[   32.548749] init: DM_DEV_STATUS failed for vroot: No such device or address
[   32.549890] init: DM_DEV_STATUS failed for system: No such device or address
[   32.549906] init: DM_DEV_STATUS failed for vroot: No such device or address
[   32.550575] init: DM_DEV_STATUS failed for system: No such device or address
[   32.550589] init: DM_DEV_STATUS failed for vroot: No such device or address
[   32.551429] init: DM_DEV_STATUS failed for system: No such device or address
[   32.551445] init: DM_DEV_STATUS failed for vroot: No such device or address
[   32.552086] init: DM_DEV_STATUS failed for system: No such device or address
[   32.552101] init: DM_DEV_STATUS failed for vroot: No such device or address
[   32.552692] init: DM_DEV_STATUS failed for system: No such device or address
[   32.552708] init: DM_DEV_STATUS failed for vroot: No such device or address
[   32.553311] init: DM_DEV_STATUS failed for system: No such device or address
[   32.553326] init: DM_DEV_STATUS failed for vroot: No such device or address
[   32.554024] init: DM_DEV_STATUS failed for system: No such device or address
[   32.554038] init: DM_DEV_STATUS failed for vroot: No such device or address
[   32.554891] init: DM_DEV_STATUS failed for system: No such device or address
[   32.554914] init: DM_DEV_STATUS failed for vroot: No such device or address
[   32.555571] init: DM_DEV_STATUS failed for system: No such device or address
[   32.555586] init: DM_DEV_STATUS failed for vroot: No such device or address
[   32.556160] init: DM_DEV_STATUS failed for system: No such device or address
[   32.556173] init: DM_DEV_STATUS failed for vroot: No such device or address
[   32.556865] init: DM_DEV_STATUS failed for system: No such device or address
[   32.556880] init: DM_DEV_STATUS failed for vroot: No such device or address
[   32.557955] init: DM_DEV_STATUS failed for system: No such device or address
[   32.557968] init: DM_DEV_STATUS failed for vroot: No such device or address
[   32.559361] init: DM_DEV_STATUS failed for system: No such device or address
[   32.559380] init: DM_DEV_STATUS failed for vroot: No such device or address
[   32.560571] init: DM_DEV_STATUS failed for system: No such device or address
[   32.560600] init: DM_DEV_STATUS failed for vroot: No such device or address
[   32.561331] init: DM_DEV_STATUS failed for system: No such device or address
[   32.561344] init: DM_DEV_STATUS failed for vroot: No such device or address
[   32.561983] init: DM_DEV_STATUS failed for system: No such device or address
[   32.561997] init: DM_DEV_STATUS failed for vroot: No such device or address
[   32.563040] init: DM_DEV_STATUS failed for system: No such device or address
[   32.563056] init: DM_DEV_STATUS failed for vroot: No such device or address
[   32.563831] init: DM_DEV_STATUS failed for system: No such device or address
[   32.563853] init: DM_DEV_STATUS failed for vroot: No such device or address
[   32.564546] init: DM_DEV_STATUS failed for system: No such device or address
[   32.564561] init: DM_DEV_STATUS failed for vroot: No such device or address
[   32.565213] init: DM_DEV_STATUS failed for system: No such device or address
[   32.565230] init: DM_DEV_STATUS failed for vroot: No such device or address
[   32.566083] init: DM_DEV_STATUS failed for system: No such device or address
[   32.566099] init: DM_DEV_STATUS failed for vroot: No such device or address
[   32.566830] init: DM_DEV_STATUS failed for system: No such device or address
[   32.566848] init: DM_DEV_STATUS failed for vroot: No such device or address
[   32.567510] init: DM_DEV_STATUS failed for system: No such device or address
[   32.567525] init: DM_DEV_STATUS failed for vroot: No such device or address
[   32.568195] init: DM_DEV_STATUS failed for system: No such device or address
[   32.568209] init: DM_DEV_STATUS failed for vroot: No such device or address
[   32.568959] init: DM_DEV_STATUS failed for system: No such device or address
[   32.568973] init: DM_DEV_STATUS failed for vroot: No such device or address
[   32.569728] init: DM_DEV_STATUS failed for system: No such device or address
[   32.569744] init: DM_DEV_STATUS failed for vroot: No such device or address
[   32.570526] init: DM_DEV_STATUS failed for system: No such device or address
[   32.570542] init: DM_DEV_STATUS failed for vroot: No such device or address
[   32.572346] init: DM_DEV_STATUS failed for system: No such device or address
[   32.572364] init: DM_DEV_STATUS failed for vroot: No such device or address
[   32.573188] init: DM_DEV_STATUS failed for system: No such device or address
[   32.573203] init: DM_DEV_STATUS failed for vroot: No such device or address
[   32.574024] init: DM_DEV_STATUS failed for system: No such device or address
[   32.574061] init: DM_DEV_STATUS failed for vroot: No such device or address
[   32.574668] init: DM_DEV_STATUS failed for system: No such device or address
[   32.574683] init: DM_DEV_STATUS failed for vroot: No such device or address
[   32.575272] init: DM_DEV_STATUS failed for system: No such device or address
[   32.575288] init: DM_DEV_STATUS failed for vroot: No such device or address
[   32.575951] init: DM_DEV_STATUS failed for system: No such device or address
[   32.575970] init: DM_DEV_STATUS failed for vroot: No such device or address
[   32.576626] init: DM_DEV_STATUS failed for system: No such device or address
[   32.576643] init: DM_DEV_STATUS failed for vroot: No such device or address
[   32.577354] init: DM_DEV_STATUS failed for system: No such device or address
[   32.577369] init: DM_DEV_STATUS failed for vroot: No such device or address
[   32.577952] init: DM_DEV_STATUS failed for system: No such device or address
[   32.577964] init: DM_DEV_STATUS failed for vroot: No such device or address
[   32.578493] init: DM_DEV_STATUS failed for system: No such device or address
[   32.578505] init: DM_DEV_STATUS failed for vroot: No such device or address
[   32.580312] init: DM_DEV_STATUS failed for system: No such device or address
[   32.580327] init: DM_DEV_STATUS failed for vroot: No such device or address
[   32.581072] init: DM_DEV_STATUS failed for system: No such device or address
[   32.581085] init: DM_DEV_STATUS failed for vroot: No such device or address
[   32.582060] init: DM_DEV_STATUS failed for system: No such device or address
[   32.582073] init: DM_DEV_STATUS failed for vroot: No such device or address
[   32.863050] binder: 4471:4471 ioctl 40046210 7fd788a840 returned -22
[   32.891556] binder: 2327:4506 ioctl 40046210 73ac9d0ad4 returned -22
[   32.915219] binder: 2329:2329 ioctl 40046210 7fd7889984 returned -22
[   32.990952] binder: 4520:4520 ioctl 40046210 7fd788a840 returned -22
[   33.492628] binder: 4580:4580 ioctl 40046210 7fd788a840 returned -22
[   33.654395] binder: 4607:4607 ioctl 40046210 7fd788a840 returned -22
[   33.747597] binder: 4637:4637 ioctl 40046210 7fd788a840 returned -22
[   33.934459] binder: 4659:4659 ioctl 40046210 7fd788a840 returned -22
[   34.046918] binder: 4703:4703 ioctl 40046210 7fd788a840 returned -22
[   34.455413] binder: 4787:4787 ioctl 40046210 7fd788a840 returned -22
[   34.870542] binder: 4864:4864 ioctl 40046210 7fd788a840 returned -22
[   35.209911] init: Sending signal 9 to service 'idmap2d' (pid 1058) process group...
[   35.230461] libprocessgroup: Successfully killed process cgroup uid 1000 pid 1058 in 20ms
[   35.231434] init: Control message: Processed ctl.stop for 'idmap2d' from pid: 1578 (system_server)
[   35.231849] init: Service 'idmap2d' (pid 1058) received signal 9
[   35.445362] binder: 4979:4979 ioctl 40046210 7fd788a840 returned -22
[   35.675752] binder: 3227:3227 ioctl 40046210 7fd7889884 returned -22
[   35.784860] binder: 5040:5040 ioctl 40046210 7fd788a840 returned -22
[   35.796900] binder: 4033:4312 ioctl 40046210 733eb5f004 returned -22
[   35.842339] binder: 5046:5046 ioctl 40046210 7fd788a840 returned -22
[   36.447605] binder: 5144:5144 ioctl 40046210 7fd788a840 returned -22
[   36.484417] binder: 5150:5150 ioctl 40046210 7fd788a840 returned -22
[   36.647605] binder: 5187:5187 ioctl 40046210 7fd788a840 returned -22
[   36.688950] binder: 5202:5202 ioctl 40046210 7fd788a840 returned -22
[   36.788033] binder: 5218:5218 ioctl 40046210 7fd788a840 returned -22
[   36.870437] binder: 5237:5237 ioctl 40046210 7fd788a840 returned -22
[   37.151812] binder: 5276:5276 ioctl 40046210 7fd788a840 returned -22
[   37.226730] binder: 5290:5290 ioctl 40046210 7fd788a840 returned -22
[   37.365030] binder: 5317:5317 ioctl 40046210 7fd788a840 returned -22
[   37.433819] binder: 5340:5340 ioctl 40046210 7fd788a840 returned -22
[   37.710881] binder: 5369:5369 ioctl 40046210 7fd788a840 returned -22
[   38.041426] binder: 5403:5403 ioctl 40046210 7fd788a840 returned -22
[   38.229680] binder: 5428:5428 ioctl 40046210 7fd788a840 returned -22
[   38.534473] binder: 5466:5466 ioctl 40046210 7fd788a840 returned -22
[   38.674008] binder: 5495:5495 ioctl 40046210 7fd788a840 returned -22
[   39.315445] binder: 3789:4189 ioctl 40046210 7331b2cba4 returned -22
[   39.348023] binder: 5559:5559 ioctl 40046210 7fd788a840 returned -22
[   39.896636] binder: 5601:5601 ioctl 40046210 7fd788a840 returned -22
[   40.173481] binder: 5495:5509 ioctl 40046210 73ab22b674 returned -22
[   40.219498] binder: 5640:5640 ioctl 40046210 7fd788a840 returned -22
[   40.231647] binder: 5641:5641 ioctl 40046210 7fd788a840 returned -22
[   40.629922] binder: 5684:5684 ioctl 40046210 7fd788a840 returned -22
[   41.176703] binder: 5746:5746 ioctl 40046210 7fd788a840 returned -22
[   41.865669] binder: 5815:5815 ioctl 40046210 7fd788a840 returned -22
[   42.147715] pri_i2s_gpio_enable:enable = 1.
[   42.151226] max98937 max98927_dai_hw_params: format supported
[   42.151240] max98927_dai_hw_params: Playback stream, format: 16, ch: 2, sampling_rate: 48000
[   42.151246] max98927_set_clock: BLCK fix to 32
[   42.152974] max98927_feedforward_event---feedforward event 1
[   42.152984] max98927_feedforward_event---feedforward event 2
[   42.169490] max98927_stream_mute--- stream 0, mute 0 
[   42.174309] q6core_get_service_version: Failed to get service size for service id 7 with error -95
[   42.175825] q6asm_callback: payload size of 8 is less than expected.
[   42.176073] q6asm_callback: payload size of 8 is less than expected.
[   42.176111] q6core_get_service_version: Failed to get service size for service id 8 with error -95
[   42.183138] q6core_get_service_version: Failed to get service size for service id 7 with error -95
[   42.183828] q6asm_callback: payload size of 8 is less than expected.
[   42.194555] q6asm_callback: payload size of 8 is less than expected.
[   42.218724] binder: 5844:5844 ioctl 40046210 7fd788a840 returned -22
[   42.328826] binder: 5863:5863 ioctl 40046210 7fd788a840 returned -22
[   42.953607] binder: 5903:5903 ioctl 40046210 7fd788a840 returned -22
[   42.963839] binder: 5844:5921 ioctl 40046210 73459de3e4 returned -22
[   43.172253] binder: 5944:5944 ioctl 40046210 7fd788a840 returned -22
[   43.643940] binder: 2835:3266 ioctl 40046210 732b71dee4 returned -22
[   43.682561] binder: 5991:5991 ioctl 40046210 7fd788a840 returned -22
[   45.042574] binder: 6094:6094 ioctl 40046210 7fd788a840 returned -22
[   45.327633] max98927_stream_mute--- stream 0, mute 1 
[   45.327639] max98927_stream_mute ------ disable max98927 
[   45.343296] q6asm_callback: payload size of 8 is less than expected.
[   45.346824] max98927_feedforward_event---feedforward event 4
[   45.346830] max98927_feedforward_event---feedforward event 8
[   45.356468] pri_i2s_gpio_enable:enable = 0.
[   45.441652] pri_i2s_gpio_enable:enable = 1.
[   45.444942] max98937 max98927_dai_hw_params: format supported
[   45.444956] max98927_dai_hw_params: Playback stream, format: 16, ch: 2, sampling_rate: 48000
[   45.444962] max98927_set_clock: BLCK fix to 32
[   45.446371] max98927_feedforward_event---feedforward event 1
[   45.446381] max98927_feedforward_event---feedforward event 2
[   45.463695] max98927_stream_mute--- stream 0, mute 0 
[   45.464977] q6core_get_service_version: Failed to get service size for service id 7 with error -95
[   45.466486] q6asm_callback: payload size of 8 is less than expected.
[   45.466751] q6asm_callback: payload size of 8 is less than expected.
[   45.466789] q6core_get_service_version: Failed to get service size for service id 8 with error -95
[   45.473140] q6core_get_service_version: Failed to get service size for service id 7 with error -95
[   45.473317] q6asm_callback: payload size of 8 is less than expected.
[   45.477580] q6asm_callback: payload size of 8 is less than expected.
[   46.831476] binder: 6195:6195 ioctl 40046210 7fd788a840 returned -22
[   48.262767] binder: 6309:6309 ioctl 40046210 7fd788a840 returned -22
[   48.406960] binder: 6330:6330 ioctl 40046210 7fd788a840 returned -22
[   48.598982] max98927_stream_mute--- stream 0, mute 1 
[   48.598990] max98927_stream_mute ------ disable max98927 
[   48.615476] q6asm_callback: payload size of 8 is less than expected.
[   48.619020] max98927_feedforward_event---feedforward event 4
[   48.619026] max98927_feedforward_event---feedforward event 8
[   48.629474] pri_i2s_gpio_enable:enable = 0.
[   48.638351] binder: 6378:6378 ioctl 40046210 7fd788a840 returned -22
[   48.889145] binder_alloc: 5495: binder_alloc_buf size 1056768 failed, no address space
[   48.889156] binder_alloc: allocated: 8 (num: 1 largest: 8), free: 1040376 (num: 1 largest: 1040376)
[   49.387929] pri_i2s_gpio_enable:enable = 1.
[   49.389254] max98937 max98927_dai_hw_params: format supported
[   49.389264] max98927_dai_hw_params: Playback stream, format: 16, ch: 2, sampling_rate: 48000
[   49.389268] max98927_set_clock: BLCK fix to 32
[   49.390308] max98927_feedforward_event---feedforward event 1
[   49.390315] max98927_feedforward_event---feedforward event 2
[   49.407226] max98927_stream_mute--- stream 0, mute 0 
[   49.408074] q6core_get_service_version: Failed to get service size for service id 7 with error -95
[   49.409583] q6asm_callback: payload size of 8 is less than expected.
[   49.409855] q6asm_callback: payload size of 8 is less than expected.
[   49.409895] q6core_get_service_version: Failed to get service size for service id 8 with error -95
[   49.416570] q6core_get_service_version: Failed to get service size for service id 7 with error -95
[   49.416763] q6asm_callback: payload size of 8 is less than expected.
[   49.422398] q6asm_callback: payload size of 8 is less than expected.
[   49.663128] binder: 6465:6465 ioctl 40046210 7fd788a840 returned -22
[   50.269644] binder: 3125:6276 ioctl 40046210 730a0a91e4 returned -22
[   50.323555] binder: 6531:6531 ioctl 40046210 7fd788a840 returned -22
[   50.741684] binder: 6572:6572 ioctl 40046210 7fd788a840 returned -22
[   51.038680] binder: 6597:6597 ioctl 40046210 7fd788a840 returned -22
[   51.635841] binder: 3052:3067 ioctl 40046210 73ab20abb4 returned -22
[   52.079089] binder: 6678:6678 ioctl 40046210 7fd788a840 returned -22
[   52.437455] healthd: battery l=97 v=4387 t=38.0 h=2 st=2 c=536620 fc=4008000 cc=0 chg=a
[   52.562274] max98927_stream_mute--- stream 0, mute 1 
[   52.562280] max98927_stream_mute ------ disable max98927 
[   52.581328] q6asm_callback: payload size of 8 is less than expected.
[   52.584839] max98927_feedforward_event---feedforward event 4
[   52.584846] max98927_feedforward_event---feedforward event 8
[   52.589803] pri_i2s_gpio_enable:enable = 0.
[   52.772346] binder: 6710:6710 ioctl 40046210 7fd788a840 returned -22
[   53.872013] binder: 6841:6841 ioctl 40046210 7fd788a840 returned -22
[   54.252568] binder: 6880:6880 ioctl 40046210 7fd7889a20 returned -22
[   55.578473] binder: 6195:6996 ioctl 40046210 70df723ab4 returned -22
[   55.724936] binder: 7062:7062 ioctl 40046210 7fd788a840 returned -22
[   56.172184] binder: 7110:7110 ioctl 40046210 7fd788a840 returned -22
[   57.354907] binder: 7203:7203 ioctl 40046210 7fd788a840 returned -22
[   57.538597] binder: 7231:7231 ioctl 40046210 7fd788a840 returned -22
[   57.618546] binder: 7257:7257 ioctl 40046210 7fd788a840 returned -22
[   57.719617] binder: 7286:7286 ioctl 40046210 7fd788a840 returned -22
[   57.816335] binder: 7231:7282 ioctl 40046210 73aad1b334 returned -22
[   57.926432] binder: 7314:7314 ioctl 40046210 7fd788a840 returned -22
[   58.052393] binder: 7314:7339 ioctl 40046210 73a5b18ad4 returned -22
[   58.133802] binder: 7343:7343 ioctl 40046210 7fd788a840 returned -22
[   58.785821] binder: 7396:7396 ioctl 40046210 7fd788a840 returned -22
[   59.258992] binder: 7396:7396 ioctl 40046210 7fd7889884 returned -22
[   59.597265] binder: 7434:7434 ioctl 40046210 7fd788a840 returned -22
[   59.793939] binder: 7457:7457 ioctl 40046210 7fd788a840 returned -22
[   59.941944] binder: 7480:7480 ioctl 40046210 7fd788a840 returned -22
[   60.150407] binder: 7507:7507 ioctl 40046210 7fd788a840 returned -22
[   60.411565] binder: 7530:7530 ioctl 40046210 7fd788a840 returned -22
[   60.618448] binder: 7560:7560 ioctl 40046210 7fd788a840 returned -22
[   60.867587] healthd: battery l=97 v=4385 t=38.0 h=2 st=2 c=512206 fc=4008000 cc=0 chg=a
[   61.390485] binder: 7582:7582 ioctl 40046210 7fd788a840 returned -22
[   61.487679] binder: 7603:7603 ioctl 40046210 7fd788a840 returned -22
[   61.651226] binder: 7627:7627 ioctl 40046210 7fd788a840 returned -22
[   62.411175] binder: 7686:7686 ioctl 40046210 7fd788a840 returned -22
[   62.512186] binder: 7710:7710 ioctl 40046210 7fd788a840 returned -22
[   62.526230] binder: 7716:7716 ioctl 40046210 7fd788a840 returned -22
[   62.905847] binder: 7627:7675 ioctl 40046210 7330e40ba4 returned -22
[   63.372244] binder: 7783:7783 ioctl 40046210 7fd788a840 returned -22
[   63.941813] binder: 7832:7832 ioctl 40046210 7fd788a840 returned -22
[   64.185692] binder: 7863:7863 ioctl 40046210 7fd788a840 returned -22
[   64.213854] binder: 7884:7884 ioctl 40046210 7fd788a840 returned -22
[   64.523992] binder: 7915:7915 ioctl 40046210 7fd788a840 returned -22
[   64.715756] binder: 7945:7945 ioctl 40046210 7fd788a840 returned -22
[   65.154622] binder: 7973:7973 ioctl 40046210 7fd788a840 returned -22
[   65.583672] binder: 8029:8029 ioctl 40046210 7fd788a840 returned -22
[   65.683691] binder: 7710:7728 ioctl 40046210 73ab310674 returned -22
[   67.571956] binder_alloc: 7710: binder_alloc_buf size 1056768 failed, no address space
[   67.571966] binder_alloc: allocated: 0 (num: 0 largest: 0), free: 1040384 (num: 1 largest: 1040384)
[   67.787552] healthd: battery l=97 v=4386 t=38.0 h=2 st=2 c=518554 fc=4008000 cc=0 chg=a
[   68.126091] binder: 8191:8191 ioctl 40046210 7fd788a840 returned -22
[   68.553408] binder: 4979:8089 ioctl 40046210 73180051e4 returned -22
[   68.757004] binder: 8263:8263 ioctl 40046210 7fd788a840 returned -22
[   69.686588] binder: 8345:8345 ioctl 40046210 7fd788a840 returned -22
[   69.907381] binder: 8370:8370 ioctl 40046210 7fd788a840 returned -22
[   70.118697] binder: 8394:8394 ioctl 40046210 7fd788a840 returned -22
[   70.553365] binder: 8447:8447 ioctl 40046210 7fd788a840 returned -22
[   70.806486] binder: 8479:8479 ioctl 40046210 7fd788a840 returned -22
[   71.258275] binder: 8519:8519 ioctl 40046210 7fd788a840 returned -22
[   71.506296] binder: 8552:8552 ioctl 40046210 7fd788a840 returned -22
[   71.776130] binder: 8584:8584 ioctl 40046210 7fd788a840 returned -22
[   72.098720] binder: 8616:8616 ioctl 40046210 7fd788a840 returned -22
[   72.451711] binder: 8675:8675 ioctl 40046210 7fd788a840 returned -22
[   73.581640] healthd: battery l=97 v=4388 t=38.0 h=2 st=2 c=526366 fc=4008000 cc=0 chg=a
[   94.530112] CPU3: update max cpu_capacity 535
[   94.531802] CPU6: update max cpu_capacity 1024
[  105.402069] binder: 8862:8862 ioctl 40046210 7fe7666280 returned -22
[  105.460286] binder: 8876:8876 ioctl 40046210 7fd788a840 returned -22
[  105.767005] binder: 8862:8862 ioctl 40046210 7fe7666464 returned -22
[  106.055072] binder: 8905:8905 ioctl 40046210 7fefece4d0 returned -22
[  106.640882] init: Untracked pid 8858 exited with status 0
[  106.640938] init: Untracked pid 8858 did not have an associated service entry and will not be reaped
[  113.202315] rmt_storage:INFO:rmt_storage_rw_iovec_cb: Write iovec request received for /boot/modem_fs2
[  113.202843] rmt_storage:INFO:rmt_storage_client_thread: Calling Write [offset=0, size=2097152]for /boot/modem_fs2!
[  113.284114] rmt_storage:INFO:rmt_storage_client_thread: Done Write (bytes = 2097152) for /boot/modem_fs2!
[  113.580123] CPU0: update max cpu_capacity 535
[  113.580295] CPU5: update max cpu_capacity 1024
[  133.455115] healthd: battery l=97 v=4389 t=39.0 h=2 st=2 c=499511 fc=4008000 cc=0 chg=a
[  133.579122] healthd: battery l=97 v=4389 t=39.0 h=2 st=2 c=499511 fc=4008000 cc=0 chg=a
[  193.583206] healthd: battery l=97 v=4389 t=38.0 h=2 st=2 c=482909 fc=4008000 cc=0 chg=a
[  199.051211] healthd: battery l=97 v=4389 t=38.0 h=2 st=2 c=479491 fc=4008000 cc=0 chg=a
[  242.809315] [lcd][tp][gesture] keep lcd_reset and tp_reset gpio to high.
[  242.809441] [LCD][TP][Gesture][suspend] 'ibb' power continus supply
[  242.809444] [LCD][TP][Gesture][suspend] 'lab' power continus supply
[  242.809451] [LCD][TP][Gesture][suspend] 'wqhd-vddio' power continus supply
[  253.585286] healthd: battery l=97 v=4389 t=38.0 h=2 st=2 c=468749 fc=4008000 cc=0 chg=a
[  270.641959] is_mdp_prefetch_needed: low vbp+vfp may lead to perf issues in some cases
[  270.643989] [LCD][TP][Gesture][resume] 'wqhd-vddio' power continus supply
[  270.643992] [LCD][TP][Gesture][resume] 'lab' power continus supply
[  270.643993] [LCD][TP][Gesture][resume] 'ibb' power continus supply
[  270.727169] [NVT-ts] nvt_ts_wakeup_gesture_report 738: gesture_id 31 is invalid, func_type=255, func_id=255
[  273.069847] IPC_RTR: msm_ipc_router_send_to: Remote port not found
[  273.069861] IPC_RTR: msm_ipc_router_sendmsg: Send_to failure -19
[  273.097406] init: Service 'vendor.ims_rtp_daemon' (pid 1994) received signal 9
[  273.100851] init: Sending signal 9 to service 'vendor.ims_rtp_daemon' (pid 1994) process group...
[  273.111194] libprocessgroup: Successfully killed process cgroup uid 1001 pid 1994 in 8ms
[  273.140653] init: starting service 'vendor.ims_rtp_daemon'...
[  273.370239] binder: 9251:9251 ioctl 40046210 7fd6d9b854 returned -22
[  273.391215] healthd: battery l=97 v=4388 t=38.0 h=2 st=2 c=459960 fc=4008000 cc=0 chg=a
[  276.310322] binder: 9351:9351 ioctl 40046210 7fd788a840 returned -22
[  279.053799] R0: [wpa_supplicant][5430325823] [01:43:21.753145]  wlan: [2132:I :HDD] 00000000: 7f 0b 00 00 0a 82 00 40 40 00 00 01 20 ff 03 02
[  279.053816] R0: [wpa_supplicant][5430326085] [01:43:21.753158]  wlan: [2132:I :HDD] 00000010: 00 ff dd 0a 50 6f 9a 16 03 01 01 65 01 01 dd 08
[  279.053820] R0: [wpa_supplicant][5430326331] [01:43:21.753171]  wlan: [2132:I :HDD] 00000020: 8c fd f0 01 01 02 01 00
[  279.402586] pri_i2s_gpio_enable:enable = 1.
[  279.406134] max98937 max98927_dai_hw_params: format supported
[  279.406146] max98927_dai_hw_params: Playback stream, format: 16, ch: 2, sampling_rate: 48000
[  279.406152] max98927_set_clock: BLCK fix to 32
[  279.407728] max98927_feedforward_event---feedforward event 1
[  279.407734] max98927_feedforward_event---feedforward event 2
[  279.424213] max98927_stream_mute--- stream 0, mute 0 
[  279.426671] q6core_get_service_version: Failed to get service size for service id 7 with error -95
[  279.428171] q6asm_callback: payload size of 8 is less than expected.
[  279.428446] q6asm_callback: payload size of 8 is less than expected.
[  279.428490] q6core_get_service_version: Failed to get service size for service id 8 with error -95
[  279.435120] q6core_get_service_version: Failed to get service size for service id 7 with error -95
[  279.435291] q6asm_callback: payload size of 8 is less than expected.
[  279.447980] q6asm_callback: payload size of 8 is less than expected.
[  280.417231] healthd: battery l=97 v=4376 t=38.0 h=2 st=2 c=375488 fc=4008000 cc=0 chg=a
[  282.586819] max98927_stream_mute--- stream 0, mute 1 
[  282.586837] max98927_stream_mute ------ disable max98927 
[  282.596155] q6asm_callback: payload size of 8 is less than expected.
[  282.604639] max98927_feedforward_event---feedforward event 4
[  282.604648] max98927_feedforward_event---feedforward event 8
[  282.614605] pri_i2s_gpio_enable:enable = 0.
[  283.924369] pri_i2s_gpio_enable:enable = 1.
[  283.928278] max98937 max98927_dai_hw_params: format supported
[  283.928299] max98927_dai_hw_params: Playback stream, format: 16, ch: 2, sampling_rate: 48000
[  283.928312] max98927_set_clock: BLCK fix to 32
[  283.930259] max98927_feedforward_event---feedforward event 1
[  283.930268] max98927_feedforward_event---feedforward event 2
[  283.946966] max98927_stream_mute--- stream 0, mute 0 
[  283.948560] q6core_get_service_version: Failed to get service size for service id 7 with error -95
[  283.950107] q6asm_callback: payload size of 8 is less than expected.
[  283.950724] q6asm_callback: payload size of 8 is less than expected.
[  283.950765] q6core_get_service_version: Failed to get service size for service id 8 with error -95
[  283.957395] q6core_get_service_version: Failed to get service size for service id 7 with error -95
[  283.957601] q6asm_callback: payload size of 8 is less than expected.
[  283.963996] q6asm_callback: payload size of 8 is less than expected.
[  288.064267] KGSL: Abnormal value :0x382022f (0x384e785) from perf counter : 0x3b0
[  292.932599] max98927_stream_mute--- stream 0, mute 1 
[  292.932619] max98927_stream_mute ------ disable max98927 
[  292.948804] q6asm_callback: payload size of 8 is less than expected.
[  292.954146] max98927_feedforward_event---feedforward event 4
[  292.954160] max98927_feedforward_event---feedforward event 8
[  292.965167] pri_i2s_gpio_enable:enable = 0.
[  293.591777] pri_i2s_gpio_enable:enable = 1.
[  293.595966] max98937 max98927_dai_hw_params: format supported
[  293.595985] max98927_dai_hw_params: Playback stream, format: 16, ch: 2, sampling_rate: 48000
[  293.595995] max98927_set_clock: BLCK fix to 32
[  293.598625] max98927_feedforward_event---feedforward event 1
[  293.598633] max98927_feedforward_event---feedforward event 2
[  293.616569] max98927_stream_mute--- stream 0, mute 0 
[  293.619821] q6core_get_service_version: Failed to get service size for service id 7 with error -95
[  293.621531] q6asm_callback: payload size of 8 is less than expected.
[  293.621804] q6asm_callback: payload size of 8 is less than expected.
[  293.621859] q6core_get_service_version: Failed to get service size for service id 8 with error -95
[  293.629207] q6core_get_service_version: Failed to get service size for service id 7 with error -95
[  293.629451] q6asm_callback: payload size of 8 is less than expected.
[  293.641596] q6asm_callback: payload size of 8 is less than expected.
[  296.780475] max98927_stream_mute--- stream 0, mute 1 
[  296.780487] max98927_stream_mute ------ disable max98927 
[  296.795903] q6asm_callback: payload size of 8 is less than expected.
[  296.802085] max98927_feedforward_event---feedforward event 4
[  296.802099] max98927_feedforward_event---feedforward event 8
[  296.808884] pri_i2s_gpio_enable:enable = 0.
[  306.617482] healthd: battery l=97 v=4389 t=38.0 h=2 st=2 c=453613 fc=4008000 cc=0 chg=a
[  313.581410] healthd: battery l=97 v=4389 t=38.0 h=2 st=2 c=451659 fc=4008000 cc=0 chg=a
[  316.418730] IPv6: ADDRCONF(NETDEV_UP): wlan0: link is not ready
[  316.427661] R0: [wpa_supplicant][6147903871] [01:43:59.127002]  wlan: [2132:I :HDD] 00000000: 7f 0b 00 00 0a 82 00 40 40 00 00 01 20 ff 03 02
[  316.427675] R0: [wpa_supplicant][6147904316] [01:43:59.127024]  wlan: [2132:I :HDD] 00000010: 00 ff dd 0a 50 6f 9a 16 03 01 01 65 01 01 dd 08
[  316.427710] R0: [wpa_supplicant][6147904461] [01:43:59.127032]  wlan: [2132:I :HDD] 00000020: 8c fd f0 01 01 02 01 00
[  316.448587] R0: [wpa_supplicant][6148305658] [01:43:59.147928]  wlan: [2132:I :PE ] 00000000: c6 f2 c1 5c 51 00 3f f1 f8 5d e9 3e d8 f4 43 d0
[  316.448602] R0: [wpa_supplicant][6148306122] [01:43:59.147952]  wlan: [2132:I :PE ] 00000010: 73 53 6d 8f ba 33 23 a8 c0 85 54 6b 07 e5 8a 7d
[  325.048023] [lcd][tp][gesture] keep lcd_reset and tp_reset gpio to high.
[  325.048164] [LCD][TP][Gesture][suspend] 'ibb' power continus supply
[  325.048168] [LCD][TP][Gesture][suspend] 'lab' power continus supply
[  325.048176] [LCD][TP][Gesture][suspend] 'wqhd-vddio' power continus supply
[  332.297153] init: processing action (persist.device_config.lmkd_native.thrashing_limit_critical=*) from (/system/etc/init/lmkd.rc:44)
[  332.300714] init: processing action (lmkd.reinit=1) from (/system/etc/init/lmkd.rc:10)
[  332.303245] init: starting service 'exec 25 (/system/bin/lmkd --reinit)'...
[  332.353400] init: Service 'exec 25 (/system/bin/lmkd --reinit)' (pid 9855) exited with status 0 oneshot service took 0.043000 seconds in background
[  332.353457] init: Sending signal 9 to service 'exec 25 (/system/bin/lmkd --reinit)' (pid 9855) process group...
[  332.356922] libprocessgroup: Successfully killed process cgroup uid 0 pid 9855 in 3ms
[  333.219525] binder_alloc: 4033: binder_alloc_buf size 119256 failed, no address space
[  333.219535] binder_alloc: allocated: 605560 (num: 46 largest: 119256), free: 434824 (num: 5 largest: 118760)
[  333.220991] binder_alloc: 4033: binder_alloc_buf size 119256 failed, no address space
[  333.221001] binder_alloc: allocated: 605560 (num: 46 largest: 119256), free: 434824 (num: 5 largest: 118760)
[  345.222322] healthd: battery l=98 v=4389 t=38.0 h=2 st=2 c=443847 fc=4008000 cc=0 chg=a
[  358.706827] rmt_storage:INFO:rmt_storage_rw_iovec_cb: Write iovec request received for /boot/modem_fs1
[  358.707265] rmt_storage:INFO:rmt_storage_client_thread: Calling Write [offset=0, size=2097152]for /boot/modem_fs1!
[  358.777791] rmt_storage:INFO:rmt_storage_client_thread: Done Write (bytes = 2097152) for /boot/modem_fs1!
[  365.292072] configfs-gadget gadget: unbind function 'Function FS Gadget'/0000000000000000
[  365.293308] init: Service 'adbd' (pid 1020) exited with status 1
[  365.293343] init: Sending signal 9 to service 'adbd' (pid 1020) process group...
[  365.299278] libprocessgroup: Successfully killed process cgroup uid 0 pid 1020 in 5ms
[  365.301499] init: Untracked pid 8853 received signal 9
[  365.301523] init: Untracked pid 8853 did not have an associated service entry and will not be reaped
[  365.302153] init: Untracked pid 8856 exited with status 1
[  365.302168] init: Untracked pid 8856 did not have an associated service entry and will not be reaped
[  365.302794] init: starting service 'adbd'...
[  365.307297] init: Created socket '/dev/socket/adbd', mode 660, user 1000, group 1000
[  365.388125] read descriptors
[  365.388258] read strings
[  365.397816] init: processing action (sys.usb.config=adb && sys.usb.configfs=1 && sys.usb.ffs.ready=1) from (/system/etc/init/hw/init.usb.configfs.rc:20)
[  365.403354] init: Command 'symlink /config/usb_gadget/g1/functions/ffs.adb /config/usb_gadget/g1/configs/b.1/f1' action=sys.usb.config=adb && sys.usb.configfs=1 && sys.usb.ffs.ready=1 (/system/etc/init/hw/init.usb.configfs.rc:22) took 1ms and failed: symlink() failed: File exists
[  365.513342] dwc3_gadget_suspend_interrupt(): state:0. Ignore SUSPEND.
[  365.630204] android_work: sent uevent USB_STATE=DISCONNECTED
[  365.740716] android_work: sent uevent USB_STATE=CONNECTED
[  365.744493] android_work: sent uevent USB_STATE=DISCONNECTED
[  365.867312] android_work: sent uevent USB_STATE=CONNECTED
[  365.873642] configfs-gadget gadget: high-speed config #1: b
[  365.874226] android_work: sent uevent USB_STATE=CONFIGURED
