static const char kernel_config_data[] __used = MAGIC_START
	"\x1f\x8b\x08\x00\x00\x00\x00\x00\x02\x03\x94\x3c\xcb\x72\xdb\xba"
	"\x92\xfb\xf3\x15\x2a\x9f\x59\xcc\x2c\x4e\xe2\x57\x14\xa7\xa6\xbc"
	"\x80\x48\x50\xc2\x88\x24\x18\x00\x94\x65\x6f\x58\x8a\xad\x24\xae"
	"\xeb\x47\xae\x2d\x9f\x7b\x33\x5f\x3f\xdd\x00\x29\x02\x20\x40\x79"
	"\xb2\x48\x59\xe8\x06\xd0\x68\x34\xfa\x85\x06\xff\xfc\xe3\xcf\x09"
	"\x79\xdb\x3d\x3f\x6e\x76\xf7\xb7\x9b\x87\x87\xdf\x93\x1f\xdb\xa7"
	"\xed\xcb\x66\xb7\xbd\x9b\x7c\xbf\x7f\xd8\xfe\xf7\x24\xe5\x93\x92"
	"\xab\x09\x4d\x99\xfa\x00\xc8\xf9\xfd\xd3\xdb\xbf\x3f\x6e\x5e\x1e"
	"\xa7\xe7\x93\xf3\x0f\xe7\x1f\x4e\x8f\x3f\x4d\x96\xdb\x97\xa7\xed"
	"\xc3\x24\x79\x7e\xfa\x7e\xff\xe3\x0d\x3a\xdf\x3f\x3f\xfd\xf1\xe7"
	"\x1f\x09\x2f\x33\x36\x6f\x88\x28\xa6\xe7\x97\xbf\xbb\x9f\xd3\xf3"
	"\x19\x53\xfd\x4f\x22\x92\x45\x53\x2d\xae\x65\x43\xd2\x54\x34\xca"
	"\x87\x17\x45\xed\x21\x17\x05\xa9\x1a\x51\xa6\x0d\xe0\xc9\xa6\x60"
	"\xe5\xe5\xc9\xc5\x18\x02\x59\x5f\x9e\x9e\x87\x11\x12\x5e\x54\x44"
	"\x59\x03\x9d\xbc\x03\x0f\xc6\x3b\x99\x76\x78\x2c\xcf\xe9\x9c\xe4"
	"\x4d\xc5\x59\xa9\xa8\x68\x56\x24\xaf\xe9\xe5\xf1\xbf\xef\xb6\x9b"
	"\xbb\x63\xeb\x5f\x87\x2f\x15\x49\x96\x4a\x90\x84\x36\xb2\xae\x2a"
	"\x2e\xac\xa5\xe6\x3c\x59\xa6\xb4\x1a\x02\x0c\x3e\x13\x5f\xb3\x9c"
	"\xcc\xe5\x10\x2e\xae\x24\x2d\x9a\x75\xb2\x98\x03\x0f\x1b\x92\xcf"
	"\xb9\x60\x6a\x51\xf4\x08\x73\x5a\x52\xc1\x92\x66\x56\xcf\x83\x8d"
	"\x8d\xa0\x39\x51\x6c\x45\xbb\x75\xc8\x21\xda\xe2\x8a\xb2\xf9\x42"
	"\x0d\x01\x89\xac\x03\x53\x25\x24\x67\x33\x41\x14\x6d\x52\x18\xfb"
	"\xba\x47\xb8\xe1\x25\xb4\x15\xa4\x6f\x59\x10\x98\xb8\xeb\x27\x92"
	"\xba\x99\xd7\x95\xb7\xe7\x80\x1f\x91\x8f\x92\xd2\x54\x83\x71\xaf"
	"\x80\xbb\x8a\x7a\x30\x39\xd7\xe0\x9c\x96\x73\xb5\xe8\x61\xb2\xb0"
	"\xe6\x58\x70\x55\xe5\xc0\x06\xc9\x6e\xa8\xde\xe5\xcb\xb3\x63\x47"
	"\x7c\xf5\x10\xb5\x84\x4d\xe0\x9e\x40\x76\x40\x0d\x00\xde\xb3\x79"
	"\x59\xd0\x52\x5d\x7e\xd9\x4f\x74\xc5\xb8\xca\x67\x7d\x1f\x83\xb9"
	"\xa0\x79\x45\x45\xdf\xba\xa4\xa2\xa4\x79\x53\xf0\x94\x02\xdd\xbc"
	"\xec\x21\x19\x5b\x37\x94\x88\xfc\x1a\x7e\x37\x05\xb5\x78\x5d\xcd"
	"\x15\x99\xe5\x14\xd6\xb6\xa2\x39\xd0\x0c\xc7\xb3\x3b\x35\xb2\x68"
	"\xe6\xab\x62\x72\xff\x3a\x79\x7a\xde\x4d\x5e\xb7\xbb\x01\xac\xf9"
	"\x5a\xb3\xd2\x46\x68\xc1\x29\xcd\x3a\x79\x64\x52\x5d\x1e\x7d\x7c"
	"\xb8\xff\xf6\xf1\xf1\xf9\xee\xed\x61\xfb\xfa\xf1\x3f\xea\x92\x14"
	"\x14\xc5\x85\x12\x49\x3f\x7e\xb8\xd5\x47\xfe\x68\xbf\x34\xf1\xb5"
	"\xb9\xe2\x62\xd9\x93\x38\xab\x59\x9e\x2a\x06\x7d\xe8\xda\x10\x2b"
	"\x5d\xd1\x5e\x08\x4a\xd2\x86\x95\x19\x87\xff\x1a\x45\x24\x76\x06"
	"\xe5\xf1\xe7\x64\xae\x15\xd1\x03\xd2\xf6\xf6\xab\x57\x27\xac\x64"
	"\xaa\xa1\xe5\x0a\x78\x8f\x24\x16\x20\x0c\x67\xa7\x1d\x30\x11\x5c"
	"\x4a\x7d\x5c\x59\x4e\x2f\x8f\x8e\xfa\x55\xb7\x6d\x8d\xa2\x52\x05"
	"\x56\x0d\x67\x8f\xe4\x2b\x10\x7c\x06\xac\x3f\xfa\xeb\xd7\xf6\xe5"
	"\xbb\xd5\xd9\x86\x36\xa4\x56\x3c\xcc\x37\x52\xe7\x0a\x64\x49\x2a"
	"\x64\xd2\xe5\xd1\x7f\x3e\x3d\x3f\x6d\xff\xeb\xa8\x17\x04\x82\x22"
	"\xb7\x1f\x54\x5e\xcb\x15\xab\x92\xe0\x1e\x55\x5c\xc2\xae\x17\x5f"
	"\x6b\x5a\xd3\xc0\x5c\x66\x99\x20\x0b\x5c\x5c\x37\x44\x81\x4e\x59"
	"\xd8\x23\x67\x0b\x52\xa6\x39\x0d\x8e\x0c\x42\x0c\x07\x33\x30\x26"
	"\xa9\x53\xfb\x5c\xe9\x43\xa9\xcf\x9e\x06\x00\xb1\xc0\x82\xdc\x9e"
	"\xc5\x6e\xb7\xc7\xd3\x9b\x07\x92\x30\x79\x7d\xfb\xf6\xfa\xfb\x75"
	"\xb7\x7d\xec\x37\xaf\x3b\xe5\x28\x28\x95\xe0\x33\x3a\x54\x1c\x08"
	"\x92\x0b\x7e\x15\x87\x18\x79\x0f\xc3\x0b\x36\x07\xa5\xc3\xec\xf3"
	"\xb3\x20\x22\x05\x10\xe8\xcd\x2b\x10\x5c\x49\xcb\xd4\x3a\x8b\xd0"
	"\x25\xe5\x05\x61\x65\xa8\xad\x59\x30\x2a\x90\x07\xd7\xc3\xc9\x0a"
	"\xc9\x10\x33\x0a\x18\x0c\x6b\xf6\xa4\x1b\xd9\x74\xdd\xf3\xd2\x9a"
	"\x33\xa5\xa0\x90\x03\xfb\x83\x28\x19\x17\x09\xa8\x34\x73\x68\x58"
	"\x69\x29\x73\x59\x11\x21\x69\x98\x22\x7d\xfc\x56\xfd\x0e\xfa\x9a"
	"\x1a\xed\x0e\x70\xb4\x54\xd2\xd3\xba\x0b\x22\xa1\x73\xb2\x6c\x66"
	"\x82\x93\x34\x21\x52\x8d\xf6\x76\xd0\xb4\x14\xa8\xfb\xc7\xed\xcb"
	"\x6b\x48\x10\xf4\xb0\x60\x09\x60\x3f\x6d\x65\xce\x9b\xc5\x0d\x1e"
	"\xd5\x42\x6f\xe0\x9e\x3d\xd0\x08\xca\x92\xf1\x94\x25\x01\xce\x98"
	"\x5e\x0c\xb8\x6b\xf7\x31\xad\x59\xed\x0a\xa7\x0d\xb4\xf6\x06\x2c"
	"\x1b\xca\x86\x66\x95\x36\x7e\x9a\xfc\xa4\xaa\x3f\xaa\xcd\xeb\x3f"
	"\x26\x3b\x58\xc7\x64\xf3\x74\x37\x79\xdd\x6d\x76\xaf\x93\xcd\xed"
	"\xed\xf3\xdb\xd3\xee\xfe\xe9\x87\x41\xb3\x96\x04\x5d\x1a\x92\x24"
	"\xbc\x2e\x15\xec\x4f\xf0\x04\xae\x98\x50\x1e\x1e\x72\x33\xb2\xe5"
	"\x7a\xf3\x7a\x4c\x47\x81\x24\x0b\x10\x86\x2b\x92\xab\xe0\x3c\x33"
	"\x99\xe2\x19\x4b\x28\xa8\x0a\x18\x20\xa4\xf5\x50\xdd\xa2\xcd\x94"
	"\xf6\xb0\xd8\x68\x8c\xf6\x58\xb7\x66\x8d\x40\x4b\x91\x63\x1b\xe3"
	"\x2e\xa9\x9a\x3d\x60\xd1\x27\x72\x28\x01\x95\xa0\xb4\xa8\x14\x1a"
	"\x7c\xcb\x93\x01\xeb\x4f\xd7\xb0\xd7\xd6\xc8\xd2\x60\x38\xf4\x49"
	"\xc4\x0c\x50\x86\xfd\x61\x41\x79\xde\x0b\x91\x05\xc9\x48\xc9\x6b"
	"\x75\x39\x3d\x1f\x36\x82\x4e\x21\x99\xe5\xd7\x19\x88\x54\x7b\x49"
	"\xe9\xa7\x07\xba\x35\x58\x7b\x65\x41\xce\x23\x74\xc6\x79\xd0\xd0"
	"\x20\x6c\xd9\x5a\xbd\x0a\x44\xfa\xf2\xd8\x86\x94\x3c\x99\xa1\x6c"
	"\xd8\x13\xda\xed\xf0\x47\x19\x9f\x73\x8f\x75\x43\x05\x8f\xcc\xbd"
	"\xc7\xf1\xb4\x79\xc7\x79\xd0\xe9\x14\x89\x0f\xd1\xae\x8d\x39\xf8"
	"\x47\xe5\x69\x62\xa9\xcb\xa5\xf9\x63\xd8\xa2\xa5\xcf\x76\x6f\x71"
	"\x84\x0c\x54\x38\xcb\xd4\xe5\xc9\x67\xdb\x36\x97\x92\x83\x6e\xcc"
	"\xf2\x5a\x2e\x40\x2b\x74\xfe\x58\xd0\x4e\xcf\x35\xf5\xe0\x85\xbb"
	"\x83\x79\x6a\xc9\x9c\x0d\xad\x9c\x7a\x0a\x92\xb9\xe0\x75\x25\xfd"
	"\x06\xa3\x72\x07\xad\x19\x6c\xf4\x8d\x76\xd1\x7a\x42\x0d\xa4\x62"
	"\xa9\x0c\x6e\xc2\x7e\xbc\x15\x4b\x82\x76\xbb\x02\xf3\x6b\xab\x59"
	"\xe4\x10\x0e\xd7\x42\x06\x34\x40\xb3\x7b\xcc\xda\x76\xbd\x3c\x55"
	"\x97\x8e\xc6\x03\x7f\x20\x99\x8f\xd1\x05\xe7\x2a\x0b\x51\x65\x8d"
	"\x69\xb9\x9d\x84\x89\xc6\x85\xf4\xe3\x65\xa0\xec\xc1\x9e\x5d\xb1"
	"\x54\x2d\x42\x82\xa6\x62\x3d\x67\xf9\xb2\x9d\x2f\xd0\xcd\x6c\xda"
	"\xc2\xf6\xcc\xf7\x4d\x10\x66\xa0\x73\xdf\x90\x2b\x22\xa8\x0f\x4f"
	"\xb8\xa0\x4d\xa2\x1c\x81\x06\x40\xb2\xd4\xe1\x0c\x6a\x76\x05\x18"
	"\x21\x3b\x00\x8e\x1a\x98\x4e\xd0\x91\xfd\x90\x35\x58\xb2\xd2\xd1"
	"\x88\xb0\x35\x02\x9a\xc2\x9e\x1a\x6c\x9e\x0b\xda\x07\x1f\xca\x0c"
	"\xe3\x50\x8a\xce\xa3\x5e\xbe\x0f\xf0\x37\xb3\x73\x27\x31\xe8\x40"
	"\x99\x9e\x5f\x9b\xa5\x07\x89\x00\xdb\x0e\x3b\x02\xb1\xa3\xa0\x09"
	"\x30\x29\x0d\x6b\x08\x54\xe9\xa1\x53\x9d\xa3\xba\x5f\x69\xc7\x5a"
	"\xd8\xbe\x11\xfe\x26\x05\x0c\x2c\x79\x0d\x7e\x07\xba\xd3\xdd\x50"
	"\x69\x33\xbf\x61\xd6\x1a\xa0\x61\x06\x0d\xa7\x4e\x4b\x7e\xa3\xa3"
	"\xbc\x9e\x80\xb4\x59\xdf\x84\x49\x43\x64\x1e\x07\x9d\x87\xa5\x3a"
	"\x69\x78\x05\xf6\x11\x83\x36\xf0\x8c\xb4\x78\x73\x51\x90\x32\x7c"
	"\xf6\x3c\x6c\x8c\xf5\xac\x4d\x00\xef\x48\x59\xce\x11\x18\x05\x70"
	"\xd2\x4a\x88\xc6\xa4\xe7\x13\xd7\x2c\x3d\x99\xfa\x1d\x41\x75\x26"
	"\xb4\x42\xbf\xd3\x98\x05\x2b\x00\xaa\xb2\xfe\x87\x6f\xda\xbc\xb1"
	"\x0a\xd8\x70\x86\xc2\xe6\x58\xf9\x39\x55\x05\x1a\xd7\x80\xab\xed"
	"\x6c\x7f\xc0\x45\x6f\x89\x8b\xf7\x5c\x42\xb3\xbc\x2e\xac\x35\x76"
	"\x2d\x8d\xe3\x2b\x82\xa5\x2a\x95\x13\xd6\x59\xfa\x92\xe6\x99\x3e"
	"\x81\x16\x18\x82\x43\xed\x7a\x59\xea\xa4\x56\x74\x6d\xf5\xa9\xb8"
	"\x0d\x95\x10\x36\x93\x3c\xb3\xa4\x4f\x7b\x62\x76\x83\xf6\x31\x33"
	"\x57\x99\x54\xd9\x18\x57\x16\x4e\xb0\x4c\xc0\xd6\xf6\x3f\xd2\x15"
	"\x03\x12\xdb\xce\x83\xc3\xae\x8f\x5e\x96\x06\x06\xad\x12\x86\x81"
	"\xb3\x58\x4a\x4f\xf3\xce\x88\x10\x10\x2d\x04\xba\x00\x8c\xa6\xa9"
	"\xad\x5a\xb5\x1c\xa1\xb4\x36\xbe\xdb\xad\x1b\xf1\xc8\xaf\x0a\xa0"
	"\x4b\x5b\x4f\xed\x43\xb5\x19\xb6\x0a\xc2\xd2\xe7\x97\xc7\xcd\xd3"
	"\xed\x76\x42\xff\xde\x3e\x81\x2f\x4a\xc0\x2b\x4d\xd0\x1b\x05\x47"
	"\xdb\x72\xae\x9c\xc1\x2d\xa5\x82\xc9\x1e\x7f\x92\x00\xcd\xab\xc2"
	"\xf4\x6e\xb4\x33\x67\x5c\xe2\x5e\xaa\xf2\x7a\x36\x0c\x53\x9c\x48"
	"\x1b\x93\x65\x62\x19\xd6\x55\x39\x09\x85\x9f\x38\xa8\x3b\x09\x8f"
	"\xa1\x69\x07\x00\xe2\x1d\xc5\x48\xee\x1c\x44\x45\x8b\x26\x25\x8a"
	"\x34\x10\xaa\xb3\x8c\x25\x5e\x20\x08\xc6\x36\x63\xb9\x13\x36\xe9"
	"\xc3\xaa\x8d\x84\xb3\xc2\xa5\x8e\x4d\xc3\x0a\xff\x7f\x6a\x30\x46"
	"\xb0\x06\x9a\x87\xe3\xeb\x91\xae\x7a\xdf\x75\xfe\xca\x24\x8a\xd0"
	"\x1e\x24\xe8\x9f\x07\x16\xaa\x71\x69\x06\xab\x60\xb8\x0f\x75\xe9"
	"\xf6\xf0\x84\xa9\x25\xd8\x6f\x15\x54\x05\x01\x3a\xba\xd3\x6b\x5f"
	"\x70\xbe\xf4\x80\x3a\xd7\xa6\x94\x90\x81\x76\xf8\xad\xd8\xbc\xe6"
	"\x75\x20\x41\x28\x81\x2f\x18\x84\xb5\xe1\x69\x20\x3e\x47\x20\x9e"
	"\xfb\x06\x5c\x1d\xdb\x02\xea\xe1\x05\x9d\x83\xd2\x29\x53\x93\x22"
	"\x6d\x97\xd9\x90\x8a\x79\x78\x49\x1e\x24\xb8\x62\xbe\x1b\xa7\x61"
	"\x8b\x2b\x10\x44\x4a\x8c\x23\x10\x3a\x81\x38\x6d\xa8\x5d\xdb\x7c"
	"\x43\x4a\x5a\x17\x55\x88\x81\xbd\x24\xf8\x4b\xc1\xe8\x40\x27\xbb"
	"\xd0\x87\xf4\xbb\xb6\xfb\x28\x95\xa8\x13\x05\x72\x3c\xf7\x31\x92"
	"\xa2\xc2\x5c\xae\xc9\x3a\x45\x60\x29\xaf\x67\x39\xf5\xe2\xf5\x2b"
	"\xa2\x4f\xac\x3e\x7e\xac\x4a\x1a\x93\x13\xe8\xb2\x5a\x81\x15\x48"
	"\x9a\x20\x7a\x03\xc7\x42\xd9\xc9\xc8\x58\xbb\x21\x21\x31\x7c\x01"
	"\xc9\x52\x34\x01\xc7\xca\xf2\x4e\x03\x20\xdb\x5c\xbb\xc0\x78\x30"
	"\x33\x44\x85\x6d\xaa\x73\x22\xc2\x76\xdd\xc3\x05\xce\xf2\xd2\x17"
	"\x04\x94\x5c\xba\x56\x5a\xea\x97\x6c\x00\x8e\x04\xe5\x1e\x56\x38"
	"\x20\x0f\x9d\xac\x12\x13\x32\x78\x70\x17\xf5\x9c\x06\xf6\xd8\xe4"
	"\x57\x00\x86\x4a\xd8\x97\xae\x82\xa7\xed\xfe\x54\x34\x41\x45\x66"
	"\xb9\x08\x3c\xad\x73\x2a\x8d\x5b\x98\x67\xda\xa9\x0b\x64\x6d\x34"
	"\x08\x0e\x13\x2f\x1c\x2f\xa7\x9f\xda\xb9\x23\x19\xbb\x60\xb1\x2e"
	"\x57\x02\xbd\xad\x8b\x91\xd8\x20\x36\x4a\x1f\x5f\x43\x64\x56\x42"
	"\x9c\x09\x7b\x01\x4e\x6d\x6a\x75\xe6\x10\x61\x82\x37\x20\x6b\x58"
	"\x7b\x99\x9e\x59\xb2\x65\xc6\x69\xe1\x24\x69\x75\xbb\x49\x15\x27"
	"\x7c\xf5\xd7\xb7\xcd\xeb\xf6\x6e\xf2\x0f\x63\x29\x7f\xbd\x3c\x7f"
	"\xbf\x7f\xf0\x32\x34\x88\xd6\x26\xda\x43\x09\xd0\x8e\x79\x1a\xcd"
	"\x18\x0b\xea\xba\x41\xce\x4d\x85\xd1\x87\x0b\x8a\xdb\x6c\xf9\xbd"
	"\x0a\xdc\x38\x90\x34\x5b\xe7\x6a\x77\x48\xa2\xb1\xed\xa3\xfd\x76"
	"\x23\x1d\x2f\x42\x37\x99\x24\x1f\x1c\x7e\x12\xf2\x3f\x5a\x9c\xba"
	"\x44\xb8\x2f\x16\x6d\xd7\x00\xb0\xd5\x01\xa1\xe9\xa4\x48\xf6\x99"
	"\xed\xa0\x1f\xd5\xe1\xd9\x21\x7e\xdf\x66\xe6\x0c\x42\x3c\x67\xd4"
	"\x82\xc8\x05\x39\x09\xdf\x4d\x38\x38\xa7\xa7\xe7\xef\xc1\xfa\x34"
	"\x7d\x07\xd6\xd9\xc5\xf9\xe8\xda\x10\xe7\xd3\xc9\x69\x70\x21\x20"
	"\x14\x8b\xcb\xa3\xd7\x9f\x1b\x40\x38\x1a\x4c\x80\x82\x29\xc2\x46"
	"\xbc\x3b\xad\x3a\x67\x94\x83\xa9\xb5\xad\xde\xcc\x4d\x4e\x74\x61"
	"\xd8\x4c\xce\xfd\x80\xb9\x6d\xf6\xf2\xf6\x03\x14\xbc\xb9\x9b\x0b"
	"\xa6\xae\xa3\x58\x49\x91\x82\xff\x43\x8d\x61\x10\x11\x34\xa0\xca"
	"\x98\xc0\x0c\xa2\x3f\x8a\xd7\x39\x83\xec\x7e\xb5\x79\xd9\xdd\xe3"
	"\x2d\xef\x44\xfd\xfe\xb5\xb5\xfd\x4e\xf4\xca\x74\x18\x04\x1e\x36"
	"\x06\x62\x8e\xbf\x4e\x20\x4a\x28\x7b\x9c\xe0\xfc\x84\xad\x0f\x60"
	"\x70\x99\x1d\x1a\xa3\x00\x05\x71\x08\x47\x11\xc1\x0e\xe0\x14\x24"
	"\x09\x63\xec\x6f\xd2\x52\x2e\x7b\x0c\x67\xdb\x64\xda\xa4\x4c\x2e"
	"\xe3\x8e\x62\x01\xf1\xf5\xba\x91\xf5\x6c\x9c\x06\xc9\xc1\xec\x31"
	"\xd9\xac\x2f\xa6\x07\xa8\xad\x61\x3c\xcc\x10\x1c\x98\x37\x4f\x8b"
	"\x03\x03\xc9\xf9\x21\xc6\x40\x74\x24\x0e\xee\x93\xac\x0f\xed\xf5"
	"\x92\x40\xb4\x3e\xca\x61\x9a\xb1\x30\x7f\xf1\xf2\x6c\x7a\x71\x60"
	"\x7c\x4b\xdc\xa3\x33\x18\x79\x37\xc6\xa5\x33\x27\x8c\x4f\xe4\xed"
	"\xcf\x2d\x5e\x79\xda\x41\x15\xe3\x26\x55\x53\x72\x5e\xd9\xd7\xb9"
	"\x6d\x02\x87\x4a\x75\xf9\xe8\xb7\xa6\xe0\x09\x23\x0d\x43\xfc\x24"
	"\xfb\x1a\xca\xf7\x74\x1d\x46\x6e\x18\x23\x3d\x91\xac\x91\x5e\xed"
	"\xbc\x97\x47\xb7\xdf\xff\xb9\x4f\xe4\x10\x59\x9e\x58\xe9\x88\x92"
	"\x95\x9a\x61\xb2\x62\xa5\x36\x23\xb6\x82\x32\x1e\x89\xa9\x3d\x00"
	"\xc7\x5c\x81\x6f\x91\x34\xa2\xb8\xb2\xf3\x17\x60\xf8\x4c\x67\xd0"
	"\x00\xfc\xaa\xb4\x7d\x47\x53\xa4\x10\x01\xea\x4d\x88\xc0\xfa\x3c"
	"\xac\xd1\x3d\x0f\x9b\x1d\x06\xc1\xb0\xc6\x87\xed\x6d\x5b\x6a\xd2"
	"\x1f\x6b\x24\x72\x96\x14\xe0\xff\x0a\x1e\xbe\x5b\x35\x28\x54\xe4"
	"\xac\x8c\xc3\xe9\xfa\xba\xe4\xf2\x73\x1c\x21\x27\xd7\x60\x35\x13"
	"\x52\xd1\x38\xce\x82\x49\x16\x87\x16\x34\x65\x44\xd1\x65\xcc\x15"
	"\xf9\x0a\x42\xe9\x68\x4f\xdd\x49\x16\x17\x5f\xbe\x4c\x47\x46\xd5"
	"\x08\x17\xa3\x08\x0b\x52\x40\xac\x2c\x62\x13\xcb\xb4\x98\x4e\x8f"
	"\xfd\x8d\x87\xc6\xb3\xe3\x01\x3d\xc0\xe4\x65\xb2\x60\x55\x7c\x3e"
	"\x49\x21\x98\xcc\x47\xb8\x04\xee\x3a\x04\xea\xeb\x93\xe3\x38\x0a"
	"\xda\x35\x32\x32\x42\x25\xd2\x91\xce\x8b\xba\x4c\x23\xd6\x4e\x23"
	"\xac\xe8\x7a\x60\xc0\x5d\x8c\x35\xfa\x7c\x71\xf0\xcd\x75\xf9\xb5"
	"\xa8\x06\x56\x72\xf6\x86\x57\x9f\xbf\x7e\x3d\xbf\xec\x2c\x0b\x99"
	"\x58\x01\x2d\x66\x93\xcc\xb5\xaf\x0c\x36\x76\xbe\xa6\x0b\x1c\xdc"
	"\xe4\x62\xe3\xac\x8e\x55\x50\x21\xb4\x90\x6c\xd0\xe0\xde\x52\xf7"
	"\x09\xed\x84\x8d\x24\x77\x10\x0a\xf1\x34\xa6\x8d\x1a\x5a\xea\x18"
	"\xd7\xaf\x87\x70\x70\xa5\xaa\x67\x51\x20\xe3\xab\x28\xac\x12\x2c"
	"\x0e\x23\x92\xc5\x92\x73\x20\xde\xee\x4a\xbb\x00\xdd\x28\x8f\x84"
	"\x4d\x7e\x3e\xbf\xee\x26\xb7\xcf\x4f\xbb\x97\xe7\x07\x50\xf0\x93"
	"\xbb\x97\xfb\xbf\x8d\x9e\x77\x26\xc1\x3a\x8e\x8e\xff\x31\x4a\xe8"
	"\x88\x9a\xd1\x63\xc4\x14\x00\xf6\x45\x3d\x0a\xbb\x16\xce\x14\xb5"
	"\x05\x49\x48\xaf\x2f\x56\x6d\x2e\x30\xdb\x6e\x76\x6f\x2f\xda\xf9"
	"\xd2\xcd\x60\x4b\x27\xdb\x97\x97\xcd\x6e\x33\xf9\xd7\xf3\xcb\x3f"
	"\x36\x2f\xcf\x6f\x4f\x77\xaf\x93\xbf\xef\x37\x93\xdd\xcf\xed\x64"
	"\xf3\xb0\x83\x7e\x9b\x1d\xac\xf5\x75\xf2\xfd\x65\xf3\xb8\x45\x2c"
	"\xaf\x4a\xaf\xa1\x02\xce\x62\x5d\x34\x17\xa7\xd3\xb3\x93\x2f\x7e"
	"\x9d\x53\x0f\xfd\x3c\x0a\x3d\x3f\x9e\xc6\xa1\x27\x5f\xce\x3f\x9f"
	"\x46\xa1\x67\xa7\xc7\x9f\x3f\x45\xa1\xe7\x9f\x3e\x8f\xcc\x7b\x7e"
	"\x76\x1e\x87\x9e\x1c\x9f\x9e\x7f\x3e\xb9\xb0\xe2\x49\xb2\x62\xd0"
	"\xde\xc1\x4f\x4f\xcf\xec\x89\x7d\xe8\xd9\xc9\xa7\xf3\x38\xf4\xf3"
	"\xf9\xa7\xa9\x3f\xf1\xf9\x52\xe7\x76\xa4\xab\x32\x11\x72\x32\x6d"
	"\x41\x11\x8d\xa2\x4b\xca\x12\x02\xd6\x1a\x5d\x39\x3c\x63\x23\x88"
	"\xec\xbd\x88\xd3\xf3\xc0\xac\x0e\xc6\x8a\x98\x0a\xc7\xb3\x2f\x43"
	"\x9a\x3b\xd8\xf9\xc5\xa1\xee\x97\x67\x5f\x2c\x0f\xac\xaa\xa1\x11"
	"\xfc\xb8\x12\x6c\x5d\x19\xbd\xf2\x2b\x92\x61\x5d\x83\x2c\x42\x57"
	"\xd0\xa5\xd0\x57\xa5\x97\x17\x7e\xe9\x9e\xb9\x34\x77\x4c\xb8\x51"
	"\x4f\x6d\x95\x54\x8b\x77\x08\x47\xc0\x5f\x2b\x3f\xaf\x06\x93\xce"
	"\x2b\xc6\x2f\x51\x86\x7a\x32\xd1\x3e\x37\x2a\x9f\x35\x34\x3f\x6d"
	"\xab\x7b\xc2\x46\xa6\xab\x74\x88\xa6\xbb\x3a\x84\x15\xcf\xeb\x12"
	"\xe2\x92\xd0\x2d\x5d\x8b\x63\x67\xb3\x4d\x27\x9d\x88\xb2\x52\x14"
	"\x37\x20\xea\xc7\x5e\xf1\xcc\xe9\xa7\xb0\x71\x05\xd0\xd9\x71\x14"
	"\x04\xe3\x1c\x87\x32\xd3\x37\xc0\x88\x63\xef\x82\x56\x60\xf5\x4b"
	"\xcc\x57\x6c\xaf\x1d\x40\xf8\xba\x4b\x0d\x3f\xe5\xb2\xe0\x18\x26"
	"\x9b\x6d\xc0\x12\xc8\xdc\x1f\x4a\x47\xac\x00\x6f\x77\x2c\x0a\x6e"
	"\xbd\x5d\x1f\x4e\x73\x9a\xa8\x6e\x9b\xbd\x09\xfa\xb4\x56\x95\x95"
	"\x58\xc0\xcb\xec\xab\x9a\xab\xf0\x45\x8d\x11\x79\x41\xf1\x5a\x75"
	"\x46\x72\x0c\x75\xd1\x75\x4d\x14\xf8\xbf\x57\x8e\x39\xed\x7b\xeb"
	"\x9c\x32\x4e\x1e\x16\x02\x0b\x11\xcb\xd4\x54\x53\x15\xb5\x61\x5d"
	"\x26\xc3\x97\x7e\x3d\x87\x31\x93\x08\xa2\x98\xc9\x50\x46\x58\xa7"
	"\x19\xab\x22\xc5\x14\x87\xa0\x01\xee\x1b\x15\x62\x3c\x7f\xf7\x56"
	"\x74\x8c\x6f\x3d\xd3\x0b\x52\xd6\x24\x04\xf1\xf3\x9a\x66\x9c\x4a"
	"\x57\xe1\xa9\xd0\x48\x74\x8d\x27\x90\x86\x40\x2b\xf8\x0f\x73\x8a"
	"\xbe\x00\x0c\x30\x86\x93\x7a\x99\x96\x92\xeb\x02\x17\x87\xbe\x96"
	"\x34\x86\xe1\xb6\x1f\x6b\xea\x61\xda\x1e\xa6\x52\xb5\x8c\x6d\xa2"
	"\xab\x6c\x42\xbb\x56\xe5\x0c\x76\x56\x99\xa8\x13\x35\xd9\xb9\x93"
	"\xe0\x4c\xdc\x2b\xab\x40\x39\xe3\x48\xad\x7c\x57\x5a\xdd\x60\x9d"
	"\xf8\xe5\xbe\x96\x7d\x06\x1a\x22\x71\x8a\x0b\x96\xb2\x18\x89\x14"
	"\x35\x9b\x0b\x56\xea\x59\x2e\xcf\x8f\xbf\x4c\xed\xea\xa7\x61\x6a"
	"\x3b\x1c\x7b\xe7\x14\x0e\x05\x0a\x56\x10\x9c\x09\x0e\x82\x7e\x45"
	"\x42\x11\x6b\xe2\x96\x0d\xc0\xcf\x68\x51\xe4\x1e\x66\x4b\x3e\x36"
	"\x02\x85\x44\x5e\x5a\x35\x46\x37\x15\xe7\xe1\x84\xc8\xcd\xac\x0e"
	"\x39\x93\x37\x72\x7f\x05\xdb\x9f\xd1\xb6\xe0\x1a\x18\x54\xc5\xca"
	"\xfb\xba\x7e\xba\x18\x3d\x78\xb5\x4a\xf0\xd6\xe8\x06\xce\x41\x2d"
	"\xe6\x78\xcf\x90\x11\x7d\x55\xd2\x57\x31\x77\x19\x66\x5d\xf5\x0d"
	"\x5e\x32\x1c\x09\x5b\xac\x3b\x7d\xa3\x6b\x14\x74\x92\x5a\xd0\x24"
	"\x27\xcc\x12\xe7\x25\xb2\x36\x35\x17\x1a\x59\x86\x95\x1c\x70\x7c"
	"\xb1\xb6\xda\x2e\x89\x36\xf7\x71\xb0\x81\xfb\x4b\x91\x00\xb9\x3a"
	"\x09\x08\x21\x92\x7b\xd1\x63\x12\xcd\x66\x9d\xb0\x95\x85\x96\x3a"
	"\x14\x3f\xb7\xb4\x09\x6f\xf0\x06\xb4\xb5\x97\x4b\x36\x5f\xd7\xc1"
	"\xf2\x47\x33\x09\x56\x7a\xe1\xc8\x5c\x40\x10\x67\xbd\xd0\xa8\x4b"
	"\x64\x64\x5b\x36\x4f\x14\x58\xe1\x63\xb7\xe6\x97\x96\xcd\x0c\xa4"
	"\x15\xf5\xba\x80\x50\xdb\x5d\x00\xe8\xef\xd5\x85\x55\x31\x63\x91"
	"\x77\x05\x3a\xa6\xa8\x73\xef\xd8\x25\xd5\xc9\xa7\xa6\xbd\xe4\x0f"
	"\xc1\x41\x61\x83\x93\x13\x82\x18\x53\x21\xaf\x1a\xa5\x66\xe2\x18"
	"\x18\xbe\xbf\xb6\x00\xc8\xdf\x17\x1f\x4e\x26\x9b\x97\xdb\x9f\xf7"
	"\xbb\xed\x2d\xf8\xf3\x9b\x87\xc9\xf7\xde\xb1\xf7\x9c\x30\x30\x46"
	"\x24\x4b\x67\xc5\x88\x97\x57\x91\x72\x04\x9a\x4b\xda\x26\x6e\xc6"
	"\x7c\xcf\x9a\xf0\xa8\x93\xd7\xe5\xbc\xb5\x2d\x00\x31\x16\x73\xea"
	"\xaf\xb4\x45\xa9\x72\xdb\x5e\x0a\x8a\xb7\x99\xca\x55\xdd\xfb\x1b"
	"\x2a\x7d\x43\x12\x6a\x6f\xc7\x02\x3b\x8b\x39\xe5\xb6\xa2\xc4\x04"
	"\xd7\xcf\x40\xde\xf3\x2f\xcc\xff\x04\x38\x45\x92\x4a\x27\x0e\x51"
	"\xa8\x51\x12\x15\x4f\x78\x1e\xd4\x1f\x26\x3b\x67\x1f\x0b\x9a\xb1"
	"\x68\xed\x63\x3b\x7a\x85\x77\x53\x98\xdd\x53\xb3\x86\x15\xce\xed"
	"\x1e\x2b\xe0\xfc\xde\x20\xc4\xa9\xef\x86\x56\x68\x7a\xef\xb8\xad"
	"\x54\xeb\xa1\x1b\xf3\x98\x80\x3d\x6e\x7e\x6c\x3f\xfc\xf8\xdf\xbf"
	"\xee\x76\xdf\x8e\xde\x47\x94\xa9\x6e\x73\xd6\x66\x77\x48\x55\x03"
	"\xae\xae\xf0\x8a\xc2\x34\x2f\xeb\x57\x08\x88\x7f\x6d\x6e\xb7\x93"
	"\x6f\xf7\x4f\x9b\x97\xdf\x13\x5d\x75\xb2\xb3\x72\xa1\x33\xb0\x83"
	"\x05\x1e\xba\x6c\x70\x43\xe7\x80\xac\xaa\x10\xcc\x4c\xe3\x8d\x79"
	"\x67\x66\xf0\x8e\x72\x41\x09\x9c\xea\x90\x7b\xd3\x8e\x22\x13\xc1"
	"\xb4\xd7\xeb\x5a\x63\xc2\xeb\x48\xd1\xb3\xe9\x56\x30\x19\x2a\x6b"
	"\x41\x22\xdc\xdb\xfc\x7d\xe2\x77\xff\x0c\xe7\x5a\x7a\xd9\xe0\xea"
	"\xf9\x5f\xdb\x97\xc9\xe3\xe6\x09\x36\xe0\x71\xfb\x64\x4b\xdd\x3e"
	"\xd3\xad\x2f\x2b\x2d\x65\x60\x1a\x42\x25\xa4\x1d\x48\x2e\x59\x05"
	"\x3e\x5c\x19\x22\xf3\x8a\x2c\x69\xeb\xb2\xf4\xcb\x66\x33\x10\x0a"
	"\x12\xc9\x62\x57\x45\x23\x73\x4a\xad\x85\x75\x2d\xee\x43\x27\x68"
	"\xc5\x74\xcd\x10\xb7\x9b\x52\x86\x5b\xdb\x87\x36\xc7\x96\x29\xb4"
	"\xa1\xf3\x24\x48\x93\x63\x3a\x8b\xa8\x11\x07\x10\xaf\x5c\x72\x9c"
	"\x22\x0f\xf8\xbd\xbf\x73\xdd\x27\xcb\xf6\x03\x5f\x7d\x6d\x2a\x7e"
	"\x85\x4a\x79\x5f\x2c\xd3\x4a\x58\x78\x2a\x6f\xa8\x00\xdf\x7c\x0c"
	"\x6e\xcb\x38\x96\x1e\x15\xbe\x0f\xdd\xef\x0d\xbe\xdc\x91\x2c\x10"
	"\xa1\xb4\xdb\x6e\x81\xbb\x27\x06\xad\x80\x15\x7b\x01\xeb\x32\x3a"
	"\x08\x63\x77\x0f\xdb\x5e\xd0\x70\xf6\xf6\x9d\x83\xd7\x62\x6a\x07"
	"\x2b\x7c\x60\x22\xd8\xca\x79\xc0\xb7\x47\x99\xf3\x15\x68\xec\x34"
	"\xb5\x93\xeb\x0e\xb0\xa0\x65\x6d\xd9\xa6\x3d\x01\x93\x74\x98\x22"
	"\x03\x38\x76\x66\xe9\x58\x6a\x17\x1f\xe0\xc9\x7e\x0e\x08\x55\x81"
	"\xc2\x74\xa0\x6e\x70\x9e\xec\x65\xfb\xcf\xb7\xed\xd3\xed\xef\xc9"
	"\xeb\xed\xa6\xbd\xb8\xb7\x68\x84\x93\xf4\xd5\xa5\x1a\x5b\x34\xd5"
	"\x7e\xa5\xff\x1e\x88\x0e\x98\xa3\x82\x6c\x00\x08\x89\x22\x2c\x97"
	"\xe1\x2a\x6d\x83\x87\xa5\x1e\x32\x30\x70\xa7\xc1\x70\x76\xab\xe8"
	"\x34\x38\x97\x83\x8b\x72\x2a\x41\x7f\x85\x3d\xe6\x50\x17\x0c\x19"
	"\x75\x81\xf2\xfb\xbb\x70\xb0\x02\x40\x4f\xfa\xfe\x1e\x58\x7f\x4f"
	"\xc5\x4a\xbf\x00\x7d\x7f\x2f\xfd\x50\x14\x03\x96\xff\x4f\x27\x9d"
	"\x2e\xa8\x15\xcb\xc7\xf8\x3e\xe4\x6b\x10\xa3\xe3\x66\x04\xbe\x67"
	"\x5d\x04\xde\xf1\x29\x02\xb6\x96\x17\x15\xbc\x9e\x6d\x2e\x8a\x7e"
	"\xfc\x11\x14\x87\x28\x0f\xf6\x07\xe1\xbb\x7f\x10\x42\x09\x6a\x40"
	"\x34\xac\x55\x31\x3f\x4e\xa7\xdd\x20\xd6\x54\x78\xee\x0c\x76\x14"
	"\x75\xc9\xc4\xf2\x8a\xf3\x74\x1c\x11\x5d\xaa\xa4\xaa\x92\x10\x96"
	"\xbf\x4c\x27\x0b\x5f\x3a\x0f\x1b\x8c\x93\x00\x6d\xe0\x78\x2d\x41"
	"\xe5\x48\xd9\x66\x49\xad\xba\x79\xf0\xda\x84\x29\x72\xec\x6f\x39"
	"\x4d\x82\x53\x83\xe5\x72\x86\x71\xc9\xbc\x19\xc4\x97\x9a\x47\xe5"
	"\x76\x87\xb9\x6d\x64\xdd\xc0\x54\x83\x3c\x2c\xa9\xb3\x35\xa6\x05"
	"\xc6\x27\x21\xdb\x84\x97\xea\x4e\x75\x30\x5e\xda\x47\x70\xd7\x99"
	"\xb0\x56\x8d\xbf\xf4\x5b\x6c\xaf\xc9\xaf\xef\xd6\x8d\xb2\x9e\x61"
	"\x65\x24\x4b\xc2\xb5\x1b\x1a\xc7\xe4\x02\x68\x64\x62\xad\xd4\x98"
	"\x54\xe0\xda\x7b\x13\xb2\xaa\x0d\xb7\x2c\x06\x83\x9b\xe3\xbc\x95"
	"\x33\x4d\x23\x53\x30\x67\x13\xc1\x75\xd1\xf6\xc6\x7d\x12\x08\xad"
	"\x5d\xd5\x47\x23\xc0\x41\x73\xd7\xc9\xb0\x9c\x70\x06\xa1\x26\xa3"
	"\x9a\xd6\x90\xe6\xed\xc6\x45\x3b\xa6\x63\x05\xe9\x8d\xa0\x87\x6d"
	"\x71\x48\xf0\xe9\xc9\x1e\x09\x8c\xe0\x8c\xdb\x51\x05\x40\xaa\xb2"
	"\xf2\x7f\x37\xe9\x22\xa9\xbc\x59\xb0\x19\xf3\x3d\xe1\x5b\xcd\x16"
	"\x41\x10\x11\x86\x6b\x01\xae\xd8\x18\x70\x8e\xbe\x30\x84\x8a\xeb"
	"\xc8\xbb\x11\x98\x42\xd5\x65\x49\x73\x8f\xb0\x42\x2f\x2d\xf2\x04"
	"\xa4\x84\xb3\xc5\x97\x8c\xca\xe8\xa0\x2b\xc5\x5c\x31\xa8\xd3\xd0"
	"\x44\x08\xc9\x78\x1d\xa5\x1f\x60\x3d\x85\x32\x22\x2c\x0d\x59\xd8"
	"\x4f\x49\xa0\x81\xca\xca\x6b\xf1\x25\x53\x37\x6a\x99\xdd\x13\x65"
	"\x43\x82\x8d\xe6\x68\xe0\xab\x79\x93\x9a\x72\x5e\x97\xfb\x18\xe3"
	"\x03\xcc\xa8\xab\x19\x34\x38\x0f\xbe\xa4\xd3\x20\x54\x03\x3e\x89"
	"\x49\x15\x6a\x46\x3e\x07\x9a\xb1\x09\xe4\x00\xeb\x55\x9d\xe3\x88"
	"\xa3\xc0\x9f\xf3\xfd\x71\x0a\xbd\xc1\xec\x70\x92\x7a\x66\x5f\x10"
	"\x77\xc6\xb6\x83\x5f\x1e\xdd\xbe\x7d\xbb\xbf\x3d\x72\x47\x2f\xd2"
	"\x4f\x92\x05\x5f\x19\x57\xab\xa9\x7d\x44\x56\xd3\xf6\x28\x63\x12"
	"\x25\x0b\x41\x74\x46\xd4\x03\x98\x87\x36\xa8\x8c\x9a\x94\xa4\xee"
	"\xaa\xa7\x03\xc9\x98\x0e\x45\x63\x3a\x94\x0d\x1c\xb7\x60\xd5\xd4"
	"\x3d\x12\xd0\xc8\x72\x12\xd9\xa1\x69\x5c\x98\xa6\x91\xd6\x83\xe2"
	"\x34\x3d\x20\x4f\xd3\x03\x02\x65\xc3\x35\xff\xda\x47\x49\xb1\xc8"
	"\x4e\x2f\xd1\x39\xb8\xba\x45\x32\x35\x60\x04\xb4\x35\x53\x91\xc6"
	"\x06\x29\xc1\x84\x26\x3a\x75\xad\xae\x2b\xea\x8d\x17\x52\x37\xd0"
	"\x3c\x0f\xbe\x9a\x33\x7b\x31\x50\xd4\x0e\x2d\xf5\x0c\x8b\x1e\xe5"
	"\x60\xc4\xa1\x0a\xeb\x35\x8b\x57\x4b\x0f\xbe\x99\xe0\x2c\xc5\x3c"
	"\x0e\x29\xf1\x0f\x40\x71\xbf\x2e\xd1\x36\x60\x4a\xb1\x20\x62\xe9"
	"\x2b\xb1\x4a\xc1\x19\xc8\x09\x44\x5c\xd9\x75\x4c\x9b\xe9\xfe\xd5"
	"\xe2\xda\x38\xfb\x8a\x14\x55\x38\x0f\x0a\xa8\xfb\x6a\x78\xbb\xbf"
	"\x69\x8c\xc6\xb6\x3d\x86\x55\x10\xd9\xe5\x2a\x04\x4b\xe7\xd4\x1a"
	"\xf9\xb1\xf5\x02\x9f\x5f\xb6\xe8\xc4\x7c\xbf\xc7\x3b\xfb\xd8\x67"
	"\x75\xfa\x91\x7b\x6f\x69\x00\x6a\xdd\xac\x30\xcd\x9d\x0f\x16\x79"
	"\xe5\x3d\x44\xd4\x9f\xa3\x18\x99\x06\x5f\xe7\x5a\x60\x7c\x15\x56"
	"\x96\x3a\xb7\xec\xb4\xea\x37\xbc\x5e\xd0\x66\x23\x37\xed\x5e\x86"
	"\x40\xa1\x9d\xb6\xe1\x98\x29\x0e\x1a\x40\x1b\x09\x53\xd3\xf6\x85"
	"\x81\x03\x1c\xbe\x9a\x72\xc0\x28\x26\xb1\xe4\xd3\x00\x51\xcb\x53"
	"\x84\x1a\x65\xf2\x92\x4d\x9a\x24\x95\x4b\x4a\x07\x99\xdb\x97\x75"
	"\x36\x40\x26\x2a\xd2\x05\x0c\x0d\xf8\xfc\x34\xb2\x34\x82\xe1\x0e"
	"\x89\x00\x33\x7f\xcc\x3d\x64\x71\x76\x7a\x16\x01\x31\x91\x44\x20"
	"\x81\x4f\x46\x38\x70\x10\x99\x19\xe3\xfe\x4b\x5b\x77\xaf\xcb\x28"
	"\xf3\xfa\xad\xac\xa2\x64\x4b\xe2\xbe\xa8\x75\x81\xec\xe0\xd0\x2a"
	"\x1b\x72\x39\x74\x9e\x6c\xc0\xb8\x78\x0c\xce\xcb\x3c\xaf\xf1\xdd"
	"\x72\x98\x92\x92\xb8\xbc\x2b\x75\xd8\x44\x9d\x97\x84\x6d\x73\x44"
	"\x92\x7a\x50\x48\x2e\x7a\xe8\x40\x9e\x10\x14\x10\x16\x6c\xce\x02"
	"\xa8\x46\x0a\x6c\x8e\x60\x6b\x94\xc5\x08\x54\xa1\x71\xf0\x9a\x46"
	"\xd0\x44\x79\x83\x19\x03\x33\xaa\xa1\xd6\x7b\x23\xa4\x35\xe8\x7a"
	"\xb7\xf9\xf6\xb0\x7d\x9d\xdc\x3e\x3f\x7e\xbb\x7f\xda\xde\x4d\xda"
	"\xef\x17\x85\xb4\xe7\x5a\xf9\xfa\xc6\x06\xa1\x38\xb4\x60\x67\xe4"
	"\xdd\xe6\xe5\xc7\x76\xe7\xc4\xe4\x4e\x3f\x85\x37\x23\xca\x7c\x23"
	"\xe7\x80\x30\xf4\xd8\xfa\xc9\xba\xac\x8b\x03\x4b\xdd\xa3\xb7\xa6"
	"\x2d\x42\x7a\x87\xd5\xaf\xe0\x00\x56\xaf\x5b\xc7\x10\x55\xd8\x98"
	"\xf4\x18\xa9\x4c\xaa\x77\x2f\x79\x91\xbf\x1f\x15\x89\x7b\x27\x6b"
	"\x30\xdd\xa8\x5f\x10\x8f\x2f\x46\x7f\x1a\xc8\x42\x1d\x9d\x3f\x0f"
	"\xfa\xe1\x41\x4c\xc7\x0c\x06\x10\x46\xd8\xec\x9e\xfa\x40\xdf\x12"
	"\x9f\x83\x57\x07\x70\xb2\x83\x24\x94\x59\xd4\x9a\x5b\x48\xbc\xb3"
	"\xde\xa3\x9c\xc1\x9c\x41\xf8\xb3\x5a\x41\xec\xfe\x94\x8f\x60\x29"
	"\x7a\x80\x36\x7c\xd9\xba\x3e\x20\xfb\xde\x5b\xfc\x10\xca\xbb\x84"
	"\x1e\x42\xa6\xc2\x4d\x47\x45\xb0\xc0\x99\x87\x68\x8e\x0d\x6b\x81"
	"\x3b\xbd\xf1\xb8\xd9\xdd\xfe\xdc\xc6\xf5\x46\x41\x14\x7e\x72\x2b"
	"\x4d\x05\x3a\xe9\x87\xcf\x86\xc1\x9f\x55\xd9\x7b\x51\x87\x1f\xdf"
	"\x18\xc5\xce\xeb\x48\xa5\x78\x08\x19\x7c\x3a\x53\xd7\x33\x3a\x24"
	"\x68\x9a\xd9\xb5\x8a\x54\x3f\x46\x3a\x0c\x9e\xb3\x1c\x40\xd7\xb7"
	"\x55\xbf\x0f\x60\x8d\xec\x7b\x8f\x34\x7e\x00\x5a\xbc\xaa\x7e\xef"
	"\x62\xd0\x46\xbf\x1b\x97\xae\x62\x5f\x4a\x09\x61\xcb\xa4\x1a\x5d"
	"\x0d\x4d\xca\x71\xb8\x1c\xef\x8f\xaf\xe0\x0e\x33\xd6\xff\xae\x61"
	"\x08\x25\x3f\xc0\x4f\x13\xfb\xbf\x6f\xd9\xac\x82\xe0\x70\x4e\x0f"
	"\x8c\x98\x9f\xaa\x77\x8e\xe7\x7f\x27\x32\x84\x72\x90\x09\x05\x49"
	"\x0e\xc0\x0f\x48\x9e\x09\xae\x4d\xf2\x61\x6c\x5d\x65\xe6\x07\x6f"
	"\x63\xd8\x5c\xbe\x5b\x4d\xe8\x37\x38\xef\xe3\x98\xc9\x5b\x1f\x20"
	"\x14\xab\xd6\x40\x9e\xdf\x39\xe2\x52\xb9\x29\x8a\x00\xce\x57\x45"
	"\xe6\xb5\x5d\xa9\x19\xc2\xa9\xb9\x22\x87\x31\x4e\x0f\xd0\x6e\x90"
	"\xd0\xaa\xbf\x97\x7b\x01\x83\x38\x8a\x4e\xff\x8f\xb2\xab\x6d\x72"
	"\xd4\x56\xd6\x7f\xc5\x1f\x93\xaa\x73\xeb\x1a\xfc\x32\xf8\x54\xe5"
	"\x83\x00\x61\xb4\x46\x80\x11\xb6\xf1\x7e\xa1\xe6\xee\x4e\x4e\xa6"
	"\xee\x66\x27\x35\x33\x9b\x9c\x9c\x5f\x7f\xd5\x02\x6c\x09\xd4\x62"
	"\x6e\xaa\x36\xbb\xee\x7e\x10\x42\x48\x4d\xab\xd5\x2f\x24\xe3\x1f"
	"\x07\x47\x52\xc8\x7e\x14\x0d\xaa\xfd\xc7\x06\x5d\x14\xfd\xc9\x88"
	"\x03\x32\x4e\xaf\x6a\x45\x28\xbb\xdf\x0c\xaa\x1a\xa5\xb2\xb3\x80"
	"\xba\x6f\xee\xc7\xfa\x0e\xfa\x9b\xf3\x8e\xa7\x95\x3f\x32\xa5\x0b"
	"\x5a\x63\xd6\xfd\xb3\x98\xa6\xb3\x2c\xff\xf9\x01\x8b\x4c\x02\xd6"
	"\x57\x38\x97\x62\xe5\x79\x8d\xed\x98\x71\x96\x4a\x06\x36\x76\x48"
	"\x81\x46\x4f\xe5\x70\x99\xbe\x2d\x02\x33\xca\xe8\x0c\xc2\x64\x4e"
	"\x6e\x55\xd1\x4f\xe0\xce\x3b\xa1\xab\x3d\x9c\x8d\xc8\x89\x90\x5a"
	"\x62\x45\x62\x6a\xe7\xdb\xed\x14\x8a\x53\x5a\xf6\x77\xa6\x21\x41"
	"\x8e\xb4\xa4\xb3\x72\x6a\x3f\x04\x7a\xaf\x08\xa5\x76\xba\xf1\x2d"
	"\xd3\x19\x55\x39\xce\x59\xa1\x73\x6b\x3d\xc5\x53\xc7\xb0\xc3\x6f"
	"\xaa\xea\xa7\xd1\x76\xd4\x60\x8b\x6b\xae\x94\x50\xfb\x31\xd4\x78"
	"\x0b\x6f\x5c\x7a\x1f\x59\x04\x30\x56\xf3\x47\xfd\x1a\xab\xd0\xc3"
	"\x53\xe6\x7b\x33\x0b\xa6\x71\x59\xaf\xcd\x31\xf4\x5c\xeb\x0e\x95"
	"\x03\x3c\x0f\x92\xc3\x89\x3e\x7a\x45\x2e\xe3\xde\x49\x55\xfb\x04"
	"\xe1\xe9\x63\xba\x9c\xc4\xf6\x39\x40\xb0\xb7\x29\x19\xf7\x67\xed"
	"\x17\xe8\x9f\xdb\xff\xef\x12\xdd\xe2\x4b\x74\x6b\x5b\x80\x5b\x64"
	"\x31\x6d\x27\xd6\xcd\x9e\x38\xb6\x88\x00\xd9\x3a\x60\xdb\xd1\x4a"
	"\xd0\x86\xdb\x60\xb5\x9e\x1f\x20\xaf\x65\xab\x2f\x9a\x79\x0c\x3d"
	"\xb1\xed\x7a\x1e\x06\x43\x35\x8f\x82\x5d\xcf\x3c\x0a\xd9\xea\x1b"
	"\x18\x18\xa1\xce\x27\x70\x1e\xcb\x53\x7c\x2c\x27\xc2\xc0\xde\x44"
	"\x55\xbb\x6e\x63\x35\x51\x98\x90\xe9\xf4\xdc\xce\x88\x8f\xed\x47"
	"\xe5\xc7\xd6\x58\xd0\x26\xb9\x5b\x5c\xe3\x56\x87\xf5\xe5\x7a\xa6"
	"\xdc\xea\x93\x3e\x9c\x44\x24\x2d\x0d\xc7\x4b\xb1\xe7\x49\x06\xd8"
	"\x74\x4f\xb5\x21\x5e\x34\x66\xdd\x0f\x86\xdd\x2d\x53\xc7\x8d\xfa"
	"\x60\x03\x05\x4b\xbf\x5d\xcd\x81\x08\x2f\x10\x1f\x7c\x1d\x84\x9c"
	"\xd2\x6b\x10\xf6\x01\xc4\x76\x0e\xa2\x36\x05\x73\xa0\xb1\x05\xcb"
	"\x86\xe9\x95\xdf\x39\x98\xa8\x67\x7b\x7d\xce\x10\x67\x70\x73\x78"
	"\x2a\x5a\x66\xd7\x39\x5c\xfc\x81\x97\x06\x4f\xd7\xce\xa2\x86\x6f"
	"\xd7\xec\x03\x7e\xe0\x8e\x98\x4a\xae\x41\x94\x29\x0c\xfb\x94\xa1"
	"\xbb\x71\x50\x10\x23\x64\x84\x2b\x24\xf9\x6b\x8d\x25\x73\x27\xb5"
	"\xcd\xa2\x0b\x5b\x52\x7d\x29\xc1\x6f\x47\xb8\x97\x62\x9f\x35\xf5"
	"\x49\x11\xf4\x1c\x9c\x8a\x40\x8d\x1a\x07\xba\x0e\xd6\x8d\xc9\x64"
	"\x5d\xb3\x3d\x97\xcf\x0a\xb9\x23\xa6\xc9\xac\x94\x8f\x82\x20\xe3"
	"\x63\x55\x49\xb2\x27\xb6\x96\xf3\x0d\x56\xae\x67\x77\x20\x8b\xa5"
	"\x4e\x41\xad\xb9\xf7\x33\xe3\xf8\x40\xfe\xf4\x91\x97\xd2\x60\xa9"
	"\x5c\x32\xfb\xb2\x6a\xfc\x8d\x3d\x07\x0a\x29\x91\xa8\xf4\xb4\xc8"
	"\x91\x8d\xc1\x36\x2b\x2e\x58\x74\x05\xa3\x94\xc2\x83\x6f\xd6\x88"
	"\xef\xcd\x90\x07\x57\xe9\x2a\xc7\x1f\x4f\x3f\x9e\x9e\xbf\xff\xeb"
	"\xbf\xfb\x24\x23\xa3\x2c\x55\x3d\xbe\x8d\xc2\x23\xde\x5a\x9b\x9a"
	"\x01\x06\x37\x72\x62\x75\x7c\x1f\xd8\x2a\xe3\xf4\xdf\x63\xaa\xb2"
	"\x36\x1c\x6d\xcd\x55\x48\x2e\xd9\x81\x2f\x92\x70\x86\x7f\x74\xf2"
	"\x6b\x7a\xcc\xdc\x80\x30\x71\xf2\xf7\x73\x3d\x8c\x05\x2a\x74\x07"
	"\x88\xfc\x9b\x72\x77\x23\x55\xe5\xe4\xf3\x23\x0c\xac\x13\x12\xa5"
	"\xc5\x81\x3a\x11\xc7\x99\xb1\x8a\x20\xe4\xc6\x89\x48\x8e\x1f\x02"
	"\x39\xd9\x69\xea\x1e\xf0\x92\x51\xc7\xfc\xb2\x38\x6e\xde\x2e\x1c"
	"\x05\x44\x76\x53\xfe\xdb\xe3\xdb\xdb\xf3\xaf\xcf\x5f\xa6\xce\x0d"
	"\x72\xb7\x32\x69\x47\x92\x20\x54\x08\x49\xc8\x30\x20\xea\x88\xe5"
	"\x31\x6d\x9c\x18\xa5\xc9\x60\xab\x15\x00\xc9\xc5\x5c\x27\x40\x1b"
	"\x59\x11\x7a\x12\x9a\x56\xbb\x67\xdb\x3c\x53\x54\x17\xc4\xb9\x74"
	"\xf7\x51\x02\xb6\xae\x2e\x66\xc5\xc5\xd6\xb0\xdb\xc4\xdf\x0d\x22"
	"\x7e\x60\x70\x6b\x1a\xb3\xff\xb5\x54\x29\xcf\xe6\xf0\xd0\x9b\xfd"
	"\x27\x3a\x68\x91\x8c\x1a\x2b\x1a\xfb\xa0\xf6\x74\x75\x18\x60\xe5"
	"\x74\xc3\x3d\xa5\x73\x3a\xb2\xea\x0d\x0c\x48\xf0\x38\x7d\x6b\x64"
	"\x72\x64\x09\xa4\xce\x6c\x89\xcd\x65\x00\xec\x47\x17\xee\x49\xe7"
	"\x66\x11\x3a\xae\xe1\xac\xaa\xcc\x9c\x67\x03\x47\x6e\xe1\xd0\x11"
	"\x07\x3e\xa6\xed\xdc\xba\x4b\x1d\x27\xc9\x0a\x21\x18\x66\x33\xef"
	"\xd8\x87\x90\xc6\xcc\x3a\x14\xd1\xe8\xcc\x79\x02\x40\x35\xc9\x01"
	"\xe0\x9a\x4f\xea\x0e\xfd\x71\x8b\x73\xd2\xb1\x3c\x76\x88\x96\x84"
	"\x29\x37\xc3\xbb\x3a\x11\xd9\x3f\x3d\x71\xae\xe2\xe7\x0b\xa8\xd7"
	"\x63\x57\x0e\xa5\x3e\x46\x54\x82\x3a\x7b\x7a\xb9\x92\xe6\x67\x71"
	"\x61\x72\x42\xd9\xb5\x9c\xce\x50\x8a\x1e\x5f\x29\xc7\x8e\xb1\x87"
	"\xf8\x3d\x40\xbc\xcc\x90\x8c\x2f\xc2\xf1\x89\x51\xbd\x19\x99\xcf"
	"\x0d\x44\xb6\x02\x8b\x52\xe7\x88\x66\x33\xb2\x57\x5c\x29\x6e\x44"
	"\x5f\x38\x77\x5a\x9b\x44\x56\x72\x9f\xb7\xe1\xa0\xa7\xb7\xd4\xcb"
	"\x27\x54\x89\xaa\x2c\xa2\xfb\xec\x35\xa5\xb0\x14\x4c\x50\xce\x78"
	"\xd8\x17\x52\xc3\x74\x1e\x0d\xd8\x2c\xa8\xa0\xe4\x83\xb8\xb6\x66"
	"\xea\xf0\xf0\x98\x8d\x73\x82\x7f\x62\xc8\x59\xb4\x92\x6b\xe3\xf3"
	"\x1b\xf5\x3e\xcf\x6d\x9e\x71\xbd\x74\x4d\x1f\x44\xb0\x78\x7f\x7a"
	"\x7b\xb7\x28\x68\x72\x50\x46\x35\x5b\x4c\x15\xb9\x2a\xca\x56\x6e"
	"\x4f\x59\x5d\x54\x48\x2a\x68\x5e\x91\x18\x1b\x11\x4c\xcd\xac\x62"
	"\x9b\xab\x6b\xa8\x3d\x8c\xda\xa5\xd3\xd8\x30\x79\xc0\xa6\x2b\x81"
	"\xc3\x59\xfb\x72\x90\x57\xe4\xb4\xc4\x78\x29\x8b\x4b\xeb\x3d\xe5"
	"\x8c\x35\x6e\x6b\xda\x1d\x61\x03\x47\xb3\x04\xa9\xb6\x05\x1b\xca"
	"\x5b\xd4\x7e\x17\xce\xfb\xed\xc7\xd3\xfb\xcb\xcb\xfb\x6f\x8b\xaf"
	"\x4f\x7f\x3e\x7f\x79\xb2\x05\xbd\xc0\x3d\x23\x16\xd6\x27\x11\xa2"
	"\xbd\x05\xbe\xc0\xc6\xb5\x03\x9c\x08\x62\xf6\xe9\xaf\x8f\xb8\xbf"
	"\x5c\x35\x2e\x44\xe2\xee\xc1\x39\x8d\x18\xc6\xe6\xd5\xd9\x9a\x63"
	"\x55\x70\xe0\xaa\x90\x26\x7d\x54\x13\x88\xe2\xd4\x83\xe7\x6f\xa4"
	"\xf6\x12\xe5\xab\xdd\xce\xcc\xc8\x96\xc8\x35\x52\x95\xb6\x0d\x00"
	"\x84\x5e\x54\x27\xc3\xb0\x73\x61\x50\xc6\x4d\x58\x28\xad\xf1\x1d"
	"\xbd\x50\xe5\x07\xa5\x1b\xf9\x15\xc9\xac\xee\xa2\x48\xa2\xbc\x4e"
	"\x40\xec\xac\x05\xff\x24\x7b\xd8\x26\x69\x29\x07\xf3\x4c\x11\x54"
	"\xf6\x44\xf0\x89\x36\xab\x8c\x74\x68\x90\x69\x34\x93\x72\xb9\x6a"
	"\x2f\xa4\xca\xa5\x8e\x89\x54\x5f\x19\xf0\x90\x96\x05\xcd\x18\x31"
	"\x80\x22\x5a\xd5\xb7\x24\xf1\x6d\x91\xeb\x29\xcd\x8d\x96\xa4\x7c"
	"\xcb\x20\xf7\xb4\x5c\x0a\x23\xc7\x50\x03\x06\x99\x98\x1b\xc8\x2d"
	"\xc2\x2a\xd7\x6d\x07\xff\xfc\x52\x20\x8f\x8a\x19\x00\x6e\x10\x15"
	"\x98\x96\x93\x0c\xee\x1a\x87\x96\x4e\x47\x52\x4c\x68\x45\x22\xa7"
	"\x37\x81\x37\x63\xdf\x17\xb3\x50\x21\xb0\x6c\xa8\x13\xe6\x88\x05"
	"\xfa\x9f\xf2\x13\x50\x59\x1b\x54\x2e\x19\x2d\x64\xf8\xc2\x24\xd5"
	"\xf6\x71\x4a\x0e\x4c\x97\xe8\xdd\x6f\x23\xcc\xb6\x27\x65\x34\x36"
	"\x86\xad\x27\xb3\xbc\x44\x5c\x2e\x7b\x40\x97\x3d\x1c\x93\xc5\x3d"
	"\x08\x52\x3c\xa1\x02\x7d\x57\x22\x92\x9a\xd9\x15\x9f\x88\x96\xe0"
	"\x28\x80\xec\x8e\x13\xeb\x1e\x3d\x89\xda\xdc\xd8\x85\x67\x97\xce"
	"\x2d\xdf\x6a\x1f\x8e\xee\x31\x56\x13\x9a\xe5\xa8\x25\x16\x75\x17"
	"\x2e\x37\xb2\xf1\xf4\xdf\xcb\x11\x95\xde\xc9\x4a\x02\xc7\x9d\x50"
	"\xbe\xc7\x01\x6b\xd1\x83\x84\x87\x86\x89\x48\x25\x6b\x6c\x49\x1a"
	"\x4e\x76\x7b\xaa\xa2\xe3\xf3\x97\xbe\x99\x45\x31\x0e\xce\x3b\x75"
	"\x35\x27\xc6\x2e\x24\x06\xb9\x85\xb8\x2f\x23\xa7\x81\x94\x0e\x35"
	"\x2f\xed\x39\x92\x6a\xf0\x61\xcd\x46\x79\x49\xba\xe6\x12\x56\x71"
	"\x95\x2e\x57\xe5\x44\xd0\x52\x9b\x5c\x54\xee\x6d\x23\x03\xe9\x00"
	"\x65\x79\x9f\x9a\x41\x2f\xe9\x52\xcb\xa7\x1d\x10\x5a\x8d\x9c\x5b"
	"\x3b\x5d\x29\x81\xf1\x43\x59\xd9\x6d\x42\xb2\x2c\x1c\x39\x1c\x49"
	"\xe4\x24\xce\xf1\x96\x28\x40\x45\xbb\x9f\x2d\x89\x0d\x20\x37\xcb"
	"\x05\xe1\x8d\xa8\xa3\xf2\x20\x5d\x00\x39\x62\xc2\x53\x00\x7a\xae"
	"\x10\xf7\x2d\x48\x4a\x95\x5e\xe5\x93\x9c\x99\x40\x56\xdb\xad\x70"
	"\x60\x79\xea\x0b\x65\xd9\xde\x9c\x8e\x82\x8c\x05\xa3\x62\x91\x52"
	"\x67\x03\x5d\x50\xcf\x2f\xb2\x37\x8e\x4b\xbb\xdf\x2d\xd3\x2b\x95"
	"\xf5\x34\xa1\x97\x94\xb8\xd1\xf8\x94\xc8\xb9\x6e\x2c\x1b\x90\x17"
	"\x43\xb7\xea\xa9\xdd\x68\x5f\x2a\xa6\xea\xdd\x62\x22\x1c\x92\xe4"
	"\xa8\x1c\x5c\x31\xd4\x2e\x4b\xcc\x83\xa9\x84\x42\x4e\x9f\x49\x51"
	"\x39\xed\xd2\x2e\x2f\x52\xbf\x1e\x7f\x7d\xfc\xf1\xad\x4b\x63\xf9"
	"\xfc\xaf\x1f\x2f\x3f\xde\x16\xbf\x3f\xfd\xfe\xf2\xfa\xf7\xe2\xf1"
	"\xf5\xe9\x71\xf1\xf6\xfc\x9f\xa7\x7f\x6a\x01\xf4\x70\x5f\x95\x4e"
	"\x45\x39\xde\xe9\x69\xf8\x07\x8e\x80\xda\xb3\x1d\x77\x94\x7a\xe9"
	"\xc6\x96\x6f\x15\x3c\x4f\xd0\x84\x4f\x46\x53\x2c\xff\x00\xc8\xfa"
	"\x35\x50\xd9\x9b\x6e\x65\x74\x83\x7b\x2a\xd5\x4e\x31\x9c\x26\x21"
	"\x88\xd8\x7a\xb9\x84\x64\x69\x68\x7c\xb3\x84\x6c\x66\x21\xf6\x0e"
	"\x0f\xb9\x61\xdb\xee\x37\x52\xf0\x46\x0a\xe9\x08\xfb\xba\xf0\xda"
	"\xb6\x9f\x89\x6b\x6d\x62\x16\x46\xa6\x94\x22\x81\x28\xe3\x1a\x51"
	"\x9d\x25\x37\xc9\xa0\x3c\x8b\xee\x1f\x2b\x89\x5d\xae\x28\x2b\x0b"
	"\xbc\x49\x0d\x3d\xef\x4e\x33\xd3\xd1\x4a\xba\x51\x40\x54\xfe\x36"
	"\xc2\x7e\xe5\x6f\x1e\xeb\x6b\x42\x12\xc6\x0d\xa8\xbc\xae\xa3\x46"
	"\x20\xdf\x5b\x75\x86\x3c\x8f\x7a\xca\x35\xc9\x00\x45\xb6\x5b\xc6"
	"\xfa\xd3\x5b\xb2\xd2\xdc\x99\x72\xf7\x2e\x3f\x70\xd7\x7e\x2b\xab"
	"\x45\x71\x57\xa0\xee\xd8\x52\x7e\xe4\x86\x8c\x53\x21\xbf\x4a\x8c"
	"\x0d\xa1\xe7\xd3\xec\xf6\xaf\x2f\xef\x2f\x5f\x5e\xbe\xe9\x61\xe3"
	"\x79\x09\xf1\xef\x93\x6c\xfd\xb6\x4c\xfd\xf9\x49\x2a\x13\x21\x72"
	"\x22\x31\x80\x20\x01\xac\x10\x72\x44\x6a\x56\xae\xfc\xc6\xb6\x10"
	"\x3e\x57\xc4\xc8\xa0\x02\xbf\x3b\x11\x03\x5f\x08\x7b\xee\x31\x80"
	"\xf4\x39\xe8\x6c\x39\xbd\xcc\x62\x00\xe5\xb1\x8d\x98\x9c\x03\x31"
	"\x71\x76\x35\x26\xd1\x6e\xbb\x74\x42\x4e\x1c\x31\xa0\x0f\x80\x48"
	"\x4a\xc7\x2e\xe4\xcb\x51\x80\x2e\x33\xf2\xaa\xeb\x54\x95\x8d\xae"
	"\x4b\x74\x19\x58\x1a\xaf\xae\x65\x5d\x64\xa3\xf4\xe7\xd3\xe7\xa8"
	"\xc2\xd8\x09\xc8\x67\xf8\xe2\x30\xc3\x6f\x02\xc7\xd3\x75\x6f\x73"
	"\x4a\xec\x9f\xeb\x2e\x93\x75\x9e\x52\xa1\x03\x6f\xe7\x6b\xd2\x26"
	"\x86\x7c\x6b\xe5\xa1\x8e\xe2\x73\x8c\x9d\x87\xa9\x35\x04\x87\x81"
	"\xce\x0e\xcf\x0d\x48\x25\x9a\xc6\x3d\x62\x67\x3e\x4d\xbf\xc0\x9f"
	"\xdf\xbe\xd8\x84\xb5\xa0\xb9\xd4\x09\x20\x95\x90\x58\x65\xe7\xa5"
	"\x8f\x74\x3e\xde\xf8\x9b\xa6\x8d\xcb\xc2\xae\xd1\x4b\x9d\x85\x5f"
	"\x41\xc2\x20\xe7\x77\x52\x23\x2a\x38\x5a\xd6\x80\x15\xd1\x1a\x39"
	"\xbc\x4d\xb8\xd2\x89\xec\x86\x97\x48\xec\x56\xbe\x58\x2f\xed\x3b"
	"\x23\xf9\xe5\xce\x0a\x71\xaa\xe0\xb3\x56\x4d\x34\x9a\xbb\xcd\x47"
	"\xea\x23\x99\x7d\x8b\xa1\x72\xc9\x46\x05\xcb\x61\xb3\x69\x1f\x97"
	"\x32\x16\x3b\xb9\xc9\x22\x88\xfd\x90\x89\xcc\xdf\x2d\x97\x2b\x07"
	"\xd3\xb7\x2f\xe2\xe1\xbd\xd4\x12\xb4\xd9\xb8\x31\x61\xea\x3d\x04"
	"\xf3\x90\x07\x37\x44\x3d\xcb\x6e\x69\x9f\x5b\x29\x8f\xb6\xab\x8d"
	"\xfd\x04\x38\x16\xde\x36\xf0\x91\x17\x08\x82\xea\x61\xe3\xd9\xd9"
	"\x21\x2f\x97\xc1\x06\xf4\x41\x17\x5b\xaa\x86\x48\xd1\xf4\xb0\x37"
	"\xc2\xb6\x89\x20\xbb\x35\x32\x04\xf0\xf1\x95\x6f\xbf\xa5\x51\xb9"
	"\x72\x29\x0c\x42\x2e\x6d\x8b\xa4\x38\x0a\x4a\xbb\x9c\xff\xc3\x50"
	"\xc4\x51\xa9\x51\xb5\x7c\xc1\xaa\x36\x91\xcd\xce\x70\x62\x71\x97"
	"\x19\xb6\xaf\xea\x3c\x34\x0d\x9f\x3d\x48\x8a\x66\xe4\x32\xd1\xb1"
	"\x8e\x9c\xef\xfd\x07\xa5\xab\xbf\x0a\xae\xb6\x76\x2d\xc8\x1f\x7f"
	"\x80\xd5\xe2\xa7\x54\xf6\x96\x6b\x79\xf0\xef\xab\x46\x71\xa4\xb4"
	"\x42\xaa\xfc\xdc\xf9\x1b\x17\x3f\xa3\x7b\x82\xa4\x4d\xe9\x11\x52"
	"\xcf\xdc\x06\x0f\xce\x46\x76\xab\xa8\xd9\xba\x01\x4d\xb3\xb6\x23"
	"\xa2\xf0\xc1\x5b\x4e\x64\x47\x57\xff\xfc\xe9\xdf\x8f\x6f\x0b\xf6"
	"\xfd\xed\xfd\xf5\xc7\xef\xaa\x5c\xe3\xdb\x6f\x52\x41\xff\xba\x78"
	"\x7f\x7d\xfc\xfe\x06\x03\xb2\xf8\xf6\xfc\xfd\x69\xf1\x55\x8a\xcc"
	"\xe7\x3f\xe0\x9f\x66\x41\xf1\x16\xf1\x21\xd7\x45\xe9\x78\x4e\x77"
	"\xd9\xbb\xc0\x09\xf2\x71\x91\x94\x7b\xb2\xf8\xf5\xf9\xf5\xf7\xbf"
	"\xe4\x5d\x17\x5f\x5f\xfe\xfa\xfe\xed\xe5\x71\x88\x86\x34\x14\x69"
	"\xf0\xdc\x22\xf0\x8a\x4b\xcc\x3c\x79\x8c\x45\xb9\x3d\xfb\xea\x84"
	"\x59\xcf\x31\x03\x3c\xa8\x07\x43\x84\xfc\x8e\xdd\x7c\x1c\xd8\xf7"
	"\xf7\xa7\x6f\x0b\xce\x22\xa5\xba\x77\x1b\xfe\x21\xaf\x99\x88\x58"
	"\x62\x21\xdf\x2f\x49\x21\x43\x3f\xc6\x8c\x1e\x5f\xbf\xda\x1a\x44"
	"\xf1\x2f\x7f\xbc\xbe\xc8\x4f\xd1\xdb\xcb\xeb\x42\xbc\x3f\xbe\x3f"
	"\x69\x99\xd6\x16\x3f\x45\x85\xe0\x3f\xdb\xf2\x9b\xc9\x0d\xe8\xe5"
	"\x68\x9f\xe9\x34\x4a\x11\xbb\x7d\x93\xa9\x4c\x96\x28\x73\xc8\x56"
	"\x8a\x88\x19\x80\x50\x9a\x4e\xde\xa6\x88\x04\x1b\xec\xe2\x93\x82"
	"\x12\xc0\x84\x74\x12\xc6\xae\x94\xc8\xa5\xad\x6a\x38\x5a\x53\xae"
	"\xeb\xc5\x20\xd4\xe5\xb1\x99\x71\x57\xd1\xfa\xa3\x2c\xfb\xfc\x53"
	"\xf7\x3c\x3a\x12\xed\x29\x84\x72\x68\xbf\xdb\xf8\xd5\x63\xf4\xfd"
	"\x5f\xbc\xff\xfd\xc7\xd3\xe2\x27\x39\xf1\xff\xf7\x1f\x8b\xf7\xc7"
	"\x3f\x9e\xfe\xb1\x88\xe2\xff\x92\x2b\xed\x67\x2d\xc7\xe4\xa0\x57"
	"\x99\xb5\xa7\xd3\xaa\xa3\xda\x97\xc6\xc0\x2e\x04\x02\xb8\xb5\x6a"
	"\x35\xd3\x0e\x8d\xeb\xe5\xc0\x07\x9a\x7e\xe6\xad\x9e\x0f\x12\x80"
	"\xd5\xc4\xc8\x0b\xae\xe8\x59\xb1\xdf\x1b\xde\x54\x8a\x2a\x22\x38"
	"\x75\x84\x94\x8f\xc6\x80\xd4\x83\x28\x30\x95\x25\x75\x45\xc9\xa6"
	"\x6f\xd1\x84\x24\xd1\x1c\x82\xa9\xff\xcf\x80\x04\x11\x1f\x81\x64"
	"\x2c\x94\x7f\x39\x30\x55\xe9\x9c\x76\x72\x64\x2e\x19\x18\xf3\x0d"
	"\xef\x55\xc5\xa9\x31\x4f\x3c\xc5\x85\x6c\x4c\x5d\x99\x63\xfc\xe6"
	"\x51\xb3\x0f\x57\x1d\xde\x0d\x5a\xcf\x81\xc2\xbc\xf1\x1d\x98\x90"
	"\xfa\x0e\x66\x3f\xbd\x56\x97\xb6\x91\xff\xa9\xa5\x88\xdf\x29\x2d"
	"\x11\x5f\x3a\xc5\x95\x6d\xec\x1a\x44\x05\x1f\x00\xce\xf7\x41\x22"
	"\x52\x39\xee\x4e\x48\xe4\xee\x1e\x61\xd1\x83\xb3\x03\x00\xd8\xcd"
	"\x00\x76\x6b\x17\x80\x9f\x9d\x4f\xc0\xcf\x27\xee\x78\x53\x2a\xa9"
	"\x8a\x9c\x17\x0e\x44\x15\x71\xe4\x68\x5d\xf1\xa9\xbc\xbd\x8f\x58"
	"\x6e\xa4\x66\xa1\x24\x69\x4e\x2f\xd8\x61\xef\x0d\xe3\x50\x43\x6e"
	"\x18\xf7\x93\x96\xf5\x6a\x0e\xe0\x8f\x00\x3a\xfb\x94\x88\x34\x8a"
	"\x27\x62\xbc\x23\x8f\x0b\xc9\xd8\x10\x52\x7b\x85\x8c\x8b\x23\xa9"
	"\x25\xb9\x43\x25\x2a\x1b\x59\x6e\x8d\xa8\x85\xd5\x17\x43\xb3\x76"
	"\x25\xe2\xf1\x20\x21\x5d\x0b\xa3\x66\xc8\x7e\xbe\x93\x34\x39\xe2"
	"\x04\xd6\x7f\xcf\x9a\x95\xb7\xf3\x1c\x33\x3b\x39\xd5\xb0\x5f\xeb"
	"\x52\xbc\x3a\x84\x67\xe9\x92\xac\x39\x14\x95\x73\xf2\x89\x87\x94"
	"\xd7\xe8\x1e\xa2\xa6\x8e\x95\x21\xae\x7c\xb3\x8a\x02\x29\x43\x7c"
	"\x1c\x74\x94\x23\xc9\x22\x88\x0b\x59\xba\x40\x64\x4e\xe4\xc5\xd1"
	"\x6a\xb7\xf9\xb7\x63\x19\x41\x5f\x76\x0f\x6b\x1c\x71\x89\x1f\xbc"
	"\x9d\xe3\x71\xf0\xfd\x45\xa7\x2b\xf0\x19\x59\x54\xf2\x60\x89\xec"
	"\xbf\x8d\x4f\x8b\x9c\xea\x3c\x62\x0e\xa9\x1a\xa7\x38\xaf\x10\x71"
	"\xf7\x5a\xc7\x87\x85\x46\x7d\x68\x30\xb0\x68\xcb\x45\x37\xbc\xd8"
	"\x94\xe7\x78\x6a\xf7\xd1\x69\x72\x39\xc0\x09\x47\x4c\x6b\x23\xa2"
	"\x0b\x56\x09\xcb\x29\x31\x0e\x09\x24\x11\x46\xc9\xfe\xae\x7b\xa6"
	"\xe7\x64\x3a\x2f\x5d\x63\xa5\x54\x63\x7b\xce\x45\x1d\xa0\x34\x41"
	"\x24\x8e\x00\x3b\xbf\xba\x99\xe6\xb8\x3a\x85\xab\x59\x3e\x1d\xaa"
	"\xd8\x18\x62\x89\xb4\xeb\x9d\x3a\x02\x3b\xfb\x57\xb7\x49\x74\x03"
	"\xb6\xa4\x28\xeb\xa1\x41\x81\x04\xa6\x03\x55\x6f\x56\xe4\xa4\x14"
	"\x69\x81\xde\xb6\x4e\x59\x0e\x3a\xef\x99\x41\x35\x5d\x4c\xbc\xc1"
	"\x2d\xd1\xb2\x18\x31\x14\x95\x22\x18\x0b\xbc\x0b\x91\x53\x06\xe8"
	"\x36\xb6\x7c\x24\xef\x33\xad\x0a\xb4\x55\xe7\x9b\x55\xc3\x69\xb7"
	"\xc6\x4b\x56\x77\x34\x3b\x1a\xa7\x24\x23\x07\x8a\x5c\x70\xa6\xa3"
	"\x63\xe9\x81\xd4\x26\x34\x1a\x8f\x37\xee\x84\x27\xb9\x10\x67\xa7"
	"\xac\xe1\x02\x43\xf4\x0d\x93\x73\x68\xef\xcb\x90\x5f\xee\xd6\x27"
	"\xfd\x62\x93\x09\x05\x26\x38\x14\x84\x2b\xe0\x90\xee\x96\xc1\x5e"
	"\x95\xa2\xb1\x0f\xfa\x2d\xaf\x0e\x62\x52\x4c\x4e\x62\x94\xf0\xaf"
	"\xdb\xb7\x52\x4a\x17\xde\x6a\xb7\x5e\xfc\x94\x3c\xbf\x3e\x5d\xe4"
	"\x9f\x9f\x6d\xc6\x93\x84\x55\x14\xdc\x75\xec\x6d\xf7\xcc\x36\x2f"
	"\xc4\xd5\xee\x09\xd7\x9f\xbc\xea\x95\x66\x46\xb9\x41\x4d\x8f\x9f"
	"\xb0\xc8\x63\x63\x4b\xa3\xec\xb0\xfa\x98\xd1\xe3\x89\x64\xec\x33"
	"\xc5\xdd\x18\x13\xfb\x17\x9b\x39\x62\x08\x6a\x4a\x38\xe6\x8c\x82"
	"\x3a\xa5\xb2\x12\x65\x9d\x1b\x8c\x03\x07\xce\x67\xd4\x41\x1f\x76"
	"\x7a\x45\x86\xb2\xc1\x23\x11\x7d\x06\x60\xaa\xf2\xf3\x95\xfc\x87"
	"\xd5\x68\x57\x9f\x8c\x7a\x43\xf2\x67\x7b\x56\xaf\xa0\x92\xbb\xd8"
	"\x16\xb9\xed\x19\xb3\xee\xe7\x19\x2f\xd0\xca\xa6\xa3\xe8\x96\x6e"
	"\x4a\x81\x13\xcb\xdd\x22\x75\xf7\xbc\xeb\x8e\x9a\x9f\xdf\xde\x5f"
	"\x9f\xff\xe7\xc7\xfb\xd3\xd7\x85\xf8\xeb\xf9\xfd\xcb\x6f\x0b\x72"
	"\xaf\x57\x62\x75\xd4\xeb\x83\x84\xa4\xf2\x1e\x04\x74\x8b\x6d\x20"
	"\x26\x28\x95\xdd\xac\x2d\xcd\x64\x2a\xc3\xec\xaa\x53\xb0\x9d\x8c"
	"\xdc\xbb\xa5\xf0\x89\x8b\xaa\x5d\x8d\xec\xa3\xe7\xa2\xc2\x34\xab"
	"\xfa\x5a\xa6\x85\xf5\x14\x4a\x6b\x8f\xc4\xa4\xac\x4d\x71\xd4\x93"
	"\xc0\x42\x56\x25\xac\xa2\x33\x0d\xec\x69\x65\xb8\xb2\xd1\xda\x5b"
	"\x79\xcd\xcc\x45\x59\x4d\xcd\xc2\x53\x24\xa2\x98\x9a\xdb\x1b\xec"
	"\x6a\x31\xd7\x13\x6e\x56\xe0\xe6\x71\xe0\x79\x1e\x7a\x32\x54\xc2"
	"\x04\x59\xf9\x48\x55\xed\xb8\x95\xbb\xe7\xb9\x1b\x9a\xb9\xe0\xe4"
	"\x4f\xf0\xce\xb7\x3f\x04\x30\xac\x15\x64\x2d\xcd\xc2\xfb\x2f\xcc"
	"\x62\x8a\x75\x86\x74\xb4\xce\x3c\x94\x41\x51\x0e\x36\xd0\xf8\xec"
	"\x1d\xfa\x76\x92\x5f\x65\x82\x05\x6a\x90\x98\x8e\x6a\x03\xc8\xa7"
	"\x0e\xdd\x4f\xdb\x25\x4f\x34\x27\x75\xb8\x5e\x23\xca\x15\x07\xd9"
	"\x85\x18\xbb\xf2\xc6\x3e\x46\x11\x36\xb1\x6a\xb6\x2f\xf2\x15\xda"
	"\x58\x83\xb9\xfd\xd4\x94\x8f\xed\xff\xfa\x85\xf5\xec\x03\x47\xc4"
	"\xf4\xfe\x0c\x73\xe2\xbe\xa6\x2b\xc2\x69\x08\xce\xae\xd2\x6f\x2b"
	"\x9f\xad\x45\x02\x12\x74\xc8\x79\x1e\x12\xee\x1b\xc4\x51\xf2\x78"
	"\x62\x23\x37\x63\x4b\x0f\x53\x9a\x09\x56\x98\xd6\x4b\x45\x6a\x6b"
	"\x0f\xb1\x5e\xf6\xec\x95\x9b\xbd\x9e\x61\x9f\x93\x99\x9e\xc9\xed"
	"\xa0\xd1\x2f\x54\xd0\xc4\xf6\x98\x4d\xad\xad\xd8\x94\x94\x5d\xa6"
	"\xee\x6c\x6e\x41\xc7\xe3\x3c\x9a\x71\xe6\x1f\xb0\x3a\xf2\x31\x64"
	"\xce\x75\xb7\x07\x85\xb7\xa8\x91\xaa\x3f\xa4\xfe\x6c\xdf\xe9\x67"
	"\x10\x3d\xc6\x40\x28\x4a\x9b\x97\x02\x82\xef\xa5\x20\x07\x37\xa4"
	"\x96\xce\xb7\xd4\x98\x3b\x35\xe1\x23\xa6\x81\x73\xb3\x9f\x79\x14"
	"\xa8\x1a\x9c\xb1\x68\x54\x84\x90\x35\x9b\x34\xf6\xdb\x3d\x26\x4c"
	"\x65\xaf\x97\x6b\x54\xb0\xa7\xb9\xc0\xe8\xf0\x11\x4e\x50\xe6\xfc"
	"\x93\xa7\xc6\xf8\xa5\xa5\x67\xad\x1a\xaa\x5d\x00\x0e\xcc\x86\x05"
	"\x98\x62\x56\x12\x3a\x2e\x41\x6a\x72\x90\xc3\xfa\x7d\x88\xd1\x91"
	"\x15\xcf\x1a\xec\x92\xf1\xf7\xce\xe4\x60\xcd\xad\xb1\x9e\x49\x06"
	"\x72\x4d\xc2\xbd\xe5\x61\x66\xd8\x02\x7f\xd3\x18\x33\xfc\x13\x9f"
	"\x99\x49\x9c\x54\x67\x9a\x19\x63\xcd\xcf\x1c\x0b\x8f\x10\x07\xeb"
	"\xcc\x14\x87\xab\x11\xf6\x08\xbf\x5d\xf9\xae\x6f\x37\x97\x77\x26"
	"\x79\x61\xf4\x98\x67\x8d\x9c\xa3\x88\x29\x15\x78\xe8\x7e\x49\x72"
	"\x37\x4e\xae\xb8\x4c\xd8\x96\x3e\xb1\xa8\x32\xe7\xde\x41\x04\xc1"
	"\xda\xfe\x8d\x04\xd6\xc6\x73\xb0\xe4\x6d\x33\x84\xfd\x59\xb6\xda"
	"\x20\x56\xd7\x51\x7f\x8a\x89\x08\xca\x23\x3f\xf8\x84\xb8\x5c\x49"
	"\x66\xe3\xaf\x25\x17\x61\x47\x50\xf0\xc3\xf6\xe5\xac\x20\xff\x3b"
	"\xf0\xac\x2a\x34\xbf\x56\xcc\x78\x51\xf2\xb7\xb7\x44\x5c\x3d\x13"
	"\x4a\xb2\x7c\x46\x9b\xcd\x89\xd4\x4d\xb9\xd1\x66\x4f\xb2\xab\x53"
	"\x22\x58\x05\xfe\x8c\xe0\x08\x56\x66\xbc\x4b\x4e\xfd\xc3\xfc\x18"
	"\xe7\x67\xf9\xa5\x36\xce\x37\x55\x61\xc9\x98\x5a\xeb\x87\x68\x17"
	"\x16\x07\x66\xea\xf0\x69\x81\xc5\xd6\xf7\x45\x64\x68\xbe\x67\x66"
	"\xd2\xe9\x94\x48\x79\x9d\xda\x9f\xf9\x4a\xc1\x6b\x38\x61\x33\xbb"
	"\x91\xce\xc4\xab\x37\x7a\xcc\xc8\x0a\xdb\x55\x1d\x33\x54\xb5\x3b"
	"\x66\x7b\x74\x07\xdb\xd0\xbc\x45\xaf\xc3\x12\xdf\xde\x7a\x28\x77"
	"\xfe\xe0\xdd\x67\xf4\x31\x22\x0f\xcb\xb9\x2f\x01\x24\xbe\xab\xa9"
	"\xa1\x06\x04\xde\x6a\x87\x1c\x05\x02\xab\x2e\xec\xb2\xab\x0a\xbc"
	"\xed\x6e\xee\x66\x39\x1c\xf6\x58\xa7\x7f\x15\x1b\x03\x5c\x6d\x97"
	"\xeb\xb9\xae\x43\xd4\x60\x65\x6d\x4c\x10\x2e\x75\x16\x23\xbf\x9d"
	"\x80\xcf\x45\x3b\x3b\xe3\x04\xd5\xab\x9c\xe9\x0c\x96\x91\xdc\x3c"
	"\xdb\xd9\xf9\xcb\x95\x37\xd3\x1c\x33\x36\x4c\xf2\xe7\x0e\x3b\x8e"
	"\x60\xc2\xdb\x21\xac\x24\x9a\xb9\x0b\x37\xdd\x8a\x04\x8f\x76\x9e"
	"\x7d\x72\xd2\x92\x45\x76\xf5\x00\x1a\xd9\x79\x5e\x63\x36\xd4\xd1"
	"\xfa\x22\x7b\x45\x71\x40\x0e\x63\x00\xb7\x9e\x13\x1e\xa2\x56\xc2"
	"\xd6\xb8\x41\xcd\x61\x07\x3a\xff\x5a\x4e\xa3\x7a\xd0\x65\x79\xe5"
	"\x72\xea\x62\xea\xea\x1e\xf1\x86\x8d\x20\xba\x35\x47\x04\x20\x3b"
	"\xcd\x74\xe2\x9a\x17\xa5\xdc\x68\x19\x0f\xd0\xd3\xda\xf8\xa2\x1e"
	"\xa3\x3d\x16\xc2\xdd\x4a\x4d\xd3\x53\xcd\xcc\x70\x1d\xa0\xcc\x5c"
	"\x65\x5e\x01\x75\xc0\xe4\xe7\x96\x20\x96\xa9\x7a\x64\x63\x9b\xb6"
	"\x77\x36\xe5\xb1\xfc\xd9\x56\xa9\x94\x9c\x76\x85\x59\x72\x21\xfe"
	"\x2f\x1a\xa5\xb6\x9a\x36\x7b\x61\x9f\x73\xb3\xe2\x4a\x47\x69\x2f"
	"\x1b\x4c\xc3\xbc\x01\x56\x08\x20\x89\x63\x86\xe9\xdb\x88\x1b\x8f"
	"\x0a\xd9\x0e\x3d\xbb\xf4\x2b\xd3\x6b\xc6\xc2\xc1\x03\x84\x33\xb6"
	"\x90\x14\x47\xd0\x2b\x91\xc2\x35\xaf\xe5\x10\x00\xcc\x6e\xba\x08"
	"\x96\xab\x06\x67\xf3\x18\xe5\xf5\xea\x21\xca\x8f\xe5\x0e\x1b\xce"
	"\x78\x31\xfe\x11\x3e\xe7\x28\x37\x83\xf0\x4f\x84\x17\x31\xb9\xdd"
	"\xc7\x9f\xe9\x0c\x66\x7d\x41\x51\x3e\xd8\xbe\xe4\x28\xb3\x48\xa0"
	"\x10\x10\x0a\x28\x73\xb0\xaf\xe0\x80\x88\x83\xe3\x83\x8b\x1f\x3c"
	"\x38\xf8\x2c\x2a\xb3\x13\xde\xb9\xfe\xbb\x87\xf2\xbb\x5a\xa2\x04"
	"\x7f\x33\xa2\x96\x1b\xa0\xc6\xfe\x99\xcc\xc0\xab\xa1\xf6\x96\x9e"
	"\x87\x0f\x40\xa7\x07\xe3\x2f\xbe\x94\xda\xd8\x3a\x70\xf3\xb7\x0f"
	"\xce\xe6\x95\x5a\x8b\x22\x12\xd6\x50\xc7\xc4\x94\x5b\x94\x36\x64"
	"\x75\x48\x90\x43\x34\x05\x28\x22\x30\x98\x3a\x1a\x90\x6f\x80\x9f"
	"\x1a\x3c\xb0\xd3\x40\x41\xb4\x57\x45\x1d\xb7\x93\xef\x1c\x02\x73"
	"\xb0\xfd\x77\x3f\xa4\x72\x67\xb0\xdb\x6d\xb8\x4d\x03\x2f\x8d\x22"
	"\xb7\x65\xd9\x86\x22\x36\x8b\x5c\x01\x31\xa6\x10\xc4\x43\x4d\xe2"
	"\x38\xcf\x20\xd0\x78\x59\x8e\x50\xea\x24\xaf\xb7\xab\xdc\xc9\x85"
	"\x89\x2a\xfa\xc4\x63\x3a\x45\x4f\x57\x0d\x84\x32\x17\x66\xcb\x83"
	"\xdb\x9a\x46\x02\x4a\x5b\x9b\xe7\x66\xc2\x6e\xf6\x11\x59\xaa\x5d"
	"\x0c\xce\xd4\x5d\x8e\x84\xa1\x50\xad\xe1\x67\x1d\x91\x3a\x42\x9d"
	"\xb0\x0f\xe4\x82\x59\x38\x80\x5d\xd2\x3d\x11\x27\x81\xf2\xab\x3a"
	"\x0b\x3c\xc4\xc5\xfd\xce\xf7\x51\xbe\xfc\xb0\x3d\x04\xd6\x60\x1d"
	"\xe0\xca\x3f\xc6\x09\xc5\xf0\xa0\xa4\x09\x02\xef\xa1\xc1\x18\xbb"
	"\xd6\x7b\x08\xc8\x94\x1b\xc5\x91\x3a\xf5\x18\x0f\x50\xcf\x6b\x29"
	"\xe5\x48\x47\x06\x44\x1e\x71\xdb\xc5\xe9\x49\x8e\x22\x1b\x10\xe8"
	"\xc3\x0e\xad\xf0\x90\xb9\x41\x31\xdf\x6d\x11\xcf\x8c\x01\x22\xaa"
	"\xdd\xc3\x72\x39\x07\x09\xe6\x20\x52\xa6\x3f\x6c\x90\x8d\x8f\x0e"
	"\xda\xcd\x81\xf6\xd9\xd6\x5f\x12\xc7\xf0\xe5\x20\x41\x83\xa5\x6d"
	"\xf8\x40\xb2\x87\xce\xd6\x79\x24\x1e\x82\x95\xfb\x59\xba\xed\x78"
	"\x5a\x58\x83\xfc\xf4\xe1\x17\xa7\x50\xd0\xe1\xac\xd9\x3a\x4b\x7a"
	"\xc8\xb8\xaf\x24\x63\x2d\xdf\x6c\x57\xf8\x74\x26\xb9\xff\x60\x55"
	"\x9b\x81\x19\xd2\xec\xa0\xfb\x63\xa8\x0b\x2a\x2e\xc5\xcb\xa9\x19"
	"\xdf\x8a\x96\xa2\xc8\xfd\x20\x08\xf0\x85\x1b\xf9\xa3\x0d\xc6\xe8"
	"\x39\x3e\x93\x53\x75\x12\xd6\xb9\xde\x04\xfe\xca\x5b\xb6\xae\x85"
	"\xaf\x0a\x98\x92\x8c\x23\x7e\x3f\x03\xe4\x28\xd5\x95\xcb\x05\x39"
	"\x01\x06\x50\x2a\x0a\x67\x03\x2c\xaf\x37\x5e\x83\xcf\x75\x56\xa6"
	"\xae\x6e\x0a\x46\xab\x8a\xb4\xd8\x69\x0d\x40\xce\xd9\x76\x66\x15"
	"\x44\xa9\xdc\xfa\xd9\x86\xf2\x32\xda\x23\x92\x9a\x23\xb9\xe0\xca"
	"\x8a\x09\xbe\x59\xa3\xb7\xf9\x1c\x7b\xfe\xcc\x8a\xee\xe6\xef\x05"
	"\x3d\x68\x67\x95\xd4\xaa\x59\xc2\x10\xad\x3b\x61\xc3\x91\x78\x9b"
	"\x9c\x72\xbb\xc0\xbf\x44\xb9\x0a\xbc\xb5\x1a\xf5\x3a\x26\xa7\x1c"
	"\x02\xfa\x55\xfc\xb5\xb1\x09\xed\x2e\x55\x81\x81\xc8\xf9\x97\x00"
	"\x07\x46\xb2\xf5\xad\xb3\x92\xc8\xbd\x14\xf8\xce\x8e\x0e\x1c\x53"
	"\x87\x17\x1b\x70\x55\xe2\x91\x6b\x4e\xa4\x2e\xd0\x85\xf5\x03\x41"
	"\xa5\x0d\xc1\x2e\xd9\x4c\x0c\x58\x3a\x77\x7b\xb0\x45\x63\x5c\x98"
	"\x94\x5e\xde\xf2\x97\xdf\x47\x84\x96\x89\x0a\x86\x4b\x4f\xe8\xd2"
	"\x31\x20\x16\xd4\xf0\xde\x18\x18\x5d\xc4\x3a\x93\x9a\x54\x36\x65"
	"\x0e\x2e\x6e\x66\x35\xe7\x81\x7b\x4f\xe0\xa3\xa9\xd5\x11\x4f\xd0"
	"\xf3\x89\x02\xa2\x4b\x10\x87\x8d\x8b\x8f\x6d\xd0\x80\xe7\x23\x3c"
	"\xb9\x91\xa2\x55\x8d\xf8\xcc\xca\x2f\x27\x47\x7c\x83\x2e\x99\x9c"
	"\x38\x31\x93\x5a\xd6\x01\xe3\xd7\xf6\x77\xc2\x61\xe6\x22\xae\x05"
	"\x30\xa5\xec\x8c\x2c\x76\xcc\x1b\xe0\xa6\x59\x0b\x49\x8b\xb0\xb9"
	"\x0e\x10\xe5\x43\x62\x3a\x15\xc0\x0d\x7d\x1b\x1c\xe6\xf6\x9e\xe6"
	"\xda\x2b\x55\x24\x28\x39\x7e\x0b\xc6\xa0\xdf\xa1\x20\xd1\xe2\xf2"
	"\x0c\x51\xf8\x3f\x4d\x4b\x66\xff\xbc\x78\x7f\x91\x8d\x3e\x2d\xde"
	"\x7f\x1b\x50\x96\xdd\x29\x26\x4b\xcf\xbc\x01\x47\x02\xc4\xf3\xe9"
	"\x13\xab\xc5\xa9\x45\x5e\x8e\xca\x3f\x86\x84\x02\xc4\x48\xc6\xad"
	"\x33\x9f\x3a\x52\x7d\xff\xe3\xc7\x3b\x1a\x34\xa3\x32\xc6\xe8\x85"
	"\x5b\xe5\xcf\x49\x76\x99\x8e\x9a\x24\x20\x65\x20\x2d\x92\xbd\x53"
	"\x0a\x04\x3e\x3e\x58\x7e\xb6\x0e\x21\x4a\x52\x09\x7a\xe0\xd8\x12"
	"\x50\x20\x4e\xea\x8a\x35\x63\x90\x7a\x9e\xd3\xdb\xd3\xeb\xb7\xc7"
	"\xef\x5f\x17\xcf\xdf\xdf\x9f\x5e\x7f\x7d\xfc\xa2\x57\xb3\xeb\xaf"
	"\x2e\xa4\xcc\xe9\x82\xd2\xad\xf4\xb6\x14\xe4\xd4\xa0\x5c\x21\xf7"
	"\x2f\x34\x6f\x9b\x5f\xbc\xa5\xbf\x76\x63\xae\xbf\x3c\x6c\x83\x71"
	"\xe7\x3f\x15\x57\x7b\xf2\xb9\x8e\x4d\xcf\xa3\x78\xf9\x81\x6c\x3f"
	"\x48\xea\xb8\x07\x7a\x85\xe4\x01\x93\x57\x25\xe9\x72\xe7\x14\x16"
	"\xf7\x70\x33\x78\xdb\x58\x96\x9a\xdb\x35\x61\x21\x65\xba\x71\xfa"
	"\xd3\xd3\x5a\x12\x97\x9b\x0d\xa2\xbf\x8c\x40\x36\x33\xf3\x1d\x52"
	"\x1f\x42\xfb\x1d\x8e\x52\xa1\x44\xe2\x62\x35\x8c\xef\x6d\x67\x30"
	"\xd9\xe1\x10\xc6\xae\x2e\xc0\x76\xd7\xda\x03\x60\xa8\x99\x8a\xb8"
	"\x2c\xde\x80\xb5\xfc\x2e\xae\xbd\xed\x2c\x28\x58\x7b\x33\x23\xd6"
	"\x4d\xe8\x99\x07\xe2\xc1\xca\x5f\xcd\x63\x56\xab\xb9\x7b\x35\x0f"
	"\xab\xcd\x6e\x06\x14\x89\x19\x40\x59\x79\xbe\xe7\xc6\xe4\xf4\x52"
	"\x23\x86\x87\x1b\x06\xd2\x48\x82\xc0\x9e\xb9\x5d\x7f\x56\x30\x03"
	"\xaa\x8b\x0b\xb9\x90\xeb\x0c\xea\x94\x1f\xc2\x99\x37\x5b\x48\xd1"
	"\xb2\x76\x43\x9a\x7a\xb6\x95\x88\x94\x9e\xd7\xcc\xbc\xd6\x10\xd9"
	"\x5a\x6a\x12\xc5\xc1\x97\xc2\x04\xca\x08\x1d\x1c\x10\x55\xa8\xa0"
	"\x46\x45\x47\x5d\x9c\xa2\xb4\x93\x57\x77\xe9\xa1\x11\xc1\x80\x41"
	"\x4a\x65\x43\x8c\x45\xd3\xfe\xe9\x7b\x1f\x81\x31\x3f\xea\xa1\x77"
	"\x63\x24\x0a\x86\xf8\xbd\x3f\x7d\xdb\x21\x0d\x7e\x0d\xcc\x99\x8f"
	"\x76\x26\xb9\xb4\xa7\x32\x86\xa8\x6c\xe3\x82\x22\x19\x3d\xbc\xb5"
	"\xab\x24\x96\x9b\x54\x24\xa4\xd9\xc4\x3d\x04\x0f\x0f\x1f\x83\xed"
	"\xe6\x61\x95\xfc\xba\x78\x68\x1c\xbe\x01\x85\xed\x4b\xcb\x91\x54"
	"\x75\x16\x24\x69\x14\xb1\x45\xb4\x6d\xe3\x8a\x93\x94\x84\xac\x89"
	"\x58\x35\x0b\x0d\x4f\x52\x37\xf5\x56\xb3\x38\x30\x77\x16\xb9\x54"
	"\xa6\xa3\x3c\x58\x21\x72\xd1\xc0\x5f\x83\xa8\xe6\x7b\x0f\x89\xc8"
	"\x30\xa1\x75\x2d\x4a\xdc\xfb\x61\x8a\x5d\x7f\x0c\x0c\x7b\x95\x12"
	"\x89\x0c\xd0\x71\x29\xe1\xa5\x48\xd9\x07\x5a\xa4\x14\xd1\x9c\x0d"
	"\xd0\x9e\x64\xa4\x99\x85\x25\xf5\xd6\x5f\xcd\x4f\xd0\x5e\x9f\x9c"
	"\xc5\xed\x8b\x22\x66\xf3\x77\x65\x19\x93\x2f\x7c\x1e\xb7\x3f\xe5"
	"\x9f\x3f\x30\x1e\xd8\x06\xd9\x04\xcd\xbf\x82\x0b\x81\xf3\x8a\x0b"
	"\x1a\x03\x35\xc5\x7e\x64\x8d\xc9\x35\xe3\x79\xc1\x07\x9a\x94\xdf"
	"\xcd\x0d\xe6\x8b\x65\xe0\xb8\xf0\xbc\xf5\x3c\x4c\xfd\x98\x7f\x17"
	"\xbc\xf9\x3f\xc6\xae\x6d\xb9\x6d\x5c\xd9\xfe\x8a\x6a\x3f\x9c\x9a"
	"\xa9\x33\x73\xc2\xfb\xe5\x21\x0f\x14\x48\x49\x8c\x09\x92\x21\x20"
	"\x89\xf6\x8b\x4a\x23\x6b\x12\xd7\xd8\x56\xca\x76\x76\x65\xfe\xfe"
	"\xa0\x41\x4a\x22\x29\x36\xc0\x54\x25\xb1\xd1\x8b\xb8\x5f\x1a\x40"
	"\x63\xb5\xb7\x16\x9b\x31\xa6\x2f\x49\x9a\x27\x75\xaa\xaf\x46\x7a"
	"\xe7\x23\x0c\x21\x5d\x94\x58\xbb\x29\xb0\xf2\xe8\x5b\x2e\x06\x8f"
	"\xd8\x6e\x6d\xe8\xbb\xa9\xfc\xb9\x4a\x97\x2b\x3e\x0d\xba\x4d\xf5"
	"\x1d\x67\xe2\x14\xb6\x8d\xb9\xbc\xad\x9a\xd2\x23\xe4\x11\x7c\x41"
	"\xcb\x82\xa5\x3c\x99\x96\xd3\x54\x68\xad\xfa\xf9\x51\x34\x22\xd0"
	"\xe3\x4c\x68\x23\x81\x14\x3b\x7e\x67\x22\xce\x9d\x88\xd3\x2f\x61"
	"\x8c\x9b\x96\xad\xef\x1c\x6c\x5d\x39\xfa\x81\xc0\xea\xc0\x73\x27"
	"\x94\xa1\x64\x9e\x6b\xf8\xfa\xe9\xe6\x41\x1a\x2d\x69\x61\x55\xb1"
	"\xa2\xcd\x92\x65\xd9\x53\x46\x7f\x4a\x45\xb1\x47\x9f\x06\x03\x83"
	"\x68\xd2\xc0\x31\x15\x62\x29\xfe\x6e\x84\xc2\xc7\x26\x4c\xe5\x93"
	"\xc6\x48\xca\x7d\xcb\x33\x26\xf5\x53\x86\x6b\x7e\x43\x9e\x9b\x26"
	"\x54\x28\x28\xa6\x53\x2b\xf4\xc9\x39\x8d\xb0\xbb\xa1\x76\xab\x6a"
	"\xd7\x86\xa8\x5b\xce\x47\xdf\x8f\x34\x98\xd5\x1c\xbc\xf2\xb4\xa7"
	"\x0b\xc3\x43\x02\x1a\x84\x8e\xb9\x2b\xb7\xd5\xf8\xf3\xb8\x06\x25"
	"\xa9\x7a\x24\x11\xf4\xae\x6f\x01\xdc\x16\x8e\x8a\x6d\x97\x32\x9b"
	"\xb4\x5c\xdb\x86\x12\xb1\x2c\xad\x48\x29\x86\xdb\xce\x24\x29\x31"
	"\x2f\x6c\x57\x14\x4f\x33\xae\xda\x52\xb6\x55\xcf\xd3\x5d\x95\xd0"
	"\x82\x27\x96\x02\x05\x7b\xfa\x55\x51\xc5\x6a\x08\x2b\xa3\xbc\x8d"
	"\x4c\x05\xac\xf9\x97\x50\x79\x5e\x23\xea\x57\x6c\x4e\x55\x71\xdc"
	"\x27\x11\x4a\x80\xd2\x20\x08\x35\x0d\x55\x2a\x17\xda\x61\x30\x19"
	"\xe2\x29\x41\xdb\x7c\x8d\xf4\x18\xf4\xe6\xba\x2d\x05\x59\x04\x2e"
	"\xf2\x26\xbb\x45\x6c\xe9\xc4\x96\xac\x0a\x1e\x55\xf7\x60\x5e\x5a"
	"\xc4\x4a\x74\x14\xd7\x99\xad\x1c\x48\x29\x05\x5e\xc9\xb5\xb2\xe2"
	"\x22\x1b\xd3\x26\xda\xe3\x32\x49\xf0\x0a\x43\x4d\x6c\x19\x2a\x64"
	"\xeb\xdb\x40\xe3\x6a\x23\x26\x8d\xba\xad\x63\xa6\x43\x7a\xee\x64"
	"\xa4\x3f\x01\x29\x96\xe0\xa8\xe2\xbb\x82\x33\x78\x17\x1e\x9a\x96"
	"\x3b\xf2\x6e\xb5\x5f\x34\x4e\x37\x99\x6b\x67\xbd\xcb\xc5\x79\xd1"
	"\xf8\x19\x82\x2b\x71\xf9\xb4\x15\xbd\x15\xb9\xf0\xac\xd1\xc8\x42"
	"\x1e\xf7\x5c\x21\x4b\xa5\xfc\x3e\x62\xae\xed\x6b\xa2\xa0\x86\x86"
	"\x13\x2e\xba\xa3\x46\x18\x22\xa4\xe1\x03\x90\x2e\xbf\x91\xa3\x21"
	"\xa9\x93\x10\x53\x0f\xd1\x27\xe4\xba\x37\x67\xac\xab\xfd\xdb\xa3"
	"\x64\xca\x4a\x3f\x15\xb3\x33\x25\xcf\xe5\xd3\xaa\x7f\xac\x26\x03"
	"\xe0\x5f\xf4\xd9\x53\x83\x00\x7a\xec\x3b\x8c\xc3\x44\x22\x4a\x92"
	"\x96\xa3\x07\xf9\x8d\x38\x4b\xe7\x42\x7c\x9b\x74\x15\x6d\x55\xc9"
	"\x36\x0f\x04\x07\x11\x0f\x53\x66\x16\xc5\xde\xd1\xb7\xd1\x54\x44"
	"\x13\x47\x54\xce\x31\xc0\x1a\xd7\xf7\x96\x11\x4d\x46\xf9\xe2\xc8"
	"\xf7\xfd\xdb\xfe\x00\x2e\x5c\xaf\x14\x92\xe7\xe5\xbf\x6f\x6c\xb2"
	"\x19\xbd\x39\xcf\xd3\x3a\x0c\x76\x25\xef\x1b\x4a\xc6\xc9\xa6\xe4"
	"\xac\x7d\xea\x9e\x01\x91\x37\x10\x37\x61\x44\x8d\x0d\x97\x8b\x8c"
	"\x04\x2d\x78\x94\xed\xf2\x86\xfe\x29\xc6\x38\x76\xf2\xe2\xa1\xc0"
	"\xcc\xdd\x77\x4b\x36\x7e\x3c\x26\x09\xa0\x77\x6c\xb0\xf0\x9c\x33"
	"\x16\x0b\xd5\x46\xb2\x45\x00\x77\xf8\xa0\x80\x18\x07\xab\x10\xdd"
	"\x0d\x64\x0d\xfb\xd4\xf1\xed\x69\xff\x3c\x76\xab\xd3\x96\x2f\xb0"
	"\xfa\x23\xbf\xf1\x8b\x72\x7a\xfd\x53\x0a\xde\x9b\xcf\xe5\x93\xe1"
	"\x91\x07\xea\x6d\x1c\xd0\xfb\x77\x65\x66\x98\x86\xaa\x26\x2f\x28"
	"\x53\x85\x92\x14\xc7\x44\xae\x08\x42\x6b\x4d\x68\x3a\xb4\x9e\x18"
	"\x7e\x20\xf4\x5b\x1b\x25\x60\xe9\x42\x6a\x15\x04\xfc\x85\x64\x83"
	"\xcd\x50\x1f\x31\xbc\x98\x6b\x83\xbf\x20\x4d\x7c\x4e\x9a\x51\x3c"
	"\x4a\x60\xd5\x5b\xb1\x91\x48\x19\x21\x39\x62\xf8\x77\x41\x98\x5e"
	"\xca\xfc\x5a\x59\xa8\x76\x7a\xf8\xc2\xa3\x25\xea\x0f\xa5\x0f\xd5"
	"\xc1\xd2\x45\xed\xd5\x9e\xa1\x2e\x12\xeb\x3f\x47\x6e\x25\x35\x18"
	"\xad\xd5\x62\x9e\xd1\x26\x22\xa6\x23\x95\xb8\x2a\x2d\x95\x78\xc1"
	"\xb2\x5d\x56\xea\xd2\x10\xbf\x25\xb5\x24\xd6\x4f\x97\x29\x11\x23"
	"\xad\xba\x19\x04\xf1\xd3\xfe\xdb\x8c\x0d\x2f\x15\xc1\xe9\xd3\x8e"
	"\xac\xe4\x3b\xc0\x06\x06\x5e\xa0\x3e\xde\xf6\x7f\xff\xfd\x74\x98"
	"\x9d\xc0\xe5\x81\xd8\x5d\x0f\xf0\x92\xa8\x57\x04\x9f\xbf\x59\xb1"
	"\x94\x7c\x62\x74\x5d\x5f\x98\xf2\xfe\x3e\xbd\xc9\x98\x7a\xd4\x90"
	"\xfc\x1e\x8c\x38\x72\x3e\xae\x9e\xae\x36\x04\x7c\x9b\x22\x17\xea"
	"\x34\x15\x7a\x4d\x1e\x8f\x73\x11\xac\xb6\x62\x61\xc9\xe3\xfe\xdb"
	"\xe3\x4b\xa0\xa4\xff\x14\x73\x3a\x1d\xb5\x3d\xbb\xc2\xa0\xad\x9b"
	"\x59\x74\x3c\x1a\x8a\x0c\x8d\xa8\x2c\xe1\xe5\xe3\xed\x64\xd5\x92"
	"\xfa\x1c\x46\x56\x87\x0e\xeb\xe1\x56\xe5\xbc\x60\x55\x22\xf7\xca"
	"\x9c\x88\xbf\x25\x3a\x79\xa2\xeb\x7b\xdb\xa1\x81\x8b\x79\xdc\xfb"
	"\x68\x9a\x65\xf7\xf3\x35\x43\x08\x35\xa3\x98\x95\x55\x49\xfa\x4c"
	"\x9a\x55\x3c\x5f\x7e\x7e\x69\x2f\x35\xc5\x36\xf8\xf6\xe6\xba\xeb"
	"\xd1\x00\x38\xc9\xe5\x95\x44\x51\x8a\xbd\x46\x5a\x74\x6e\x3a\x20"
	"\x54\x5e\xc4\xa4\xf9\xa2\xe8\x07\xc3\xf1\x4e\xcf\x31\x3d\x84\x89"
	"\x6e\xdb\xbf\x3a\x16\x81\x54\xde\x16\x37\x86\xea\x3f\x9f\x3f\x9e"
	"\x7e\x3c\x1f\x7f\x89\xaa\x87\x7c\x91\xef\x4f\x3f\xc6\xa6\x7d\xf8"
	"\x2c\xaa\xe6\xcd\x9e\x42\x44\x2a\x76\x86\x39\xf2\xea\xa8\x4d\x41"
	"\xb1\xc9\x69\x01\x25\x89\x42\xd7\x31\x27\x60\x7e\xa9\x31\x69\x4e"
	"\x78\x95\x29\x31\x03\x0b\xe0\x8e\xb4\xf5\xd0\x01\x8b\xef\xe5\xd6"
	"\x59\x54\xc4\x45\x67\x04\x42\xd3\x6b\x85\xb4\x9d\x76\xc6\x28\x84"
	"\x7f\x07\x42\x53\xf0\xd5\xf0\x76\x7a\x7e\x86\xce\x7b\xbb\xe6\xca"
	"\x8a\xcb\x52\xd3\xb5\x5d\x34\x83\x52\xee\xd9\x6a\x79\xad\x90\xd3"
	"\xd8\x47\x18\x9e\x5a\x31\x90\x43\xa0\xf2\x14\x3b\x28\x96\x42\x86"
	"\x9c\xe7\x82\xb0\x4c\xd3\xda\x41\xa5\xb9\x3c\xda\xb2\x50\x39\x4b"
	"\x99\xeb\x86\xae\x4a\xee\x21\xd6\x96\xad\x38\xf4\x6a\x54\xbc\x41"
	"\x6c\x06\x5b\xd9\xe0\x7a\xa4\x61\xd7\x15\xc3\x0e\x6b\x43\x46\xfa"
	"\x2a\xdf\x75\x24\xff\xfb\xfe\x71\x7c\x99\xfd\x05\x9e\x2c\x9a\x4f"
	"\x67\xbf\xbd\x88\x7e\xf1\xfc\xef\xec\xf8\xf2\xd7\xf1\xf1\xf1\xf8"
	"\x38\xfb\xd4\xa2\xfe\x14\x4a\xd6\x41\x8c\xb0\xdf\x87\xb1\xb7\x6c"
	"\x12\x68\x86\x09\x58\xb3\x2b\x07\x54\x9c\xb0\x74\x99\x4b\x6f\x36"
	"\x67\xfb\xae\x49\x58\xc4\x48\x0d\x60\x09\x4d\x36\x78\xeb\x29\x73"
	"\x93\x17\x34\x8a\xd3\x3b\x54\x5e\xe0\x57\xe8\xb2\x5f\x91\x48\x5f"
	"\x8a\xb2\x8e\x94\xd9\xff\x8a\xf8\x4a\x05\x59\x75\x67\xd7\x8a\x8e"
	"\x45\x79\x42\x50\x71\xa3\xd5\xdc\x12\x62\xff\x12\xcb\xd7\xab\xd0"
	"\x9c\x05\xe6\x53\x33\x3d\xec\x1f\xf7\x3f\x3e\xf0\x69\x21\x4e\x0b"
	"\xf0\xac\xbd\xb6\xf0\xb4\x5a\xf7\x17\x62\xaf\x88\xdd\x2f\xc8\xd2"
	"\x14\xf3\x82\x2f\xd6\x0f\x0f\xbb\x82\x21\x7e\xab\x00\xc6\xa3\x82"
	"\xed\x92\x0d\x5e\xa3\x3c\xcd\xef\x77\x03\x23\x68\x99\xe9\xe2\xe3"
	"\x7b\xb3\x3e\xb4\x05\xeb\x74\xf6\xde\x0a\x26\x97\xba\x4d\x6f\x4f"
	"\x2b\x2b\x94\xaf\xe7\x78\x6d\x67\xd1\x26\x51\x74\x55\x70\xe9\x81"
	"\x13\xf8\x5f\x20\x51\xb6\x2c\x34\x90\xf1\x25\x7b\xc4\x57\x49\x1b"
	"\x24\x4b\x33\x5c\x59\x46\x20\xf9\x32\xee\x7a\x30\x5a\xe7\x31\x90"
	"\x74\x8d\x04\xed\xb6\x40\x93\x29\x22\xec\xc8\xca\xde\x13\x3c\xb0"
	"\x2c\xc0\x9e\xe0\x83\xac\x71\x06\x7a\xe1\x19\x16\xd3\x15\xdd\xbf"
	"\x43\x17\x23\xd7\x45\x68\x84\xf4\x5a\x12\x0e\x4b\x75\x7f\x5c\x41"
	"\x16\x62\xd5\xab\x1c\x90\xab\x66\x28\x90\xa3\xd3\x01\x08\x41\x41"
	"\xc7\x38\xf8\x41\x5e\x34\x7d\x0f\x95\x8b\x2d\x24\x76\xf2\x03\xd2"
	"\x3a\xb2\xb0\x5d\xd1\x45\x8c\x4e\x15\x00\x51\x70\x15\x81\x58\xcc"
	"\x24\xc3\x46\x12\x9b\xb1\x40\x2c\x4f\x06\x9e\xab\x1a\xf5\xcc\x29"
	"\xa5\x37\x93\x48\x4f\xfc\x70\x9f\x7f\xa5\xe5\x6e\xf9\x55\x55\x6b"
	"\xd7\x69\xfc\xf6\x0c\x40\x7c\x76\x76\x77\xd3\x76\x91\xee\x99\x57"
	"\x29\x39\xa8\x07\x76\x7b\x10\xca\xb3\xc4\xb3\x6a\x03\x4d\xf2\x66"
	"\xb0\x5e\x64\x5d\x3f\x5b\xf0\x9b\x1c\x19\x25\x18\x4c\x0b\xb5\xf1"
	"\x2a\x02\xfb\xf1\x31\x71\xc7\x5f\xee\xed\x32\x5b\x96\x6c\x4c\x27"
	"\x2d\x4b\x36\x0a\xfd\x06\xee\xe8\xf6\x1f\xa7\xb7\x5b\xc5\x8d\x97"
	"\xb3\xc3\xf3\xe9\xf0\xcf\x68\x74\xbc\xdc\x99\x6e\x10\xec\x48\x56"
	"\xf4\x0d\x94\xba\x86\xb5\xcd\x3b\xcf\x19\x58\x6c\xe6\x09\xdf\x16"
	"\x95\x7c\xed\x27\xf7\x4f\x8c\x47\xb4\x04\x7a\xc8\x8e\x85\xed\xfe"
	"\xf1\xf1\x09\xec\x6e\xc5\xba\x20\x13\x7e\xff\xbf\x8e\xf3\xa1\x46"
	"\x6f\x3d\x8f\xe6\xf2\xe9\xb5\xa3\x4b\xbe\xf7\x70\xb4\x6b\xdf\x09"
	"\xdf\x89\x9f\xae\x01\x67\xa7\x6a\x57\xc1\xc0\xb3\x9b\x4a\x43\x6e"
	"\x65\xa0\x25\x2a\xe5\x4c\x94\x0c\x79\x18\x7c\x86\xcc\xa3\x7b\x5e"
	"\x45\xa9\x3a\x1d\xb2\x4a\xaa\xea\x7e\x93\x26\x5b\x75\x5c\x55\x51"
	"\x63\xc6\x78\x97\x2c\xad\xf3\x2a\x65\x49\x59\xa4\xf9\xa8\x87\xa8"
	"\x16\xd6\x98\xb9\xdf\x16\xb8\xfc\x1a\x18\x9e\xa3\xae\x14\xc0\x04"
	"\x6a\x4c\x3a\x21\x1e\x91\x85\xc0\x43\x2c\x40\xbb\x98\x70\x02\xa6"
	"\xf6\xf5\x69\x85\x88\x95\xe7\x19\xf3\x35\x5e\x58\x18\xd3\xc4\x05"
	"\x03\xc6\x26\x72\xac\xc2\x38\x9d\x00\x65\xf3\x5b\xe8\x58\xde\xc2"
	"\x60\xac\x39\x1a\x91\xa7\xf8\x98\xc5\x54\xd4\x61\x7f\x1c\x40\xf8"
	"\x96\xc4\xb7\x81\x59\xd7\xab\x57\x43\x34\x00\x1c\xbf\x64\xcd\xb8"
	"\xc8\xab\xdc\xc6\xae\x06\x00\xe9\x75\xb1\x28\xdb\x27\xba\x00\x69"
	"\x5e\x74\x9f\x47\xd9\x58\x40\xeb\x34\xb1\x67\xa4\xd7\x1a\xea\x76"
	"\x51\x7d\x27\x63\x6d\x4c\xe0\xed\x68\xc8\x11\xd3\x8c\xd7\xe1\x62"
	"\xda\x8d\x4a\xb2\xe5\x5f\xb6\xef\x8d\x73\xc0\x97\xfd\x8f\x1f\x62"
	"\x9b\x21\x3f\x1b\x51\x36\xe5\x77\xbe\x53\x37\x8f\x61\xc7\xcf\xed"
	"\xcb\xcb\xdd\x82\x42\x4e\x63\xc4\xdb\x7d\x53\x15\xdb\xa8\x9c\xe3"
	"\xe2\xcb\x2c\xa5\x52\xec\x1b\x64\x85\x6a\x13\x8d\xad\x73\x66\x78"
	"\x26\x56\x3f\xcd\x3d\x7b\xda\xbb\x62\xef\x09\x14\x6f\x36\xce\x15"
	"\x4c\x90\x89\x47\xca\x37\x75\xe0\xba\xb8\xb8\x86\x72\x2a\xc4\xf8"
	"\xc2\x2f\xe5\x0f\xf5\xe8\x2e\x53\x56\xc8\xf1\xd7\x0f\xb1\xee\x8c"
	"\x35\xae\xca\xcc\xbd\x05\xe4\x25\x2e\x95\x26\xd6\xc8\x81\xfa\x15"
	"\x60\x29\xb2\x2d\xcf\x69\x6c\x25\x00\xee\xb4\x15\x00\x56\x9b\xae"
	"\x71\x5b\x78\xba\x88\x6f\x0b\xdf\x9e\xc2\xa4\xda\x6a\x51\x9c\x7c"
	"\x34\xd6\x10\x3c\xa8\x15\x79\xa2\x62\x76\x2f\x56\xb8\xbc\x8a\x89"
	"\x6d\x99\xf5\xa8\xfa\xa5\xc9\x9a\x18\x8e\x26\xb2\x68\x74\x9a\x44"
	"\x91\x75\x4a\x6c\x3b\x08\x8c\xd1\xb4\x4f\x6f\x53\x3a\x0d\x25\xa5"
	"\x65\x33\x23\xb8\x7d\x93\x22\xb6\x80\xf8\xb7\xdb\xb1\xa1\xd7\x18"
	"\xb6\x80\x73\xea\xac\x77\x34\xdc\x0d\x57\x0c\xbc\x12\x48\x23\x00"
	"\xaa\x74\x2d\x1b\xc5\xe4\xec\x27\x12\xa1\x8f\x60\x5c\x11\x4d\xfb"
	"\xe9\x2e\x66\x16\xe6\xec\xac\x07\x31\xf5\x10\x4b\x09\x61\x73\xa6"
	"\x94\xcf\xbf\x5a\xa8\x1b\x8e\x33\x06\x2c\x39\x7d\xc3\x31\xa6\x80"
	"\x10\x4a\xd0\x15\x50\x56\x57\xbb\x94\x95\x00\x52\x62\x44\x44\x41"
	"\x68\xd8\x4a\x4c\x56\x06\xbe\xe5\x2b\x21\xe8\xf4\x7d\x4d\x07\x28"
	"\x18\x2b\x25\xa6\x51\x2a\xe8\x7c\xae\x44\x89\x3a\x74\x4c\xb7\xd6"
	"\x63\x10\x1a\xa4\x2e\xc6\x72\x7d\x2d\xc6\x47\xce\x71\x3b\x18\x37"
	"\xd0\xa4\x25\x0a\x65\x3b\xbe\xae\x6b\x04\x8e\xa1\x6e\xf5\x65\xb4"
	"\x5e\x26\xbb\x8c\x13\x2b\x74\x4c\x65\x82\x15\x0f\x07\x76\x11\xbd"
	"\xe1\x79\x7e\x8a\x35\x18\xb5\x32\x18\x6f\xcb\x21\x08\x7e\xe4\xd8"
	"\x1d\x5c\x17\x2c\x73\xec\x5a\xea\xec\x0c\x9c\x93\xc8\xce\x10\xc3"
	"\xed\x38\xf8\xc4\x4a\xb0\xcc\x8e\x64\x61\x04\x25\x97\xe8\x8e\xca"
	"\xd8\x11\x35\x8b\x3f\x16\x7d\x23\x6d\x82\x8a\xc5\x02\xe3\xcc\x05"
	"\x4c\x95\x48\xdf\x46\x90\xd9\x9b\xf9\xf5\xeb\xcf\xfd\xf3\xe1\xf4"
	"\xf2\x32\xe3\xc7\xc3\xf7\xd7\xd3\xf3\xe9\xdb\xd3\x11\xdc\xc9\x1d"
	"\xa4\x95\xc4\xb7\xe3\x9b\xdc\x5e\x2e\x7e\x1e\x9f\x67\xcb\xfd\xcf"
	"\x6f\xc7\xb1\xdd\xaa\xd4\x66\x44\x47\x6a\x9b\x78\x9c\xc7\x07\x30"
	"\x8b\xb1\xb3\xa4\x56\x02\x33\xab\xdd\xa7\xe6\x9a\x9b\xb6\x5b\xef"
	"\x46\x62\xed\x21\xcc\xc6\x9e\xb8\x41\xf5\x6f\xba\xe6\x44\xec\xf1"
	"\xba\xcf\x8e\xcf\x81\xa5\x98\xc3\x4b\xb1\xf9\x8b\x06\xf2\x4b\x97"
	"\x27\xd9\xc0\xb1\xa1\x48\xcb\xea\x9c\x2a\x40\xca\x41\x7d\x9b\xaa"
	"\xc4\x7e\xcd\x8b\x4d\x71\xdb\x6e\xd1\x06\xbb\xa6\x2b\x3b\xbd\x2b"
	"\x2a\xdb\x07\xe9\xbb\x24\xea\x67\x3c\xea\xc2\x20\x20\x8d\xb3\x64"
	"\xe8\x85\xb1\x1f\x0e\x34\xfd\x62\x1d\x9a\xaf\x81\x3a\xf0\xb3\x67"
	"\xb9\x86\x81\x00\x1b\xc8\x8e\xad\xd2\x05\xff\x6c\xa9\x41\xad\x37"
	"\xd9\x5e\x54\x6c\xcd\xca\x24\x8f\xc7\x92\x05\x96\xaa\xe6\xcf\xf5"
	"\x12\x97\x0e\x98\x67\x21\x60\xb7\x41\x9c\x4b\x34\xd2\xf6\xf8\x75"
	"\x70\x34\xd6\x18\x8c\xec\x3f\xc4\x46\x63\xdc\xcc\xa4\xb5\x0d\x8b"
	"\x7d\x1b\x79\x33\xd0\x81\x38\x53\x20\x81\x06\x42\xe1\xf5\xd1\x04"
	"\x8c\x3b\x01\xe3\x4d\xc0\x84\x7a\x8c\xad\xcd\x4f\x68\x39\x1a\x0b"
	"\xbc\x98\x8b\x1a\xd4\x63\x9c\x49\x18\x53\x8f\xf1\x2c\x3d\xc6\x9f"
	"\x90\x96\xaf\xa9\x67\x46\x7c\x4f\xd7\x5e\xbc\x2e\xd5\x88\x98\x79"
	"\x1a\xa3\x42\x70\x2b\xab\x49\x26\x75\xef\xc0\x4a\x49\x89\x59\xf8"
	"\x66\x60\xb8\x0b\x2d\x26\xb0\x16\x4b\x0d\xc8\xb5\x7d\x97\x29\x31"
	"\xcb\xcc\x35\x03\xd4\xc0\xe8\x82\xb1\x0c\x1d\xc6\xf7\x8c\x48\x87"
	"\x50\x37\xb7\x5c\xd4\x17\xc8\x3b\xa7\x33\x68\x95\xae\x3c\xd3\x56"
	"\xb7\x43\x0a\x87\x2d\x5b\xcc\x7b\xc5\x05\xc5\x03\xb5\xcd\xea\x17"
	"\xe2\xa8\x33\x2c\xa6\xfc\xca\xb4\x34\x9d\x42\x3a\x5f\x42\x4c\x17"
	"\x2e\x18\xa9\x53\xb9\x3a\x8c\x50\x3c\x4d\x2d\xc6\x32\xf5\xf1\x58"
	"\x1a\xbb\x56\x89\x99\x90\x1f\xcb\x33\x26\x60\xd4\x79\x96\x4f\xc7"
	"\x4c\x3d\xc6\x33\x3c\x57\x0f\x32\x43\x3d\xc6\x0b\xb4\x98\xd0\xd7"
	"\x41\x3c\xcf\x0e\xf5\x18\x4d\x07\x92\x18\x8d\x59\xb4\xc4\xe8\xf3"
	"\x63\x9b\x7e\xa8\x8e\x68\xc5\xd7\x9a\xc9\x49\x6c\xd0\x6d\xfd\xba"
	"\x46\x50\x8b\xc0\xb6\xd1\x29\x62\x5a\x72\x05\x68\xe6\x74\x01\xd0"
	"\xc6\xe0\xea\x00\xbe\x0e\x10\x68\x00\x81\x2e\x93\x81\x2e\x93\x81"
	"\x2e\x93\x81\x2e\x93\xa1\x2e\x0f\xa1\xa5\x03\xe8\x32\x29\x76\x46"
	"\xb6\xa3\xc7\x38\xe6\x04\x8c\xba\xbc\x25\x09\x7c\x5b\x33\x63\x00"
	"\xc6\xb1\xd4\xd5\x92\x73\xb2\x03\x42\x3b\x9a\x32\x8e\xb8\x31\xbb"
	"\x40\x09\x17\xc3\xdd\xd6\x62\x7c\x4d\x7f\x12\x18\x3f\x30\x2c\x2d"
	"\x26\x34\x1c\x4d\xf1\x16\x81\x1b\xaa\xab\x32\x29\xc1\xa6\x8f\x8c"
	"\x1a\xc0\x36\x08\xb9\x01\x81\xc3\xa9\x4d\x91\x71\xb1\xb6\xf4\x4d"
	"\x61\x07\x18\xb2\xae\xaa\x04\x79\x82\x5a\xd2\xf9\x5a\xad\x1e\xc0"
	"\xc3\x1f\xdd\x92\xcc\x56\x5c\xb3\xe6\x08\x84\x66\x5a\x11\x08\xa2"
	"\x41\x28\xac\xb7\x2e\x0a\x18\x4d\x4c\x5f\xf3\x12\x25\xa1\xc4\x74"
	"\x0c\x5b\x87\xb1\x4c\x3d\xc6\xdb\x62\xec\x66\x97\x4c\x53\x46\x1c"
	"\x9f\x4e\x03\x69\xc6\x72\x03\x9b\xdb\x9a\xb5\x80\x91\x95\xeb\xd5"
	"\x40\x00\x41\x75\x1a\x10\xa3\xd4\xf3\x74\x5b\x14\x62\x5a\x41\x1c"
	"\x68\x77\x44\xcc\x34\x4c\x5d\x54\xcc\x0f\xac\x40\x8f\xf1\x35\x2b"
	"\x90\xa8\xf8\x40\xa7\x66\xe7\x91\x65\x84\x5a\x88\x66\x25\xe3\xc4"
	"\x57\x0f\x67\xbe\xa2\x44\xb3\x7c\x73\x5a\x9a\x9a\x89\x43\x42\x6c"
	"\x1d\xc4\xd1\x74\x35\x80\x68\x6a\x65\x93\x46\x5e\xe0\xa9\xb5\xf4"
	"\x0d\x37\x2d\x8d\x36\xb6\xe1\x40\xa4\xa8\x84\x6c\x03\xdb\x0f\x30"
	"\xbf\xb9\x1d\x4c\x38\x05\x63\x4d\xc0\xd8\x7a\x88\xab\x83\x64\x7e"
	"\xe0\x72\x36\x01\xe5\xe5\x4b\x1d\xca\xb3\xfc\xd5\x62\x02\x28\xe9"
	"\xa3\x94\x66\xa1\x97\x01\x00\xd6\xda\x37\xd7\x0e\x17\xaf\x53\xf0"
	"\x20\xb5\x73\xb2\xd5\x06\x5c\xce\x63\x06\xc1\xc5\xe2\x36\x0c\xd8"
	"\xfc\x80\x14\x67\xc7\xab\xb4\x64\xb7\xf2\xb3\xdf\xca\x65\xb1\x01"
	"\x06\xe9\x72\xb7\x4d\x59\xd2\x77\xa0\x75\x0b\x5c\x44\x69\x25\xa6"
	"\xf9\x08\x23\xff\x18\xf9\x44\x52\x1f\xb2\x32\x22\xd3\x3f\x69\x4f"
	"\xe1\x80\xc6\x31\xc2\x94\x83\xf3\x77\x78\xae\x46\x80\xca\x72\x02"
	"\x00\xac\xd9\x76\xa8\x49\x5b\x17\x39\xb1\x58\x9a\xe2\x9c\x8f\xdc"
	"\xcb\x75\xa7\xcd\x3b\x6c\x80\x05\xb9\x3b\x0b\xb0\x17\x09\x0b\xf0"
	"\x50\xab\xc2\x9c\xb3\x02\x4e\xb1\x24\x95\xf8\xd8\x5b\xb2\x94\xa6"
	"\xf0\x24\xae\xc8\x53\xde\xe5\x8c\x6c\xc3\xe1\xc5\x93\xe8\x7b\xb7"
	"\x9d\xe8\xe6\x83\xb3\x80\x43\x3f\x0f\x42\xdf\xe9\x99\x75\xd2\x7a"
	"\x2c\xa7\x83\x4f\x41\xe9\xb9\x8d\xf0\xa2\x0a\xf1\xe1\x01\xff\x19"
	"\xd1\xe6\x35\x26\x1b\xd6\xf7\x3d\x72\xb6\x48\x01\xaf\x74\xa2\x19"
	"\x22\xc4\x8a\x60\x1b\x71\xb2\x8a\x8b\x51\x2b\x4a\xa0\x93\x2e\x18"
	"\x4b\x1b\xd6\xdd\xe6\xca\xf4\xf4\xfa\x74\x78\x9f\xb1\xa7\xe7\xa7"
	"\xc3\xe9\x75\x36\xdf\x1f\xfe\xf9\xf1\xbc\x7f\x3d\xf6\x06\x3b\x1b"
	"\xf3\xed\x37\x27\x34\xba\x89\x6e\xfe\x76\xda\x3f\x1e\x4e\x2f\xb3"
	"\xf7\x1f\xc7\xc3\x13\xbc\x11\x82\x77\x70\xdd\xc8\xe0\xb3\xdb\x9b"
	"\x6e\x78\x8a\xf1\xf7\xcf\xd7\x03\xd8\x8b\xdd\x7a\x0e\x38\x9f\xfb"
	"\x2e\xe2\x9b\x77\x69\x10\x16\x31\xdb\x47\xd6\x89\xb3\x18\x39\x64"
	"\x68\xac\xf0\xc0\x80\x00\x39\x39\x91\xdf\x47\xdc\x0a\x7c\x43\xe1"
	"\xa9\x09\x40\x92\xaf\x69\x91\x25\xf5\xe0\xa9\xcf\x08\x6a\x95\x91"
	"\x98\xa0\x18\x51\x41\x6e\x68\x20\xea\x80\x8c\xa4\x2e\x2d\xe4\x79"
	"\x9f\x2c\x4f\x1c\x85\x86\x8d\x7f\x0e\x62\xd7\x42\x6d\x52\x3b\x10"
	"\x8c\xb3\xe2\x02\x71\x95\x62\xe4\x88\xed\x22\xb6\x55\x62\x8c\xb6"
	"\x42\x8a\xb3\x1c\x8f\x5a\xa8\xd4\xe0\x48\x48\x59\xbe\x33\x46\x55"
	"\xc0\x55\xea\x09\x1d\x06\xb7\xff\x12\x9b\x84\x5d\x19\xb1\x94\xd8"
	"\xa8\x58\x44\x5f\x66\xe3\x0a\x43\x56\x0a\x31\xf2\xba\x04\x64\xe8"
	"\xcb\x13\xf0\x33\x27\x99\x04\xd0\x8c\x41\xe6\xbf\x44\xf9\xc3\x8e"
	"\xd0\x02\x73\x8b\x06\x98\x3b\x31\x8f\x20\xb9\x03\x71\x10\x48\xef"
	"\xf4\x1a\xb9\xab\x96\x7b\x06\xde\x0f\xe1\x6c\xcb\x71\x91\xb3\x91"
	"\x16\xe0\xfb\x42\x49\xd4\x00\x42\x5b\x0d\x08\x1c\x25\x20\x08\x0d"
	"\x5f\x2d\xb7\x5c\xb5\x3c\xd4\x7c\x1f\x06\xb8\x9c\x7b\xb6\xea\xf3"
	"\x24\x5f\x58\xe6\x9c\x22\xae\x66\x1f\xe4\x1b\xb1\x12\xfd\x7c\x93"
	"\x96\x49\x25\x1f\xcc\xa1\x90\x2a\xe1\x6b\x54\x58\x92\x85\x2b\x86"
	"\x29\x5e\x7d\x72\x51\xaa\xca\xb1\x77\x93\x20\xbe\x18\x50\x76\xae"
	"\x0b\x45\xb0\x7c\xdc\x41\xfb\xee\xbf\x64\x5e\x6e\x2d\x8a\xfa\x72"
	"\xce\x70\x53\xf6\x06\xe0\x1a\x8a\xdc\xca\xef\x31\x9e\x7b\x09\x20"
	"\x2e\x77\x03\x45\x04\x77\x81\x81\xb7\x65\x95\xbb\xdc\x33\x71\x39"
	"\x4b\x88\x7a\x09\x61\xa9\xe3\x7b\xb5\x06\x43\x5d\x03\x5f\xe9\xd8"
	"\xdd\x7d\x20\xc6\x94\xa5\xf8\x1c\xa1\x1d\x8b\xe6\xb5\x6b\x68\x96"
	"\x38\x26\xb6\x75\x09\xd6\xd4\x37\xb6\x03\x10\xca\x53\xb1\x43\xb6"
	"\xe1\x52\x9d\x33\x12\x29\xd6\xbc\xac\xb4\x43\xc5\x30\x05\xb3\x9b"
	"\x00\xaf\xd9\x32\xca\x28\xc2\x98\x0d\x5c\x54\xa6\x81\xd8\xc8\x34"
	"\x44\x55\x18\x59\xa1\x8a\xc5\x4a\x16\x4e\x02\x42\x43\x0d\xb0\x4c"
	"\x5f\x07\x08\xd4\x80\xc0\xd3\xe4\x21\x34\x0d\x1d\xc0\xd2\x02\x94"
	"\x6b\xe1\x05\xa4\x5a\x54\x05\x48\xac\x17\xc8\x66\x9c\x6f\x33\xc7"
	"\xb0\x15\x1d\x4c\x00\xc0\x41\x9d\xba\x07\x6e\x33\xd3\xf2\x6d\x35"
	"\x26\xa3\xb6\xab\x98\x04\x38\xb1\xdd\x20\x54\xd4\x28\x55\x2c\x99"
	"\xb8\xf9\xab\xd4\xcb\xaa\xf4\xa1\xc8\x23\x65\x4d\x9e\x31\xaa\x8a"
	"\xdc\x52\xd4\xfc\xa9\x15\xdb\xa6\x5a\x77\x69\x21\x9a\x44\x6c\xd7"
	"\xd0\xc5\x12\x86\x0e\x62\x42\x02\x3e\x3a\xae\x8f\x38\x06\x82\x8b"
	"\x2d\xe4\xc5\xb1\x41\x1c\xd6\xf2\x1c\x30\x16\x93\x20\x70\xb6\xf7"
	"\x1c\x9a\x09\xa9\x2d\xfb\x46\x9c\x90\x51\xb7\x08\x20\x77\x1b\x79"
	"\x3f\x52\xdb\xa9\x87\xc1\x17\x82\xaa\x9e\xf3\xc3\x0b\x6b\x15\xf6"
	"\xc2\xec\x8a\x68\xdc\x38\x8d\x1c\x67\x5f\x21\xf0\x92\x67\xdd\xd0"
	"\x2a\xb0\x35\x45\x2c\x90\xae\x70\xd8\x64\xcb\x3d\xf6\xd4\x0f\x22"
	"\xc2\x83\x00\x39\x0d\xed\xa0\x62\xd7\x46\x74\x8b\x0e\x28\x17\xff"
	"\x95\x1a\x90\xd0\xb7\x2d\x64\x12\x19\x80\x4c\x0d\x68\x11\xe5\xae"
	"\xed\x8e\xda\xdb\x5d\x41\xd0\x4d\x96\x8b\x7a\x97\xc5\xc5\x78\xfd"
	"\xa2\x76\x77\x57\x48\xca\xb2\xd0\x36\x5c\x3d\xca\xb3\x7c\x33\xd2"
	"\xc0\x60\xf9\xf1\xcd\x29\x20\x4b\x0b\x0a\x7c\xc4\x56\xbc\x0f\x72"
	"\x75\x59\xcf\x9a\x99\x4a\x83\x02\x25\xda\x45\x54\xe4\x1e\xca\x32"
	"\x0c\x6d\x0b\x83\xb6\xea\x39\xe1\x14\x94\x37\x25\xae\xd0\xb5\xa6"
	"\xa0\x90\x0b\xd6\x0e\x4a\x68\xc9\xda\x9e\x27\x46\x16\x78\xee\xcb"
	"\x49\x29\x34\x56\x37\xd6\xa0\xcb\xc5\xfa\x01\x75\xd1\xdd\x81\x6d"
	"\xa9\x06\x71\x39\x97\xd1\xe0\xc4\xea\xe8\x9a\x98\xe3\xa2\x1e\x0c"
	"\x08\x82\x8d\x09\x30\x17\xa3\xc3\x1c\xc2\xfc\x7a\x0a\xcc\x72\x6a"
	"\xe5\xa0\x15\x6a\x7e\x4b\x75\x73\x5b\x07\xbd\xa3\xae\x7e\xf8\x2e"
	"\x8b\xe6\xe9\x7c\x8e\x8b\x49\x8c\x0b\x8b\x2c\x19\x97\xb2\x92\x8e"
	"\xcf\x1c\xa4\xd4\xcd\xad\x02\x61\xc1\xec\xa3\x2c\xac\x00\xd9\x63"
	"\xe9\x42\xf8\x6e\x45\x19\x43\x85\xb4\x11\x8e\x27\xec\x48\x6b\x4b"
	"\x5d\xca\xab\xdd\xdd\x1c\x4d\xc1\x91\x29\xe0\x53\xe7\x5d\x75\x5f"
	"\xa8\x27\xdf\x84\x8a\xf5\x65\x6c\xc1\xdc\x95\x55\x51\xdf\x5f\xd6"
	"\xa8\xd1\x7a\xe7\xeb\x4e\x7b\x48\x87\x33\x72\xb1\x2f\x2a\xde\x63"
	"\x55\x79\x39\x3e\x3e\xed\x67\x87\xd3\xdb\x88\x9f\x92\xe6\x2b\x12"
	"\x51\x60\x60\xba\x7e\x7c\x55\x3d\xa4\x5c\xac\x5b\x40\x19\xc8\x37"
	"\x67\xc8\x98\x1e\x22\x91\x40\x69\xc4\xe1\xac\x76\x83\xc7\x56\x45"
	"\xe0\x8a\x66\x24\xa6\x01\x8e\xc5\xd5\x04\x54\x45\x26\x80\x48\x42"
	"\xb4\x59\x6f\xdd\x45\x65\xdd\xca\xde\xa4\x71\x22\x9f\xd6\x0d\x83"
	"\x36\x4e\x66\x81\x5b\x34\xf0\x59\x12\x75\x9f\xd4\x5d\xc5\xc3\xb0"
	"\x28\xde\x34\x0a\xcf\x50\xd0\xe8\x38\x34\xcd\x61\x60\x47\xf9\xb2"
	"\xfb\x8a\x4f\xa6\x23\x7a\x89\x05\x3d\xe5\x36\x1f\xf3\xf5\xc2\x3a"
	"\x9f\xc2\xde\x84\x8b\x4f\x8a\xee\x2d\xcd\x55\xb2\xa1\x37\xfe\xac"
	"\x64\x42\x59\x51\x94\xf3\x88\x8c\x31\xc3\xc5\x9b\xf9\x20\x21\x08"
	"\x19\x78\xc3\xe5\xbc\x24\xe9\x2e\x49\x44\xdf\xa5\x48\x1c\x62\x91"
	"\x11\x35\x11\x95\x1c\x3c\x33\x76\x5c\xbc\x80\xec\xec\xd9\x4a\x56"
	"\xc5\xed\x93\x6a\x2a\xfb\xf1\xed\x41\xb4\x6c\x3d\xe9\xfd\xac\xdf"
	"\xf9\xb7\xc7\xbf\x0e\xfb\x97\x5b\x9a\x3f\xe9\x05\x4d\xd6\x3c\xc9"
	"\xa2\xee\xd8\x1e\x08\x06\x7e\x65\x3a\xa0\x25\x2b\x49\xf4\xf9\xa5"
	"\xef\xb4\x8c\xba\xd8\x2b\x7c\x99\x37\xbe\x31\x3c\x85\xd3\xc0\x65"
	"\x16\x78\xb8\x5b\x36\x99\xe0\x6e\x9e\xe4\x5f\x35\x10\xc9\x2d\xa6"
	"\xc3\x94\x69\x64\x6a\x30\x31\x27\x0c\x3b\xbe\xb9\xa2\x12\x5e\x50"
	"\xa6\xc1\x2c\xd2\x3c\x29\x53\x5d\x9e\xbe\x24\xf0\x1c\xf1\x8b\x0e"
	"\x95\x01\x1f\xf7\x9c\xc4\x1a\xdc\x9d\x48\x93\x70\x1d\xa8\xc8\x53"
	"\x12\x69\x40\x34\xaa\x74\x05\xa4\x55\x08\xc6\xd1\xba\x98\xf2\x6d"
	"\x60\xe8\x6a\xa1\xd8\xb8\x88\x9d\x62\x0f\x63\x3b\x53\x30\x3b\x5d"
	"\x4c\x62\x13\x64\x21\xc7\xad\x3d\x90\x6f\x2b\xfa\x75\x07\x65\xea"
	"\x3a\x15\x4b\x1c\x43\x8b\xc9\x43\x91\x2b\x2b\x98\x04\xd3\xd5\x27"
	"\x13\x4d\x5c\xcf\xa7\x80\x74\x3d\x0f\xfe\x71\x0d\x63\x12\xca\x9c"
	"\x84\x72\x27\xa1\xbc\x49\xa8\x60\x0a\xca\x9b\x92\x2f\xd3\xd5\x57"
	"\xfd\xd7\x50\x9f\x79\xc0\x10\x3d\xc8\xd6\x37\x21\xbf\x33\x4c\x47"
	"\x0f\x32\x4d\x5b\x9b\x29\x98\x82\x03\x6d\x1b\xae\x73\x70\xc0\xaa"
	"\x41\x71\xcf\xd4\x4d\x8e\x62\xa7\x5f\x15\x5a\xcc\xba\xc4\x9c\x04"
	"\x76\x50\x9b\xc0\xb5\x75\x43\x70\x43\x0c\xec\x61\x74\x07\x24\x66"
	"\x3c\xaa\xc1\xd4\x69\x05\xb4\xe4\x3b\x92\xea\x66\xd0\x07\x62\x2b"
	"\x56\xb4\x72\x4b\x10\xcf\x9d\x72\x85\x15\x8b\x10\x5e\xa4\x87\xca"
	"\xf6\x1c\x45\xdc\xa2\xc1\xb7\xc9\x5c\x55\x16\x66\x59\xc8\xae\xbe"
	"\x49\x5f\x60\xf8\xe6\xd6\xc2\xe6\x75\xff\x7c\xfa\xf6\xe9\xf1\xe9"
	"\xdb\xd3\xc7\xfe\x79\x26\x10\x70\x45\x31\x42\x05\xd9\xaa\x74\x6b"
	"\x63\x60\xb8\xd6\xb2\x77\xea\x3e\x07\x6d\x47\x6a\x1b\xe3\x55\x00"
	"\x62\xce\xa5\x93\xdc\x75\xbc\x44\x58\x25\xaf\xa0\x18\x21\x09\x63"
	"\x94\xc9\x54\xe2\x6a\x83\xc6\x30\xb7\x88\xd5\xde\x94\x97\xe8\x7d"
	"\x0c\x00\x23\x36\x30\x57\xeb\xe8\x58\x7f\x40\x51\x7f\xdb\xf7\x2a"
	"\xef\x77\x75\xd5\x09\x95\x16\x7b\xf1\xde\x28\x74\xa0\x49\xe2\x2a"
	"\xbb\x50\x57\xaf\xee\x43\x47\x1c\x7d\xb7\x9d\x2c\x5a\x24\x3b\x42"
	"\x90\xbb\x59\xb8\xb8\x6d\x76\x3e\x8a\x7e\xa2\xa0\x49\x80\x3c\x5c"
	"\x54\xf3\x26\x0b\x28\x4e\xbe\x08\x57\x81\xa0\x8a\x87\x05\xba\x7d"
	"\xaf\xc9\xd3\x19\x30\x9b\x92\xfd\xcb\xf1\x6d\x2f\x7a\xeb\xe3\x6c"
	"\xf3\xf4\x78\x3c\xcd\xfe\x67\x16\xa5\xac\xa3\x12\xc3\xd1\xaf\x2c"
	"\xd9\xe0\x38\xb8\xd9\xe7\x0d\x76\x21\x42\x32\x1f\x83\xcf\x71\xfc"
	"\x65\xc7\x28\x2d\xcf\x06\xa2\xae\x17\x7a\x19\x40\xd2\x41\x00\x4b"
	"\x2d\x63\xb7\x4a\xa2\x78\xf8\x66\x13\x24\x16\x26\xb1\xd1\x6f\x6c"
	"\x13\x93\x94\xab\xfb\x9b\xb0\xb8\x1f\xd2\x6c\x57\x06\x8f\x28\x59"
	"\x99\xf6\xe8\x8b\x2e\x81\xbb\x8d\x89\x72\xb5\xb6\x80\xb1\x07\xc5"
	"\x29\xad\x4d\xdb\xe9\xb0\x9f\xc2\xef\x9d\x2d\x62\xb1\x09\x7d\xcb"
	"\xe9\xfe\xee\x7a\x4e\xd0\x61\x6a\x11\xb3\xbb\x1d\x76\xe5\x41\x60"
	"\xb9\xfd\xdf\xbd\xce\xef\xef\xee\x3f\xce\xb1\xeb\xb2\x6d\x63\x5a"
	"\x81\x6d\xf4\x4b\x29\xf7\x7c\x4d\x37\x07\x96\xe0\x2c\x02\x66\x04"
	"\xb1\x44\x24\x83\x6e\xf0\xa5\x4c\x06\xcd\xbf\x18\xd4\x21\x20\x62"
	"\x3a\xe8\x6d\xf2\x8e\x55\x8c\x62\x2e\x94\x5f\xd1\x5d\x3e\xff\xe7"
	"\xfd\x78\x10\x93\xc5\xe3\xf1\xe5\xe4\x39\xff\x19\xd0\xdc\xb6\x58"
	"\xec\x46\x40\x66\x37\x05\xcb\xf6\xde\xce\xfa\x1a\x2c\x06\xe1\x48"
	"\xf0\x12\xca\x05\x9b\xc9\x41\xce\xe2\x44\xfa\xa3\xe0\xc3\xbe\xdb"
	"\x11\x88\x7d\x1f\x87\x43\x8f\x73\xe7\xef\x65\x57\x8c\x36\x6c\x7f"
	"\x5b\x7e\xbd\xfa\x4d\x6e\x03\x44\x1c\xc0\x9b\x75\x13\x9c\xaf\xc5"
	"\x50\xa7\x75\x5b\xe9\xec\xb3\x33\x04\xb0\x6d\x8f\x92\xa7\x0d\x6d"
	"\xe6\xc7\x79\x51\x37\xf1\x8e\xdf\xe0\xb1\xf2\xf6\xa5\x6c\x4b\x28"
	"\x7d\x7c\x9c\x51\x4a\x3e\x81\x43\xe0\x33\x33\x64\xdf\x9c\x54\x2c"
	"\x1b\xd2\x5b\x30\xb6\x6e\x90\xfb\xb2\x4a\x98\x7c\xe8\x4b\x47\x59"
	"\xdf\x9a\x9d\xfa\xfe\xf5\xf0\xf4\xfc\xbc\x7f\xfb\xf7\xca\x47\xfa"
	"\xf1\xf3\x55\xfc\xff\x87\x40\xbe\xbe\x9f\xe0\x87\x27\xeb\xf0\xc7"
	"\xec\xef\xb7\xd3\xeb\xc7\xf1\xf5\xf1\xfd\xf7\xe1\xae\x1e\x4e\x58"
	"\xaa\x8d\xe4\xc4\x65\x49\x26\xf6\x74\xc3\xf3\xae\x88\xf3\x48\xfa"
	"\x0f\x6a\x96\xef\x9f\x8f\x4f\x27\xb1\xe6\x1c\x4e\x8f\x32\x99\x1f"
	"\x6f\x27\xb1\xf8\x40\x4a\xf2\x21\xfb\xcb\xd3\xaf\x0e\x6d\x4b\x15"
	"\xb3\x0b\xf4\x1c\xd6\xcc\xa6\xe3\xa1\x10\xc3\xbe\x97\x40\x5f\x7e"
	"\x7c\xed\x87\xb6\x93\x74\x53\xd4\xce\x42\x28\x85\x8b\xe7\xfd\xfb"
	"\xf7\x61\x60\x13\xcf\xd3\x8b\xc8\xf6\x7f\x8f\x2f\xc7\xd7\x8f\x19"
	"\x70\xb4\x5e\xc4\xb2\x74\x9f\x1a\xd0\xe1\x24\x50\xa2\x68\x60\xa1"
	"\xd7\x03\xd1\xa7\xf7\xc3\xf1\x19\x8c\x06\x4f\xc0\x0b\x7c\x7c\xfe"
	"\x71\x7c\xeb\x23\x58\x53\xf7\xb3\x9f\xef\xa2\x23\x88\xcf\xdf\x4f"
	"\x87\xdd\xa1\xc9\x6b\xd3\x4e\xc3\x46\xe0\xeb\xbc\x37\xb3\x5e\x03"
	"\x81\xa1\xb4\xcc\x92\x71\x19\x8f\xa3\xc0\x0a\x0d\x85\xd0\xaf\x51"
	"\xa1\x29\xa4\x26\x2a\x0d\x83\xc0\x1f\x17\x52\x2e\x76\x85\x48\xb4"
	"\xb5\xdc\x58\x62\x32\xf0\x3e\x87\xc9\x1c\x54\x46\x89\xe3\xb0\xc0"
	"\xb0\x7b\x07\xae\xef\x1f\xa2\xaf\xec\xdf\x1e\x67\xbf\xbd\xef\x3f"
	"\x44\x63\x3c\x7d\x1c\x7f\xbf\x76\xf2\x4b\x4b\xf5\xa1\x07\xc9\xea"
	"\xf7\xbf\x33\x31\x1a\x45\xc3\x7e\x80\xef\x83\x91\x8f\xc4\x1c\xf0"
	"\x27\x53\xc7\x0b\x90\xff\x67\xec\xda\x96\xdb\xc6\x95\xed\xaf\xa8"
	"\xe6\xe1\xd4\x9c\xaa\x93\x1a\x91\x14\x29\x6a\x9f\x9a\x07\x88\x04"
	"\x25\x8c\x79\x33\x01\xca\x54\x5e\x58\x1e\x47\x49\x5c\xdb\xb1\x5c"
	"\xb6\xa7\x66\xb2\xbf\x7e\xa3\x41\x8a\xe2\xad\x01\x3f\x24\xb6\xb1"
	"\x16\x40\xa0\xd1\xb8\x03\xdd\x42\x36\x35\x2c\x9d\xe9\xac\xae\x8e"
	"\xa6\x4d\x18\x52\x09\xda\x5c\xcd\x7c\x84\x80\xcb\xbc\x5f\x53\xd9"
	"\x9b\x7c\x5f\x10\xa9\x3b\x8f\x0f\xf7\xcf\xbf\xdd\x9c\x5f\x4f\xf7"
	"\xcf\x0b\x71\xfd\xf2\x6f\x81\x2a\x55\x28\x0e\x33\x69\x30\x1e\xea"
	"\x73\x7a\x65\x0d\x8b\xfc\x3f\x1f\x8c\x7a\x99\x87\xf7\x58\x52\xe1"
	"\x9f\x7e\x2e\x9a\x6e\xe8\xb7\x3c\x8e\xbb\x46\x21\xa7\xd0\xad\xcd"
	"\xc3\x4b\xab\x6c\xec\xe2\x83\xbc\x2f\x24\x71\x3e\x3f\xbd\x81\x51"
	"\x45\xc9\x38\x3d\x9d\x5f\x16\xcf\xa7\xbf\x71\xd1\x86\x65\x92\x1c"
	"\xe7\x44\xbb\x7b\xbd\x7f\xf9\x0e\xf7\x7c\x27\xbb\xf1\x87\x1d\x19"
	"\x59\xa9\x6c\x02\xd4\xae\xe9\x2e\x2f\xf9\xef\x96\x37\xb8\xa7\x7c"
	"\xb3\xe3\xf1\xe4\x62\x32\x04\xd6\x41\x14\x41\x0e\xe6\x2c\x89\x2a"
	"\x12\x09\x0b\x9a\x66\xfd\x2b\xf2\x6a\xa0\xfc\xfd\x97\x1f\x6f\x3f"
	"\x3e\xdd\x7f\x79\x3d\x3d\x9f\x3f\xbd\xff\xe7\x97\xc9\xd7\x6a\x96"
	"\x25\x49\x39\x18\x96\x90\xbb\xcf\xca\xdc\x06\x51\x03\xf6\x44\x04"
	"\xd1\xab\xec\x70\x16\x7f\xfe\xf5\xf5\x2b\xd8\x89\x1d\x6f\xd0\x46"
	"\x03\x43\x9c\x97\x51\xa6\x96\xcd\x6e\xce\x2f\x75\x24\xe7\xa9\x49"
	"\x08\xaf\xa9\x07\xb1\x64\x05\x20\x77\x9c\x24\xa4\x4c\xa2\x1c\x28"
	"\x27\x9a\x25\x06\xa4\x2b\xff\x45\x2c\x8e\x8b\xc1\xc8\xd3\x02\x72"
	"\xc1\x74\x94\xd9\x22\x13\x80\x25\x64\x47\xb7\x31\x13\xa3\xfc\x00"
	"\x56\x80\x97\x74\x56\xd1\x18\x76\x97\xeb\xed\x11\x71\x10\x26\x99"
	"\xfc\xc8\xbb\x6f\xeb\x38\x97\x6c\xe8\x38\x5d\x8e\x30\x92\x5c\x75"
	"\x50\xb6\x4b\x6b\x9a\xca\xae\x2d\xd5\x66\x29\xcb\x39\x8a\x4b\x75"
	"\x05\x9b\xa4\x08\x9c\x10\xb8\x04\x4b\xd1\xe8\x70\xf2\x30\xb1\x2f"
	"\xdd\x8b\x2e\xe3\xb6\x46\xf2\xf9\x48\xb2\x82\xc5\xaa\x78\x82\x0d"
	"\x5f\x59\x4c\x75\xed\xfb\xc5\x9a\xfe\xcc\x33\x1a\xa8\x22\x56\x14"
	"\x25\x9a\xc1\x3c\xb1\xe7\xb3\x46\x8a\x24\x88\x83\x70\x5c\xdf\xc7"
	"\x2d\x2d\x6c\xcc\x0d\x19\x44\xe3\x72\x71\x49\x52\xb4\x56\x58\xc2"
	"\x05\x0a\xea\xfd\x7f\x43\x6d\x58\xa1\xba\x58\x8d\xe1\xa9\x9c\x21"
	"\x33\x54\x6d\xe4\x0a\x14\xc5\xd8\x7a\xb5\xc4\x2b\x59\x14\x19\xfa"
	"\xcd\x42\x2e\xd2\x32\x54\xbf\x88\x38\x5a\xc8\xf6\x63\x83\xa2\x45"
	"\x75\x50\x84\x1c\x30\x1b\x0b\x80\x32\x54\x7a\x29\xcd\x64\xa3\x61"
	"\x68\x0f\x72\x73\x44\x36\xf7\x24\xe6\x84\x11\x2a\x81\x43\x96\x85"
	"\x59\x66\xa1\xb0\xf0\x3d\x1b\x2d\x8d\x28\xe4\x62\x0d\xd7\x17\x52"
	"\xdc\xe0\xaa\x8b\x26\x1a\x48\xed\x65\x29\x2e\xa3\x84\x07\x25\x5e"
	"\x9e\x32\x8c\x51\x35\xd9\x26\xf5\xae\x12\x2b\x17\x6f\x01\xed\xdd"
	"\x2d\x54\x99\xa8\x54\xa6\x34\x4b\xd0\xcc\x25\x5b\x29\xae\xaa\x42"
	"\x3a\x8c\xa1\xb9\x5d\xe8\x61\x8a\x8c\x84\x7c\x4f\x29\x2e\xc2\x32"
	"\xab\x6f\xac\xcd\xb2\xc2\x55\x06\x66\xbc\xe8\x80\x17\x6e\x09\x9a"
	"\x99\x3a\x09\x95\x75\xa7\x64\x64\xff\xa8\x43\x73\x7d\xd4\xf9\x38"
	"\xe0\x25\x0c\x97\x8f\xe4\xdc\xe6\x2c\x00\xa7\xd3\xf5\x2d\xcc\x26"
	"\x72\x92\xd2\xd8\x48\x57\x2c\x39\x39\x10\xa3\xc1\x67\xa6\x3c\xf0"
	"\x26\x90\x42\xd7\x3d\x18\x07\x3b\x78\x1f\xc2\xb5\x73\x48\x6e\x36"
	"\xfb\x17\x46\xb2\x07\xc3\xce\xcc\x77\x90\xb3\xad\x7e\x04\xc9\x75"
	"\x8c\xa4\x90\xb3\xba\x31\xd6\x2b\x57\xf3\xb3\xf6\xf6\x07\xec\x5c"
	"\x9f\x47\x29\x67\xc7\x90\x44\x35\xbb\x59\x00\x1a\xc3\x65\x3f\x8c"
	"\x9c\xb3\xa9\xf6\x85\x39\x8c\xee\xc6\x43\xb8\x97\xa3\xbd\xe4\x40"
	"\xc2\xf9\x27\xa5\xb2\xc2\xa1\xf8\x73\xf7\xc4\xd5\xb6\xcf\x68\x48"
	"\xbd\x3c\x79\xc9\x76\x83\xfb\x2c\xf0\x37\x58\xab\x29\x2b\x78\x9b"
	"\x37\xdf\xeb\xf5\x38\xf2\xa3\xd6\x9c\xf5\xe4\x1e\x25\x88\x4b\x61"
	"\xf7\xb7\xbb\x94\x67\x82\x81\xb5\x02\x08\xa8\xb3\xd6\x1a\xda\xdc"
	"\xf3\xb9\xb4\xef\xeb\x20\x0d\x1b\xc7\x51\xc3\xa0\x3c\x48\x86\x01"
	"\xfb\xbb\x90\xe6\xc3\xa0\x82\xdc\x25\x72\x1c\x1c\x06\x82\x03\x23"
	"\xb5\xc3\x91\x45\x51\xeb\x08\xaf\x87\xfe\xd1\x28\xfb\x35\xaf\x60"
	"\xf9\x8c\xde\x96\xe0\x96\x00\xb1\x3a\x91\xc2\xfd\x8e\x0a\x3c\xee"
	"\x72\x8e\x32\x64\x76\xc7\xf8\x08\xbd\x94\x71\x10\x6d\x5f\xa8\x60"
	"\x24\xda\xf0\x4e\xc5\xb0\x20\xb0\xaa\x90\xbd\x7f\xc8\x7f\x77\xec"
	"\x7e\x78\xab\x6a\x75\x16\x87\xc3\xcb\x2d\x2a\x1f\x45\x16\xd4\xd1"
	"\x28\xa5\x03\x3c\x6d\xe1\x54\x81\x11\x1f\xe7\xf0\x8a\xa2\x0e\xc5"
	"\x54\x56\x51\xab\xac\xbd\x8a\x02\x49\xa3\x9c\x2c\x8f\x1d\x70\x67"
	"\x69\x22\xad\x8c\x24\xbe\x25\x77\x54\xcb\xa0\x49\x69\x2d\x6f\xac"
	"\x31\xa7\x5f\x9e\xe9\xb1\x84\x0a\x86\x75\x21\x9a\x2c\x81\x3b\x38"
	"\xb8\x12\x89\x9c\x1c\xf0\x4c\xb7\xfe\x04\x2d\xcf\xc5\x8c\x0f\x40"
	"\x1a\x79\x39\x3a\x86\x1f\x68\x19\x1b\xe7\x97\x84\x96\x8f\x5c\x7d"
	"\x6d\x32\xcc\x31\x8b\xcd\x0d\xcc\xdc\x15\x66\x9d\x0a\x70\xc1\x58"
	"\x95\x1b\x60\x35\xf7\x4f\x70\x52\xe9\xfb\xd6\x52\x0b\xdb\x7a\xd8"
	"\xd1\xc0\x77\x36\x8e\x7d\x16\x8e\x83\x59\xae\x90\xf8\x56\xf8\xc8"
	"\x7d\x4f\xd5\xcb\x90\xa5\x85\x1c\xf0\x2b\x38\x61\xa8\xab\x10\x50"
	"\xe3\xea\xb8\xa3\x29\x1e\x9b\xaf\x6c\xdf\xd2\xc1\xd8\x6d\x24\x05"
	"\x8b\x2a\xc2\x3f\x1d\x92\x22\x26\x1a\x89\xee\x94\x95\x0d\x14\x8e"
	"\xc9\x51\x1b\xbd\x49\x7e\xa5\x4f\x7e\x65\x48\x1e\xc7\xe5\x18\x46"
	"\x34\xbd\x34\x8e\xd1\x60\x9f\x39\x78\x07\xc5\xe4\xda\x19\x71\xfd"
	"\x73\x85\x99\x89\x10\xfe\x61\x4c\xa1\x32\x26\x51\x99\x7a\x2d\x13"
	"\xae\x49\x20\xe5\x96\xb3\x5e\x1a\x70\xcd\x07\xb8\xb5\x71\x7c\x2d"
	"\xec\xe1\x70\x94\x60\x2e\xe2\xd4\x48\x18\xf2\x5c\x0b\xe2\x5d\x08"
	"\x0b\xa8\x85\xcd\xc3\x3a\x5c\xa3\x54\xea\x29\xb0\x5f\x2d\x8d\x04"
	"\x3c\x0b\x37\x59\xb1\xb3\x6c\x4d\x1e\xe2\x2c\xc6\x95\x33\xae\xbc"
	"\x95\xb7\xa2\xf8\xec\x22\x21\x94\xcb\xd5\x94\xa3\x9b\xa0\xa0\x8e"
	"\x4b\x25\x9c\x26\xb6\xeb\x69\xe6\x2e\xd5\x1e\x9f\xfb\x14\x2c\x17"
	"\x2c\xa4\x38\x9e\x50\xc7\xd6\xa1\x1b\x4f\x8f\xba\xb6\x66\x50\xf4"
	"\x70\x6d\x86\xbb\x5f\xc1\x81\x6d\x35\x72\xd3\xad\xb9\xd5\xe4\x86"
	"\x11\xdf\xd6\x74\xa5\x2d\x6e\x18\xc2\xd4\x42\x38\xe3\x78\xef\x70"
	"\xa8\x50\xdb\x8c\x12\x3d\x26\xd1\x68\xac\x68\x7c\xbd\x86\x9f\xd4"
	"\xa1\xd1\xe0\x74\x4f\xb5\x05\xd2\x28\x24\x32\x0b\x00\x5c\x4e\x80"
	"\xd5\x25\x61\xb9\x2c\xfb\x4c\x7f\xf7\x56\x83\x09\xe2\x78\x52\xd8"
	"\xf8\x97\x1d\x06\xc8\x81\x35\x1c\x79\x34\x6f\x81\x92\x58\x9a\x56"
	"\xac\x0c\x3a\x13\x46\x6e\xb5\x0c\x2f\x62\x05\xd5\x32\xf6\x2c\xc2"
	"\x2c\xa9\xa8\xb1\x39\x08\xd1\xbd\xb9\x4b\x12\x79\x16\x9a\xf0\xbd"
	"\x9e\x21\xe4\xe2\x1c\xf7\xdf\xde\x92\x0e\x44\xce\xdb\x2a\xa4\x2e"
	"\x3a\x49\xd6\xb7\xc9\x48\xea\x3c\x0b\x26\x01\xdd\xda\x65\x32\x8d"
	"\x53\xd6\x2e\x24\x43\x33\xff\xee\xbc\x31\x32\x7b\x7a\xf9\x84\x9f"
	"\x83\xf6\x80\x15\x0e\x46\xa2\xd7\xd3\xe9\xed\xe1\xfe\xe9\xb4\x08"
	"\xf2\xf2\x7a\xe6\x79\xfe\xf1\xe3\xfc\xdc\xa3\x9e\x5f\xc0\x88\xc8"
	"\xdb\x4c\x94\x7f\x8d\x95\x92\xab\x75\x45\x5c\x13\x5e\x04\x9a\x06"
	"\xdb\x90\x38\x61\x66\x0e\xff\x00\x27\x0f\x11\x47\x85\x7d\x16\x35"
	"\x7d\x0e\xac\xd0\xc8\x4a\x1a\x9d\xc6\x37\xc7\x7c\x3c\xe9\xc9\x63"
	"\x72\xe4\x73\x49\x41\xf9\xe3\xce\xb8\x88\x61\xd9\x39\x59\xb8\x5e"
	"\x18\xb7\x72\x10\xf3\x0e\x36\x34\xde\x68\xca\x68\xd1\xc9\xda\xb4"
	"\x85\x34\x0b\xac\x30\x8b\xb7\xca\x93\xc4\xdc\xad\x06\x85\xc5\x72"
	"\x04\x4c\x79\xff\xfa\xbf\xe0\x35\x25\xbb\x78\x14\xc4\x95\xc5\xb1"
	"\x9e\x39\x1d\xc1\xea\x7c\xe0\x59\xa8\x09\x69\x74\x9a\x83\x1d\x76"
	"\x64\x79\xdf\x68\x73\x4e\xa7\xe5\x94\xa5\x1f\x3f\x34\xbd\x40\xb4"
	"\xba\x42\x13\x21\xb4\x9e\x9d\xea\x43\xa2\xf9\xe2\xd5\x33\xd4\x08"
	"\x68\x5c\x3e\x4d\x25\x3b\xe7\x4d\x9a\x3c\x3d\xfd\xfd\xf8\xfc\x7c"
	"\x7a\x9d\xad\xfa\x61\x1a\x65\xba\x62\xd3\xe7\xb6\x93\xef\x54\x22"
	"\xca\x77\x64\xdc\x32\xc7\x92\x01\x2f\xbb\x5d\x07\xdd\x7e\x0a\x52"
	"\x9e\xb3\x1a\xd6\xc6\x21\xc1\x66\xfd\x81\xef\x93\x90\x94\xd6\x5a"
	"\xd3\x6f\x2b\xd2\xcd\xca\x5a\xae\x4c\x14\xd7\x35\x52\xb0\xeb\xb5"
	"\x7d\xca\xca\x36\x50\x5c\xc7\xf7\xf4\x94\x38\x70\xb1\xed\xf6\x4e"
	"\x03\xb9\xe3\xc6\x8e\x6d\xe0\xac\xec\xd8\xb5\xd0\x07\xdc\x43\xde"
	"\x47\xd2\xf2\xcc\x9c\xb5\x63\xe4\x60\x36\x1c\x7b\x14\xcd\x54\xbe"
	"\xa3\x7c\xac\x60\x92\x86\x3a\x89\xec\xd1\xaa\xca\xff\x48\x72\xce"
	"\x6a\xa3\xa5\xa8\x5d\x63\xb3\xd6\x52\xee\xeb\x16\xe8\x40\xd9\x89"
	"\xc4\x33\xa8\xb5\xec\x8f\x2d\xcf\x37\x73\xd6\x1b\x9b\x98\x48\xae"
	"\x65\xff\x63\x14\xc0\x85\x67\x12\x68\x21\x5c\xcf\xb1\x8c\x94\xf5"
	"\xda\x98\x12\xdf\x89\xd8\xd5\xcd\x87\x14\x89\x15\x51\x3b\x19\x31"
	"\x8b\xde\x3c\xb4\x72\x9e\xd8\xde\xd2\x36\xe7\xad\xe5\x99\xa4\x26"
	"\x79\x2b\x59\x58\x3d\x47\x10\xec\x9a\x7c\x9f\xe2\x1a\x04\x21\xc7"
	"\x30\x4e\xb8\x96\x23\x08\xb7\x5d\x43\x63\x97\x1c\x77\x69\xe8\xa4"
	"\x80\xb3\xb6\xf4\x59\x16\x11\xd9\xf8\x6b\x7d\x8b\x11\xf1\xc1\xb1"
	"\x97\x84\x05\xb6\x63\x94\x64\x9f\x6b\xaa\x9d\x8e\xeb\x58\x55\xf5"
	"\x41\xa6\x81\xc7\x1d\x62\xdb\x6b\xdd\xbc\xe0\x62\x6f\x22\xe4\xe1"
	"\x74\xa4\x6e\x6d\x54\x20\xc0\xaa\x42\x81\x3a\xd9\xee\x67\x26\x15"
	"\x77\x9c\xf8\xbe\x85\x44\xab\x2a\x1c\x68\x5c\x50\x4f\xb1\xe1\xb4"
	"\xa6\x69\x50\x6a\xe6\x12\xdf\xcc\xf3\x91\x7c\x49\x04\xe6\x75\xc9"
	"\xae\x98\x07\xc7\x4e\x9d\x2f\x50\xe2\xbb\x96\x5e\xc1\x81\x62\x18"
	"\x18\x81\xe2\x1b\x53\xc1\x6c\x01\xf6\x29\x86\x0e\x1a\x28\x8e\x39"
	"\x15\x67\x6d\xa4\xac\xcc\xa9\xb8\xe6\x12\xb9\x46\xb9\xac\xd7\xe6"
	"\x54\xd6\x9e\x89\xe2\x2f\x57\xc6\x86\xda\xd2\x4c\x6d\x14\xac\xc7"
	"\x2c\x8d\xd9\xde\x78\xb6\x91\xb2\xd6\xd7\x95\xc8\x09\x78\xe1\x20"
	"\xb6\x7e\x86\x3d\x7a\xbb\x3e\x58\x04\x75\x03\x7b\x5d\xcc\xb4\xac"
	"\xc6\xf7\x2a\x18\xb6\x99\x8f\xce\xc3\xbb\x89\xca\xab\x23\x7b\x75"
	"\xd2\x85\xbc\x03\x29\xd5\xb9\x16\x4b\xa6\x77\xf5\xf6\x2c\x9c\xae"
	"\xd9\xf6\x6c\x70\x56\x29\xff\xbc\x7a\xda\x13\x05\x4d\x77\x62\xde"
	"\x5e\xa0\x24\x16\xe4\x6e\x46\x32\xe5\xbe\xff\x28\x01\xd2\x6b\x3d"
	"\x0d\x76\x86\x41\xc1\x80\xe7\xfd\x93\xca\xce\xcc\x54\x1e\x62\x90"
	"\x95\xa0\x01\xfa\x5d\x39\xcb\x2f\xca\xb9\x2d\x06\x85\xe5\xcd\x25"
	"\xde\x61\x04\x08\x64\x05\x9e\x60\x09\x1b\x44\x28\xbc\xa5\xf1\x0d"
	"\x4b\x35\xb0\xc8\xf2\x1a\xf1\x5c\x06\x84\xc6\x3b\xb3\x06\x66\xf2"
	"\x2f\x0d\x9e\x15\x72\xcd\x8e\xe7\x3e\x2f\xb2\x90\xdd\xd0\x23\xc7"
	"\x53\xc8\x6d\x0b\xd9\x8c\x55\x70\x73\x07\x1e\xc5\x65\x4d\xef\x32"
	"\xe5\x15\x1a\xa5\xd0\x84\x8f\x24\xd0\x07\x63\xda\xf8\x9d\x1b\x46"
	"\x89\x33\x3c\xb9\xcf\xb2\x3c\x28\xba\xa3\xc9\x96\x21\x0d\x40\xe1"
	"\x11\x72\x8d\x13\xc0\x7d\x16\x63\xaf\x14\x55\x5c\xe1\xf9\x0e\x2e"
	"\x6b\x99\x2d\x91\x95\x1a\xdd\xbc\x39\xe2\x42\x2a\x83\x38\xc3\xae"
	"\x61\x01\x7e\x47\x62\xcc\xa4\x92\xca\xda\xb1\x98\xd8\x27\x1e\x10"
	"\x58\x40\x42\xfc\xeb\xe2\x8e\xa5\x7b\x92\x6a\x8a\x96\x82\x3b\x72"
	"\xa1\xf9\x40\x1c\xe0\x8e\x40\x15\x4e\xc1\x61\x1c\x0e\xcb\xd2\x8f"
	"\x1b\x76\x0f\x56\x77\xd4\x92\xac\xec\xef\xcc\xa8\x70\x16\x14\x19"
	"\xcf\x22\x31\xd6\xa0\x24\x4b\x65\x47\x35\x54\x94\x3e\x5c\xc6\x82"
	"\xa9\xda\x1a\xa6\x97\xc2\x76\x71\x3a\xb4\x73\xa2\xc2\x45\xc1\x76"
	"\x68\xe6\xb3\x42\xa7\x36\x39\x49\xc1\xce\x72\x9c\x69\xd4\x32\xa7"
	"\x69\x02\x0e\xe7\x34\x04\x41\xe2\x23\xf2\x42\x4f\x11\x64\x47\x11"
	"\x07\x21\x52\xde\x3c\x26\x60\xf5\x23\x65\x01\x1f\x17\x0d\x06\x04"
	"\x82\xa7\x5b\x64\x41\x40\xf0\x7c\xc9\xde\x47\x57\x76\x4e\x12\x5e"
	"\xa6\x3b\x24\x57\x5c\x76\x6d\xc3\xdb\x30\xe9\x51\xd7\x59\xf2\x9c"
	"\x52\xb8\x01\xad\xf9\x9e\xa0\x24\xd1\xa1\x34\x86\xdb\x03\x14\xef"
	"\xd0\x74\xef\xa2\x95\x3c\x10\xab\x4b\xaa\x15\x16\x94\xa6\x84\x23"
	"\x67\xab\x2a\xf5\x84\x14\xe2\x8f\xec\xa8\xfd\x84\x60\x9a\x86\x22"
	"\x7b\x01\x2e\xa5\x80\xe3\x7b\xd9\x50\x13\x0d\x5c\x94\x5c\x24\x44"
	"\x8a\xa2\xd0\x74\x36\x98\x3d\x69\x85\x32\x96\x64\x02\xef\x4c\x2a"
	"\x26\x75\x19\x45\x3f\xd3\x22\xd3\x96\xfe\xf3\x31\x94\x83\xb8\xa6"
	"\xa7\x69\x1e\x63\xd6\xfb\x72\x3b\xeb\x48\x79\x76\x2a\xd3\x1c\x94"
	"\x4c\xa6\x33\x39\xc3\x4d\x6c\x48\x3c\xa4\x87\x59\xe7\xe0\xc3\x4f"
	"\x5c\xed\x24\xdb\x01\xc4\x9a\x9b\xf8\xc8\xf4\xb2\x7d\xc0\xc0\x1a"
	"\xbc\x90\x73\xb4\xe6\xfe\xf9\xd0\xd8\xca\xd5\xaa\x4b\x2f\xb0\xbb"
	"\x45\xd9\x0b\x23\x45\xb0\xaf\xf7\x84\xd7\xfb\x20\x1c\x20\x23\x5a"
	"\x9a\xca\x1e\x25\xa0\x75\x4a\xef\xba\xa7\x77\x3f\xe7\x5e\x4f\x81"
	"\xd4\xda\x03\x8c\xa1\xc4\x2e\xaf\x26\xe0\xde\x1c\xe3\x83\x3e\x56"
	"\xc1\xa8\x1d\x9b\x01\x2d\x13\x3b\x1d\x56\xdf\xed\x65\x17\x12\xcb"
	"\xf4\xb5\xac\x6d\xac\xae\x09\x72\x31\xae\xf8\x01\xb3\x8c\x73\x56"
	"\x6f\x35\x66\x0d\x30\x97\x30\x80\xdd\x29\x89\x6f\x49\x34\xaf\x57"
	"\xe7\xb7\xf7\x45\xd0\xbc\x9d\x79\x82\xe7\x1c\xd3\xf9\xa9\x8a\xef"
	"\xad\xab\xe5\x12\xea\x06\xd1\x83\x0a\xf4\x60\x5c\x75\x4d\x68\xde"
	"\x7f\x41\x7c\x0d\x6d\x9f\x4b\x0f\x21\x7a\x4d\x66\xf0\x7d\x15\x5e"
	"\xc0\xbb\x0f\x29\xa7\x5a\x08\x24\x17\x8a\x26\x04\x28\x07\x97\x73"
	"\xd0\x70\x26\xf1\xd1\x1d\xa9\x2e\x3c\xe1\x89\x2e\x51\x99\xa7\x7e"
	"\x96\x87\x15\x59\x95\xb6\xb5\xdc\xe7\x63\xf1\x0c\x48\xe0\x37\xdb"
	"\xf2\x2a\x23\xc7\xf1\x6c\x2d\x27\x92\x6a\x23\xbf\xa6\xe5\x80\xe3"
	"\x38\xb0\xb8\x8e\x57\x57\x36\x5b\x5d\x59\x57\xd2\x71\x95\x65\x26"
	"\x19\x94\x2d\x01\x37\xe9\x10\xfb\x96\xa5\x65\x14\x3e\xf1\x3c\x77"
	"\xb3\xd6\x92\x20\x0f\xea\x39\xfe\xac\x4b\x64\xd0\xe8\xe6\x41\xd2"
	"\x22\x78\xba\x7f\x7b\x9b\x5b\x6e\xa9\x5e\x24\xc0\x6d\x4f\xa8\x7b"
	"\x8e\xc8\x30\xa2\xda\x53\x88\xc7\x15\x43\xfb\xe2\x8d\x87\x5b\x39"
	"\xaa\xfc\x6b\xd1\xd8\xbd\xc8\x0a\x78\xcf\xf0\xe5\xf4\x02\x4f\xce"
	"\xe0\xf9\x26\x0f\x38\x5b\xfc\xf9\xd7\xfb\x62\x1b\xdf\x40\x77\x26"
	"\x57\xc0\x8b\x1f\xf7\x3f\x2f\x27\xb2\xf7\x4f\x6f\xe7\xc5\x9f\xa7"
	"\xc5\xf3\xe9\xf4\xe5\xf4\xe5\xff\x65\xa2\xa7\x41\x4a\xfb\xd3\xd3"
	"\x8b\x3a\x9d\xfd\x01\xf6\xe1\x1e\x9f\xbf\x9e\x87\x5d\x5d\xcb\x1b"
	"\x57\x56\x1b\xac\x39\x52\xec\xb3\x60\xa5\xa8\x33\x73\xd2\xa5\x46"
	"\x04\x89\xc8\xd6\xc8\x8b\xe4\x7c\x02\x1b\x89\xfb\x3c\xc6\xe1\x8c"
	"\xdf\x48\x93\xbf\x13\x61\x64\xf1\x30\x2c\x96\x9b\x0f\xd1\x5c\xd7"
	"\x48\xfb\xa3\x4c\x72\xbe\xcf\xcc\x9f\x25\x31\x29\x43\x62\xa4\x65"
	"\x29\xc5\x17\x59\x7d\xe2\x0d\x29\x12\x73\x72\x97\x27\xde\xb2\x42"
	"\x02\x73\x7d\xd0\x54\x0a\x71\x0b\x1e\xa6\xf1\x01\x88\xf0\xd9\xb6"
	"\xc6\x7e\xdc\x7f\x7b\x7c\xfe\x36\x67\x28\x44\xf5\x43\x61\xe0\x6b"
	"\x6a\x50\x2d\x73\x34\x9a\xc5\x72\xdc\x3e\xb5\x8a\xaf\x3a\x84\xb0"
	"\x08\x90\x4e\x2e\xbc\x0b\x9c\xc9\xe8\x2e\xc3\xd4\x51\x3d\x9a\xaa"
	"\x62\xec\xc8\xd8\x72\xcb\x98\x11\x82\xd5\xe2\x22\xbb\xfa\x6b\xc9"
	"\x9f\xee\xdf\x65\x53\xfc\xb1\xd8\x3d\xfd\x75\x6a\xc7\xd1\xcb\xa3"
	"\xfd\xd1\x04\x04\xe2\x4f\xba\x58\x15\x7a\x3b\xda\x36\x68\x01\xdc"
	"\xd6\x0e\x38\xd5\x66\x21\x25\x48\x56\x61\x44\x59\x7b\xcb\xe1\x97"
	"\xda\xc0\x69\xff\xdf\x01\x52\x3e\x97\xb2\x4d\x06\x28\x20\x34\xe2"
	"\x51\x14\xed\x60\x06\xdc\x4e\x50\xb3\x1a\x94\x9f\xff\x56\x8f\x48"
	"\x9f\x40\x5c\x3f\x87\x72\xca\x47\xd9\xcb\xe5\xf0\x93\xc5\x2c\x38"
	"\x8e\x9c\xb6\x37\x58\x63\x2c\xa4\x4b\x18\xc4\x8e\x75\xff\xcd\x55"
	"\xeb\xd9\xfc\x0c\xe7\x90\x48\x7c\x9a\x30\x0f\xaf\x12\x89\xda\xb8"
	"\xe5\x2f\x12\x96\xa2\xd4\xd8\x46\xa2\x07\x4e\xf1\x3e\x39\xa6\xbb"
	"\x4c\xa0\x3b\x12\x8a\xa1\x19\x3c\x63\x8a\x63\x97\x3e\x23\x38\xae"
	"\x03\xcf\xd1\xd0\x94\x77\x25\xbc\xd6\x43\xb5\x9f\x81\x4f\x5f\x44"
	"\xc8\x6a\x1a\x13\x7c\xbe\xaa\xb6\x2e\x43\xa9\x3d\x31\x39\xe2\x62"
	"\x62\x5c\xfe\x38\xec\xf0\xbe\x30\xc6\x8b\x2a\x0a\x22\x57\x10\x07"
	"\xb6\x2d\x50\x67\x62\xaa\x28\xd9\x1d\x29\x0a\xa6\x61\xc0\x44\x04"
	"\x9d\x34\x72\xd9\x40\xd4\x4c\x25\x62\x95\x28\x8b\x99\xb6\x04\xaf"
	"\x83\xa2\x3b\x34\xf5\xa3\x8c\x84\x2b\x0a\xfd\xac\xc4\x59\xe1\x7a"
	"\xb8\xe7\x72\x15\x23\x7f\x71\xdc\x25\x5e\x9f\xca\x58\x98\x94\x34"
	"\x98\x66\xa0\x9a\x5e\x31\xd8\x93\x8c\x63\x5b\x94\x40\x80\x8b\x41"
	"\x37\xbc\xde\x16\x2c\xdc\xe1\xd5\xaf\x5e\xa2\xcb\x55\xe2\x6e\x86"
	"\x78\xed\x13\xbe\xff\x7c\x7b\x7c\xb8\x7f\x5a\xc4\xf7\x3f\x65\xe7"
	"\x30\xb1\x19\xaa\xda\x7b\xdf\x34\x50\xb7\xe6\x22\x37\x14\x3c\xa4"
	"\x5d\x91\xb4\xb1\x8b\x55\x57\x01\x65\x87\x71\x0d\x28\xcf\xe4\x07"
	"\xdd\xba\x4a\x4d\xc8\x35\x26\x01\xe1\xcc\x42\xb7\x10\x54\xc5\xf5"
	"\x2b\xcb\x83\xfc\x6a\x53\xd9\x73\x13\x83\x8f\x19\x73\x78\x7d\x9b"
	"\x8c\xec\x37\xdd\x5e\xa5\x35\x59\x53\xce\xdd\x17\xbb\xf4\xd6\x4d"
	"\xf9\x07\x37\xd5\x94\xcc\x54\xcf\x3f\x91\x64\x33\x1e\xe8\xe7\x93"
	"\x7d\x12\x3c\x8e\xa7\xfc\x83\x54\x8e\x94\xba\x65\x41\x0d\xc2\x8e"
	"\xfd\xdd\xef\xee\x72\x39\x83\x5f\xe6\x39\x60\xb0\x67\x5b\x46\x11"
	"\xbc\xea\xb1\x7b\xda\x76\x7a\x7d\x7c\xf9\x7e\x7a\x95\xfa\x76\x5d"
	"\x07\x8f\x7b\xfc\xcb\xaa\xab\x0c\x35\x76\x11\x0b\x2d\x7c\x59\xde"
	"\xe0\x0b\x8f\x8a\xd8\x6b\xbc\xc1\x27\x07\x6d\xf2\x00\x3b\x9a\x25"
	"\x21\x7c\x1b\xef\x2b\xb6\x61\xa0\x4d\x9d\x24\xa1\xeb\x3a\x9e\x8e"
	"\x22\xa7\xb0\xb6\xbd\xb6\xf5\xb8\xce\x80\x63\x76\x53\xe2\xbd\xdd"
	"\xce\x5e\x0a\x93\xba\x68\xac\xbd\xa9\x79\x94\x32\xe9\x81\xaf\x89"
	"\x63\xb6\x85\xeb\xb7\x19\x67\x82\x0e\x95\xbe\xac\x29\x8c\x7a\xc3"
	"\xc0\xa8\x4e\x83\x64\x1c\x74\x1b\x14\xa9\x1c\xbb\xc6\xc1\x45\x22"
	"\x4b\x5f\x6f\xc9\x84\x9f\x80\xa5\xe2\xeb\x2a\x6d\x80\x45\x93\x64"
	"\x86\x6f\x1d\x9b\xb0\xc1\xe1\x63\x4b\x13\xf9\x38\x28\x9f\x06\x35"
	"\x17\x17\x78\x11\x4c\x80\x60\x12\x04\x3d\xf6\x38\x2c\x98\x18\x56"
	"\x8e\xe0\xa2\x2a\x1f\x6f\xf5\xc1\xaf\xc3\x57\x85\xfd\xf0\x99\xb9"
	"\xd8\x3c\x4f\xb7\x64\xef\x48\xd9\x96\x56\x48\xed\x76\x9c\xa6\xd6"
	"\xe6\xe3\xd3\x8f\x7c\x44\x92\xc0\xb4\x15\x47\xd7\x07\x1d\xf3\xaa"
	"\x0d\xf3\x29\x29\xd4\x94\x48\x5f\x77\x90\x0c\xd1\xc4\x94\xc8\x48"
	"\xcf\xe6\xd3\x89\xea\x18\x1e\x3c\x9b\xd2\x9a\x6a\x66\x0f\x9a\xe8"
	"\x5e\x0f\xcb\x35\xd8\x44\xe9\xfa\xd8\xbc\xa6\x76\x8c\x92\x1e\x68"
	"\x2a\x34\xc5\x2a\x49\x60\x99\xeb\xb5\xe1\xc1\x14\x9b\x04\xc7\x0f"
	"\xd2\x6d\xb3\xb0\xa6\x8d\xb6\x07\x8e\x76\xef\xc7\x1f\x38\x04\x1f"
	"\xc9\xc7\xcc\x8e\xd5\x3c\xb1\x6d\xc6\x58\x3a\x3b\xce\xcc\x69\x4c"
	"\x9b\x7d\x0f\xbc\x1d\x19\x3a\x18\xc7\x0d\x34\x27\x13\x70\x84\x82"
	"\x8f\x3f\x25\xe6\x7f\x51\x8d\x0e\x02\xdf\x39\xd9\x41\x83\x37\x8c"
	"\x1c\x11\x3e\x13\x89\xca\x34\x80\x23\x68\x0d\xa5\xdf\xb6\x34\xd9"
	"\x30\x74\x74\xea\x79\xf4\x74\xdb\x61\x94\x88\x69\x73\x12\x5c\x46"
	"\x75\x83\x98\x26\x1d\xd9\x9b\xd6\x3a\xe3\xef\xcd\x51\xb2\x06\xdf"
	"\x6b\x6a\x52\xce\x22\xb7\xbb\x5c\x03\x1b\xac\xff\xca\xe5\x5f\x8d"
	"\x9e\x4c\x97\x77\x73\x1e\x74\x93\x64\xe8\x03\x31\x09\x70\x63\x94"
	"\x12\xcb\x69\x01\xcd\x26\x8b\x60\xc6\xb0\x1b\xc7\x94\x32\xde\xb5"
	"\x33\xc5\x79\x53\x21\x92\x43\x93\x2d\x0d\x43\x99\x51\x8e\x3a\x06"
	"\x85\xef\x10\xb9\xd4\xcc\xe0\x74\x0f\xde\x10\x32\x81\x64\x27\x88"
	"\x6f\x76\x44\x74\x3b\x49\x8d\x7d\xc7\xc6\xc4\x63\x00\xe6\xe5\xc2"
	"\x89\xd7\x04\x19\x69\x3b\x5c\xe9\x74\x41\x17\x63\x01\x57\xab\x00"
	"\x57\x68\xab\xce\xce\xe6\x22\x85\x54\x96\xb6\xa0\xe0\xc6\x12\x5c"
	"\x96\x0c\xce\xaf\xa1\xf7\x2d\x49\x81\xe5\x1e\xd6\x8d\x63\x11\x72"
	"\xa6\x7c\x4b\x53\x65\xa5\x40\x1d\x70\x4f\x9f\xd6\xf4\x4a\xf9\x81"
	"\x53\x28\x48\x95\x14\x89\xfc\xc1\x90\x7c\xf0\x70\x3f\x3c\xdb\xe9"
	"\x02\x71\x57\x97\x1d\x43\x79\x67\xd7\xa4\x5b\xe7\xb1\x88\x92\xf9"
	"\xd4\x33\x39\x44\x15\x84\x23\x7b\x1a\x43\x9e\xd8\x58\x06\x56\x04"
	"\x3f\x87\x4f\xda\x27\x9c\xc6\x38\xce\x5c\x70\xdd\x18\x80\x1d\xa4"
	"\x2b\x58\x04\x57\xeb\xf0\xef\xe6\xb8\x74\x82\xed\x1a\xf3\x89\x28"
	"\xd1\x83\x72\xf4\x92\x20\x5e\x55\x55\x2b\xbc\xc3\x23\x97\x5b\xcc"
	"\xf6\x00\xc0\x25\xdf\x07\x1a\x30\xdc\x33\x4f\xae\x53\x31\x39\x05"
	"\xb7\xf5\x8c\x36\x88\x8c\xef\xd9\x96\x68\xf5\x21\x41\x8c\x5c\x24"
	"\x34\xe1\x82\xcd\xba\x57\x81\xb3\x68\xd9\x69\xf5\xad\xb0\xc8\xbf"
	"\x3a\x07\x25\x57\x3b\x2b\x5d\x68\x1d\xc9\xff\xf7\x93\x36\x01\x1b"
	"\x74\x33\x7b\x8e\x2a\xde\x36\x48\x3c\xec\x35\xc4\x95\xe0\x6a\x08"
	"\xca\x9f\xe3\x52\x8b\x63\xcf\x72\x14\x9e\x07\x64\x83\x99\xb2\x57"
	"\x04\xd4\xd9\x5c\x93\x3c\x78\x26\x5d\xe9\x70\xd7\xb5\x2d\x03\xee"
	"\xe8\x71\xcf\xd6\xe1\x3e\xe6\xde\xe1\x82\x63\x5e\x5c\xae\xc5\x47"
	"\xfc\x9f\x76\x04\xcf\xd1\x10\x42\x39\xbf\xb4\x57\x7c\xe9\xbb\x9a"
	"\x44\x10\x3f\x69\x0a\xec\xdc\x47\x69\xb4\x20\x94\x8b\x6c\x9d\x14"
	"\x84\xe3\x6e\x34\x52\x14\x01\x01\x47\x67\x1a\x42\x1c\xb8\x1b\xec"
	"\xb1\x40\xa7\x67\xee\x3f\x1a\xe5\x56\x47\x96\x7f\x3e\x3d\x3e\xff"
	"\xfb\x57\xab\xb1\x34\x5f\xec\xb6\x8b\x76\x77\xfa\xaf\xe7\x2f\x70"
	"\x70\x32\xbd\x33\xbb\xf8\xf5\x7a\x13\xe8\x7f\xa7\xcd\x03\x76\x32"
	"\xe7\xd6\x41\x0a\x6d\xfd\xaa\x0d\xa3\xa8\xc3\x83\x49\x43\x9c\x67"
	"\x0c\x1e\x03\x5c\xb1\xbb\xb8\x7f\xc9\x40\x85\x77\xfe\x7b\x27\xe4"
	"\x3d\xc9\x45\x73\x55\xad\x93\x87\x78\x7d\xfc\xf6\x6d\x30\xb4\x37"
	"\x32\x96\xb3\x9f\xdd\xc8\xfa\x4c\x1f\xa8\x27\x46\x83\xe6\x69\x59"
	"\x4a\xd1\x63\xca\x01\x71\x4f\xe5\xf8\xbe\xa5\xe4\x03\xd4\x59\x43"
	"\x8f\xf3\xd4\x20\x2f\xcd\x24\x7d\xa7\x71\x61\x5d\x2e\xed\x0c\x2f"
	"\xba\x28\x39\x3e\xbe\xbc\x83\x9d\xda\xb7\xc5\x7b\x23\xcc\xab\x12"
	"\xa5\xa7\xf7\xaf\x8f\x4f\xef\x60\x43\xf9\xfc\xfc\xf5\xf1\xdb\xe2"
	"\x57\x90\xf9\xfb\xfd\xeb\xb7\xd3\xfb\x54\x83\x3a\xd9\xca\x39\x1b"
	"\x67\x98\xd5\x80\x61\x01\x27\x0e\x08\x2e\x73\xa6\x3b\x26\xd4\x2d"
	"\xcc\xeb\x2c\x4a\x85\xe0\xa5\x95\x0b\x60\xca\x39\xdb\xca\x19\x29"
	"\x62\x2a\x91\xc9\xff\x53\x39\x7a\xa5\x73\x1b\x58\x54\xf6\x2d\x73"
	"\x4e\xdb\x20\x7c\xce\x89\x9d\x08\x60\xbf\xab\xe7\x98\x4e\x04\x63"
	"\x87\x5a\x10\xb4\x0f\xe4\x90\x79\x9c\x0f\xbc\x98\x9b\xff\xe5\xf5"
	"\xfd\x61\xf9\x4b\x9f\x20\x41\x91\xf5\xdf\xbc\xf4\x02\x47\xb1\xae"
	"\x7e\xf7\xc4\xcc\x94\xbd\x31\xf5\x2d\x64\x09\x9e\x65\x2d\x7e\xbd"
	"\x1f\x18\x9a\x85\x18\xb0\x41\x0d\x29\x47\xa3\x2c\xaa\x70\xb0\x67"
	"\x35\x13\xdc\x2c\x60\x07\x1f\xbe\x84\xd7\x25\xa3\x60\x45\x65\x7e"
	"\x99\xa6\xb2\x58\x1c\x26\x07\x25\xdd\x0d\x3a\xc8\xe9\xcc\xf0\x7d"
	"\x89\x47\xb6\x5b\xf7\x33\x45\xcc\x5d\x5e\x49\x15\xe6\x6a\xea\x42"
	"\x09\x39\x6a\x92\xae\x4f\x59\xaf\x4c\x14\x0f\x73\xc2\xda\x51\x1c"
	"\xdb\xd1\x53\xf6\xc7\xc4\x77\x3d\x7d\x91\xe4\x1a\xc0\xdb\x60\x0e"
	"\x42\x5b\x4e\xc1\xdd\xc0\x31\x64\x87\xf1\xd8\xb2\x11\x77\x49\x43"
	"\x8e\xfd\x91\x84\x5c\xbd\x08\x2b\xa0\x68\x19\x79\x10\xd9\x96\xbd"
	"\x36\x71\xd0\xb7\x58\x03\x8e\xf7\x01\xce\xf2\x23\x24\xdf\x50\x19"
	"\x2b\x4b\xf8\xfa\xba\xd8\xde\x3a\xf6\x8d\x96\xc1\xe5\x44\x72\x83"
	"\x38\x4d\xbb\x70\xa2\xc4\xb1\x1c\x43\xa5\x57\x32\xbb\x96\x89\xb2"
	"\xb4\xf5\xd5\x40\x13\x67\x69\xa8\x85\xe2\x20\x29\x9b\xc0\x36\x90"
	"\x7c\x7f\x78\x52\xda\xbc\xde\x91\xab\x23\x43\xc3\x06\x99\x6e\xcc"
	"\x62\xdf\xac\xcc\xcd\xda\x35\x52\x56\x8e\x99\x62\xee\x1c\x36\xcb"
	"\x0f\x34\x59\x83\xbc\x36\x98\x41\x81\x41\xa3\x5e\xf9\xe6\x3e\x66"
	"\xf5\x81\x76\xe6\x18\xf4\x64\x65\x52\xa5\x24\xc8\xd7\x1b\x77\x52"
	"\xbf\xdd\xbd\x1d\x43\x25\x4b\xa9\xd9\x98\x7b\xe8\x2b\xc5\xb5\x2c"
	"\x23\xc5\x35\xd6\xa0\xe7\xbb\x75\x44\x12\x16\x1f\x4d\xcc\xf5\xca"
	"\xd4\x85\xdb\xab\xa5\x5e\xbc\xe0\x7f\x6d\x2d\x88\x6f\xd0\x5f\x5f"
	"\x18\x4a\x0f\x14\xc7\x35\x52\xdc\x8d\x9e\xc2\x13\xcf\x36\x14\x6a"
	"\x7b\xbb\xf2\x4d\xca\x99\xbb\x81\x41\x3b\xa1\x4f\xd0\xb7\x82\xcf"
	"\xc7\xf4\x36\x99\x7a\x62\x39\x3f\x7f\x82\x99\xad\x41\x5f\xf2\x78"
	"\x69\xe8\xfe\x80\xa1\xcf\x62\x9e\xf8\x98\x0d\xf0\xae\xf6\xd2\x03"
	"\x47\x26\x78\x00\xb7\x0b\x9f\xee\x39\x64\xe3\x3f\xc4\x94\xf7\xde"
	"\x83\x04\xc1\x10\x03\xce\x74\x64\x8d\xe8\x72\x81\x20\x21\xd7\x6b"
	"\xf9\x57\x13\x35\x5d\x28\x32\xc9\x93\x84\xa9\x2b\x01\x19\x58\xd3"
	"\x74\xd7\x38\x07\xe8\x85\xc1\x66\xdd\x30\x24\x1b\xf8\x7b\x22\x09"
	"\xec\xf1\xc4\x4b\x1f\x31\x04\x0d\x46\x81\x42\xe4\x1e\xa5\xb2\xac"
	"\x05\xd7\x98\x88\x37\xdf\x6c\xf2\xd8\x71\x96\x35\x16\x5d\xdd\xf8"
	"\xd8\x92\x64\x4c\xe8\xc3\x3c\xe7\x75\xe3\x6f\xe9\x2a\x9f\x3b\x08"
	"\x99\xdf\xef\x6a\xb1\x7a\xce\x46\x18\x7c\x25\x78\x7a\x3c\x3d\xbf"
	"\x0f\xea\x91\xf0\x63\x1a\xd4\xa2\x42\xb3\x29\xc3\xd1\xeb\x3e\xa4"
	"\xac\x66\xae\x5f\x5d\xb6\xdf\x87\x46\xc1\x4a\x30\x26\x81\x18\x8a"
	"\x00\x2c\x07\x6d\xda\xd1\x94\x15\xb7\x28\x27\x04\x17\x6c\x06\x0e"
	"\x41\xcc\x55\x00\xc6\x69\x11\x64\xc8\xac\x5a\xe5\x21\x60\x97\x17"
	"\xb9\x28\x27\xa5\xa2\xc2\x13\x28\x4a\xe4\xad\x28\xa0\x49\xe4\x0d"
	"\x4d\x0b\xf6\x31\xb8\x97\xb3\x27\x05\x0d\x1b\x0f\x57\x57\xdb\xce"
	"\x11\xb2\x0c\x04\x53\x72\xa8\x07\xb9\xc3\xe3\xeb\x3b\x78\x30\x9a"
	"\x36\x5c\x88\xd6\x14\x15\x4d\x15\xb2\x93\x0c\xbf\xda\xbe\x9a\x79"
	"\x78\x3d\xbf\x9d\xbf\xbe\x2f\xf6\x3f\x5f\x4e\xaf\x9f\x0e\x8b\x6f"
	"\x7f\x9d\xde\xde\x67\x8c\x5d\x09\xb2\x1b\x9d\x96\xe4\x05\xe3\x89"
	"\x8d\x7a\x1e\x94\xca\x4e\x43\x86\x74\x5f\xb1\x6f\x6d\xec\x12\x03"
	"\x31\x4f\x14\x85\xbf\xb6\xb0\x58\xbe\xe5\xfb\x14\xc3\xd6\xb6\x43"
	"\xb0\xaf\x71\x77\xb4\xac\x68\x56\x74\x52\x58\x6f\xef\xed\x05\xe7"
	"\x4e\xe4\x8d\x85\xa8\x87\x87\xd3\xd3\xe9\xf5\xfc\xe3\x34\x76\xbf"
	"\x45\x64\xd3\xb1\x3c\x1b\x19\x7a\x2e\xa8\xa3\x45\x57\x5a\x74\xa3"
	"\x43\x91\x01\xad\x45\x11\xc7\x0f\x31\xe3\x4e\xbc\xb4\xc3\x5b\xc4"
	"\xa3\xa6\x72\x9a\xd3\x7a\xe3\x79\x38\x3f\x4b\x41\x4c\x4b\xbd\xf6"
	"\x10\x63\xb8\x12\x5a\xfb\x58\xae\xd6\xbe\x85\xc6\xb2\x90\xeb\x4a"
	"\x12\x1a\x5d\x23\xea\x67\xf5\x92\xcf\x3f\x1f\x3f\x7d\x79\x7c\x3d"
	"\x3d\xbc\x2b\x1f\x5b\x48\xa6\xc5\xda\x19\x7e\xbf\x75\xfd\xf5\x72"
	"\xff\x20\x13\x79\x7e\x38\x7d\xa8\xe4\x96\x8b\x16\xcf\x72\xd1\x32"
	"\xac\x57\xde\x8c\xeb\x51\xc8\x71\xe7\xf9\x88\xff\x7c\x7e\xff\x7e"
	"\x7a\x7b\x1c\x7d\x70\xe3\x3b\x58\xaa\x12\x5a\xa1\x0e\x4d\xbf\xfd"
	"\x94\xed\xfc\xe1\xfc\x72\xba\x38\x70\x9b\xea\xed\xd2\x9b\x0a\x36"
	"\x3d\xbd\xff\x7d\x7e\xfd\xb7\x12\xf0\xcf\xff\x9c\x5e\xff\x6f\xc1"
	"\x7e\xbc\x9c\xbe\x28\xf1\x04\x88\x4c\xdc\x8d\x33\x5d\x48\xc5\x8f"
	"\xdf\xbe\xbf\xcf\x7d\xbb\x99\x69\x70\x58\x96\xdb\x9b\xa5\x85\xd8"
	"\xa8\x18\x90\x90\x73\x10\x21\x41\x6c\x01\x0c\xd8\x3f\xeb\xe9\xb6"
	"\x74\x72\xff\xed\xf9\xf4\xde\x34\x65\x5d\xee\xf6\x49\xe0\xfa\x2b"
	"\x8d\xf5\x9d\x11\x6f\x74\xaa\xd6\xf6\x1b\xef\xb2\x1f\x59\x9c\x9e"
	"\x4f\xaf\xdf\x7e\x2e\xd4\x27\xa1\x77\x61\xc1\x50\x7c\x74\x8d\x99"
	"\x29\x69\xb0\x95\x06\xf3\x35\xd8\x06\xc5\x7c\x77\xaa\x37\xc5\xe9"
	"\xed\xfc\x04\xbb\xf5\x1f\x68\x04\x36\xdf\x60\x8d\xc0\x96\xeb\xa6"
	"\xa5\x0e\xb4\xa6\x3a\x77\xd9\x16\x5f\x7c\x5a\x34\x3e\xd6\x9e\xce"
	"\xcf\xa7\xc1\xa3\x54\x18\xf7\x1b\xcb\x20\xb8\x45\xf6\xc6\x3f\x83"
	"\x8b\xfa\x2f\xa9\x76\xd3\x1a\xe2\x2f\xa7\xfb\x7f\xff\xf5\x02\x05"
	"\x95\xa5\x97\x4d\xe5\xe5\x74\x7a\xf8\xde\xff\xb4\x7a\xa8\xc3\x83"
	"\xff\x52\x76\x65\xcd\x8d\xdb\xca\xfa\xaf\xb8\xf2\x74\x52\x75\x72"
	"\xa2\xdd\xd2\xc3\x3c\x80\x8b\x28\x8e\xb8\xc0\x04\x28\xc9\x79\x61"
	"\x4d\x3c\xca\x8c\x2a\x63\xcb\xd7\xcb\xb9\xc9\xfd\xf5\xb7\x1b\x20"
	"\x29\x02\x44\x53\xce\xc3\xd4\x58\xe8\x26\x08\x62\xe9\x6e\x00\x5f"
	"\x77\xa3\x53\x74\x05\x66\x96\x3e\xd3\x57\x5e\xb2\x45\x1a\x13\xa1"
	"\xf1\xb4\xe6\xd4\xb9\xe7\x1c\x92\xeb\xeb\xcb\xf9\xf4\xf5\xa2\x68"
	"\x99\xd8\x18\x09\x31\x59\x16\x14\x79\xac\x93\x24\x04\x55\x5e\x4a"
	"\x5e\x4a\x8a\x8a\xe7\xcb\x7d\x5a\x92\xef\xf1\xfe\x32\x2f\xee\xab"
	"\x6d\x9c\x24\x5d\x28\x23\xc9\xa2\xf2\x36\xea\x24\x22\x55\xae\x72"
	"\x8e\x7d\xae\x76\x2c\x29\xc3\x6e\xf6\x00\x30\x33\x3b\xbf\xf6\x4d"
	"\x41\xe7\xd4\x5b\x15\x81\x85\xe0\xc4\x27\xd5\xf7\x13\xbd\xc7\xba"
	"\xe5\xbd\x67\x2f\xd3\xa7\x6e\xfa\xce\xbd\x13\x89\xcd\x44\x2d\xf0"
	"\x93\x86\xb8\x23\xb1\x37\x91\x3a\x34\x2b\x1b\x8d\x8e\xad\x5b\x83"
	"\x89\x31\x17\xd8\x6c\x5b\xf9\x9b\x32\xdb\x8a\xc1\xf1\xf7\x72\x2a"
	"\x8a\xcd\x3e\x56\x49\xe2\x82\xf4\x96\x8a\x46\x9c\xc8\x50\xd3\x67"
	"\x04\xbd\xc4\xe8\x35\x15\x81\x53\x0a\xa2\x8c\xd8\x5c\x44\xcc\x8d"
	"\xd4\x89\x44\x85\x21\x2b\x31\xd7\x1a\x65\xdb\xa5\xd0\x31\x7e\xb2"
	"\xad\x0e\x49\x86\x59\x41\xb6\xfb\xdf\x88\xaf\xc3\xe4\x47\x6b\x49"
	"\xee\xc5\x10\x84\x42\x80\xf0\xf7\x71\xe2\x8f\x47\xa3\x51\x6d\x12"
	"\xbb\x2f\xe6\x29\x6f\xae\x28\x4f\x82\x75\x2c\xdc\xd8\x30\x7f\x53"
	"\x80\x75\xda\xfa\xb3\x3a\xd2\x35\xbf\x7f\xf9\xf1\x70\x7e\x7c\x54"
	"\x31\x60\x5f\xf1\x3a\xf2\x8f\xd3\x43\xed\xe9\xd6\xf7\x49\x50\x17"
	"\x7c\x05\x6c\x71\x03\xcb\x39\xc9\xcf\xe3\xcc\x0f\x93\xa4\xb3\x4c"
	"\xb8\x19\xde\x17\x76\x83\x4d\xce\x0e\xd8\x38\xba\xf7\x8d\x5d\xa6"
	"\x2c\xe0\x36\x1c\x34\xe4\x68\xfa\xbb\x42\xae\xc5\xbc\x93\xe2\x4e"
	"\x43\x49\x8d\xa2\x48\x74\x76\xd2\x40\x99\x3a\xb8\x0d\x27\x3a\xf8"
	"\x5d\x95\x2e\x28\x90\xf2\xa6\xd0\xfe\xf5\x52\x67\xdc\x33\x72\x2b"
	"\xa5\x9b\x98\xc8\x0c\x3c\x1e\xb3\xe0\x92\x5e\x57\x84\x61\xaa\xfd"
	"\xfe\x4c\x94\xa1\x01\x9e\x56\x99\x9f\x0f\xb0\x51\xd2\xfb\xd4\x1e"
	"\x5a\xe9\xce\xcf\x1c\x2f\x83\x29\x8a\x77\x3c\x49\x9e\x6f\xcb\x0e"
	"\x12\x75\xc3\x76\xa1\x9a\xc7\xbc\x08\x39\xeb\xbe\xf7\x32\xc7\xdb"
	"\x78\xac\x3a\x44\xb2\xff\xe3\xfc\xf0\xa7\xce\x4d\x87\xb6\x51\x57"
	"\x3d\x74\xd6\x05\xee\xe1\x18\x66\xb7\xbb\xb6\x80\x44\x3c\x9f\x12"
	"\x59\x36\x4c\xae\xf1\xec\x03\x4c\x44\xf8\xb2\x0e\x93\x1f\xf8\xe1"
	"\x8a\x38\x55\x47\xfa\x5d\x5e\xc4\xae\xbc\x28\xdd\x35\x8f\x3b\xea"
	"\x6e\xbf\x77\x68\x14\x84\xa1\xcb\x72\x60\x1f\x69\xe4\xed\x68\x41"
	"\x1d\xa2\x44\x81\xe8\xa8\x1e\x55\x54\xf0\xb4\x8b\x22\xee\xd4\x55"
	"\xbb\x55\x76\x99\x55\x67\xa5\x01\x3e\x64\x48\x76\x7e\x57\x45\xbe"
	"\x5f\x2d\x47\x4b\xc2\xca\xc2\x1c\xce\xe9\x10\x47\xdc\x56\x41\xc4"
	"\xae\x47\x86\x64\x88\x01\xa7\xb7\xaa\x61\x41\xe0\x51\x5a\x86\x15"
	"\xb1\x7f\xba\x30\x0c\xd4\x90\x5c\x63\xd0\xdf\xb9\xba\xda\x08\xe2"
	"\xa6\xb1\x53\xc5\x00\x87\xae\x62\xb5\xb8\x56\xc5\x6a\x41\xc8\x0f"
	"\xac\x60\xb1\xb0\xb2\xa3\x47\xbc\x74\x15\xab\xba\xac\x58\xd0\x6a"
	"\x3a\x6c\xd6\x3c\x71\xdf\xfa\x6e\x39\xe6\x07\xf3\x7d\xfa\xb8\x8f"
	"\xcd\xa7\x4e\x69\x83\xb8\x4a\x9f\x97\x55\x6e\x1a\x0f\x9a\xa0\x94"
	"\x43\x10\xef\xa8\xf9\xad\xd2\x92\xf1\x24\x21\xd6\x98\x3b\x5c\xc5"
	"\x66\x0f\xbb\x8e\xac\x06\x86\xea\x33\xdf\x26\x65\xa6\x78\x3e\x3d"
	"\x29\xa9\xe5\x8a\x40\xd7\x3e\xd6\x0b\x88\xdd\xe8\x82\x10\x83\xe3"
	"\x54\x2d\x9b\xb6\x87\x74\x1d\xaa\x56\x71\x7e\x7f\x71\xe9\x45\x68"
	"\xab\x28\x7c\x7d\x3e\x6b\x16\x99\x87\xb8\x75\x21\x2f\x72\xaf\x1b"
	"\x5c\xb3\x48\x75\x60\x18\x2b\x3f\x98\x59\x8e\xc9\xde\xd1\xf8\xb1"
	"\x35\x84\x26\x26\x21\x33\xa0\x3f\xd6\xb3\x3b\x30\x6f\x35\xf6\xc2"
	"\xbd\xdc\x8b\xa6\x1e\xc1\x97\xd4\xc9\x8c\x0a\xce\xcf\x89\x04\xad"
	"\xa2\x79\x93\x9f\x5e\x61\x48\x65\x39\x19\xe6\x90\xa9\xfb\x08\x2b"
	"\x6c\x1b\x49\x80\xb6\x53\x16\x27\x5e\x7e\x70\x5a\xb7\x69\x5a\x9a"
	"\x89\xc2\x74\xd1\x05\x4c\xa2\xf3\x1e\xe3\xa6\x15\x0c\x20\x45\xbc"
	"\xe1\x5f\xbe\x1d\x15\xea\xa6\xef\xe1\xae\x9f\xc6\xc3\xc8\x48\x32"
	"\xaf\x1b\x61\xde\xa6\x54\x09\x67\xa1\x69\xa2\x3b\x18\xc0\x22\x48"
	"\xd6\x84\xa7\x6d\xef\x81\x35\x33\xb1\xc8\x4e\x06\x67\x8d\x57\x1e"
	"\x81\x89\x09\x56\x82\x4c\x5c\xe0\xf3\x7c\xdd\xe6\x55\xee\xcc\x1a"
	"\x61\x65\x5a\x6e\xca\xaa\xdd\x94\xfc\x92\x26\x03\x61\xbf\x10\x51"
	"\x49\xfe\x56\x1f\xbf\x1a\x54\xfc\x8e\x16\x52\x56\x1c\x1f\xcf\x6f"
	"\xc7\xe7\x97\xf3\x83\x33\x66\x3c\xe2\xb1\x31\x91\x09\x28\xbd\x22"
	"\xef\x47\x2a\x29\x9e\x1f\x5f\x7b\x47\x9d\xb8\xb7\xfa\x97\xf8\xfb"
	"\xf5\xed\xf8\x78\x93\x83\xe5\xf3\xfd\xf4\xfc\xf3\xc5\x1c\x76\x01"
	"\xb5\xd1\x9b\x95\x08\x03\x82\x34\x16\x25\x24\x8d\x33\x51\x90\xc4"
	"\x38\x2b\x4a\x58\x09\x7e\x59\x14\x61\x26\xab\x34\x96\x71\x44\x87"
	"\x07\x54\xd5\xad\xc3\x6a\x4f\x5e\xc3\xd4\xd2\x34\xc9\x23\x53\x6c"
	"\x08\x63\xf3\xdd\x41\xee\x59\x85\xdc\x13\xf6\x83\x81\x6d\xf5\xa2"
	"\x85\x41\x3a\x22\xa0\x9a\x42\xd4\xa2\xa5\xb9\xb4\x4b\x76\x9e\x73"
	"\x44\xda\xe1\xed\xc6\xae\x2b\xfa\x2e\x2c\x58\xf7\x81\x77\x63\x6b"
	"\x75\x69\x30\xca\x19\xf4\x0e\x4c\x5a\x92\x87\xc7\x0e\x9a\xe0\x86"
	"\xad\xa4\x8b\x40\x15\x95\x60\xc8\x8a\x7e\x47\x61\xf7\x45\xc6\xb4"
	"\xd4\x14\x3e\xe1\x8e\xa2\xc6\x57\xa0\xeb\x9f\x9c\xc6\xea\xce\xad"
	"\xc0\x7c\x2f\x76\xf7\x25\x93\x2a\x66\x83\x1d\x08\xe6\x5b\xdd\xef"
	"\xc6\x05\x5c\x09\xdb\x25\x9f\xd9\xce\x1d\xda\x70\x14\x5e\x4c\xeb"
	"\x72\xfc\x26\xe2\x55\x38\x12\xb1\x0f\x42\x29\xf7\x11\x82\x6b\xb7"
	"\x75\xb3\x1b\x30\x11\x02\xdf\x27\x6a\x8d\xb9\x5f\x15\x79\x29\x51"
	"\x78\x3b\x07\x54\xdc\x0b\x9c\xa6\x7a\xcc\x70\xce\x9a\xe4\xce\xf3"
	"\x9a\xa5\xae\xc1\x9c\x86\xf7\xb0\xf6\x53\x44\x79\x26\x72\x83\xd1"
	"\xc2\x62\x0b\x43\xdc\x9b\x1c\x7c\xdb\x9b\x17\xa9\x63\x74\xac\xac"
	"\x5c\x46\x4f\x9a\x7e\x96\x4d\x19\xfc\xc1\x43\xba\xa3\x42\x56\x24"
	"\xf7\x55\x90\x83\xc2\xca\x06\x46\x09\xea\x39\x10\xe0\xd2\x96\x21"
	"\x2c\x0a\x26\xc9\xd5\xbf\x67\xd2\xdf\x04\x79\x64\x00\x7b\x15\x25"
	"\x2e\xee\xea\xb4\xaa\xbd\xf6\xd7\x07\x64\x41\x99\x72\xd2\x6e\xbb"
	"\xb0\xf4\xab\x4e\xe3\x2c\x46\x4a\xa7\x6b\xeb\x12\xe5\x28\x13\x62"
	"\x40\xce\x50\x7c\x9a\x5c\xfc\xd8\x63\x3f\x33\x7d\x08\x54\xc1\xe0"
	"\x92\x10\x21\x88\xc8\xb0\x3e\x9d\xb2\xc7\x2c\x4a\x58\x10\xe3\xf4"
	"\x85\xee\xe1\xb4\x4d\xde\xe5\x82\xcf\xf8\x00\xe3\x86\x65\x91\x23"
	"\xe7\xb0\xc1\x8d\xbb\x7a\x8a\xb1\xbb\xa6\xcb\xac\xba\x2b\xc3\x32"
	"\x54\xe9\x7f\x85\xfd\x09\x9f\x25\x8b\x76\x4b\xe2\x59\x3c\xaf\x72"
	"\x3f\xa6\x28\x68\x25\x41\x57\x17\x5b\xe2\x2c\x49\x2b\x06\x5e\x62"
	"\x17\x5b\x83\x6c\x54\xa6\x92\xf5\x80\xd5\x54\x0c\xf4\xcd\x85\x67"
	"\x4a\x34\xb6\x53\x4b\xab\x09\xa8\x2a\x34\xc3\x60\x45\x42\x58\x7a"
	"\x42\x17\xf3\xc0\x59\x9c\xe5\x32\x5e\xc7\xb6\x6a\x61\x18\x92\x1e"
	"\xb3\xe6\xda\x04\xdf\x20\x98\x72\x80\xa3\x47\x4b\x11\x8a\xbc\x2c"
	"\x7c\xec\xde\x8c\x45\x21\x25\x5e\xd0\xf5\x2e\x2f\x52\x96\xf5\xa5"
	"\x7d\x87\x54\x6d\x72\xc9\x93\x32\xb2\xf0\xde\xdd\x59\x5e\x7a\xb5"
	"\x54\x83\x17\x4b\xe6\x94\x79\x6a\xb3\x04\x12\x93\x6a\x4a\x9c\x98"
	"\xdf\x08\x05\xd8\x89\x9d\xf8\xdd\x16\x31\x85\xef\xd4\x79\x9a\x3a"
	"\xf9\x09\xd0\x32\x03\xe9\x6b\x48\x4c\x35\x8f\xe0\x63\xe0\x4b\xf6"
	"\x28\x64\xbc\x58\x62\x94\x2f\x8c\x9a\x6b\xd7\x9b\x82\x06\xeb\x6e"
	"\x8f\xd4\xd9\x16\x3a\x34\xdb\x9b\x1e\x35\x3c\xbb\x5e\x16\x61\x2c"
	"\x86\xe9\x8c\x29\xbf\x39\x86\xd3\x72\x2e\x2b\x7d\x3e\xa2\x36\x71"
	"\xa6\x8f\x7e\x57\xb1\xb9\x67\xc4\x9d\x27\xf1\x04\xd6\x2c\x44\xb5"
	"\x5b\x78\x3e\x2f\xf4\x5a\x03\x11\xd1\xb7\xa3\x90\xc7\x59\xa8\x1f"
	"\x31\x48\x77\x22\x0c\x95\x2a\x43\xe1\xab\x43\xc3\x5c\x88\x4d\xa6"
	"\x04\xcb\x58\xaa\xf5\xb5\x1f\x67\xbb\x7c\x1b\x5a\xe5\x5a\x8f\x14"
	"\x2c\x0b\xfa\x27\x3f\x07\x78\x53\xc8\x7a\x8b\xcd\x67\xfe\x06\x66"
	"\xef\x0c\x35\x07\x5f\xcc\xf4\x58\xe1\xa0\xf9\x74\xc6\x78\xf2\x99"
	"\x92\x78\x66\x2d\x42\x34\x79\x5c\x33\x32\xac\xb1\x22\xca\x24\xaa"
	"\xc7\xc4\x38\xd9\x2c\xb3\x03\x10\x0a\xc2\x73\x56\x05\xf0\x77\x55"
	"\x0c\x3d\x1e\x84\xbb\x75\x11\xde\x35\xdb\x84\xfa\xe7\x4d\x74\x06"
	"\xe3\xfd\xe9\xdc\xdd\xaf\xd7\xa4\x2a\xca\x77\xcd\x05\x5b\x9e\xc1"
	"\x96\x81\x75\x33\x76\x77\x99\xcc\xf5\xec\x62\xc0\x70\x55\x82\xed"
	"\x08\x32\xde\xee\x08\xce\xa8\xa7\xf5\x01\x4b\x00\x16\x7f\x5e\xc9"
	"\xdf\xdc\x3c\x20\xaf\xeb\xaf\x33\x6c\xc0\x18\xef\x15\xf6\x46\xa0"
	"\xd9\x5e\xcd\x11\x2f\xbd\x7d\x95\x9a\x37\x45\xb0\x53\x83\xc2\xcd"
	"\x3e\x75\x0a\x1f\xdc\xc7\xc1\x58\x25\x4c\xda\xcf\x61\x8d\x3e\x86"
	"\xc1\xdc\x53\xf1\x58\xb5\x11\x00\xb3\x85\xaa\xbc\xd7\xc0\xa6\x21"
	"\x06\x58\xcc\x66\xd2\xb3\xf0\x23\x75\x0a\x1e\xc0\xcb\xef\xb9\xbb"
	"\x4b\xf4\x67\xd9\xb3\xc4\xb1\xc7\x6b\x1e\x6a\xae\x60\x43\xf2\x18"
	"\xab\xe1\x84\xff\xbd\x7d\xf7\x0e\x24\x68\x2c\x44\xbb\x4a\xa0\x18"
	"\x10\xa3\x4b\x1d\x4a\x2a\xba\x7c\x5f\x0e\x52\x7b\x5c\xa9\x26\x86"
	"\x7f\xbd\x3d\x9c\x9f\x9a\x30\xa0\x8e\xc6\x6b\x76\x98\x54\xbe\x4a"
	"\x06\xef\x3e\x50\xd1\x3c\xa4\xb7\x4e\x4d\x2f\xe4\x72\x75\x3b\x65"
	"\x43\x2c\x22\x9d\xcf\x09\xac\x6a\xcd\xd1\x84\xa2\xa2\xbc\x4e\xf3"
	"\xc2\x79\x2b\x69\x02\xf1\xf0\x42\x7c\xc0\x65\x1d\xc9\xb5\xd3\x92"
	"\x03\x94\x40\x81\x99\xbc\x94\x8d\x09\xec\x8e\x97\xfa\xe3\xf9\x48"
	"\x9d\x9c\x25\xe4\x1b\x85\x3e\x5a\x4b\xaa\x29\x3b\xc4\xee\xf3\xb5"
	"\xed\x41\x04\x2b\x82\xe2\x7f\xde\x8e\x47\x44\x2a\xb9\x34\x65\xcb"
	"\x19\x81\xae\x01\xda\x6a\x3e\x1f\x0f\xd0\x88\x3a\x0f\xfe\x6c\x44"
	"\x20\xf0\x85\xdc\x2e\xa7\x66\x46\x89\x7f\x8a\x90\x9a\x2c\x48\xac"
	"\xd3\x64\x35\xa6\x49\x14\xa2\xe3\x76\x76\x4b\x43\xae\xe8\x0a\x6f"
	"\x57\x53\x12\x8d\xb5\xbc\xa5\x48\xab\x09\xf9\xd4\x6a\xe5\xbe\xc5"
	"\xf0\xd5\xcd\xed\x18\x17\x1a\x11\xf5\x7c\x39\x23\xf0\xe2\xb0\x19"
	"\x1a\x53\x3e\x1d\x48\x9b\x12\x8e\x30\xa9\xcf\xa7\x13\xc2\x7b\x0a"
	"\x69\x33\xc2\x31\x28\x63\xe5\x2d\x85\x28\xaf\x21\xbb\x78\x4c\x41"
	"\x7d\xc9\x85\x65\x67\xb1\x18\xe6\x57\xc1\x02\xfb\xca\x4a\xea\xa2"
	"\x0b\xb8\x24\xc6\xee\x1a\x2d\xc7\xee\x17\x69\xf2\x78\xb2\x14\x23"
	"\x62\xee\xef\xd6\x8b\xf1\xc8\xee\x72\x3d\x53\x1f\x9f\x7f\x9c\xfe"
	"\x38\xf5\xe6\xe5\x72\xba\x70\x60\xe0\xbe\x1f\x1f\x55\x08\x3e\xd1"
	"\x07\x44\xed\x7e\x5b\xae\xfa\x99\x52\x37\xa7\xaf\x0d\xb8\x1c\x81"
	"\x93\xfa\xa2\xb4\x3d\x44\x14\xbc\x21\xb6\x04\x53\x52\x80\x79\xa7"
	"\x01\x54\xae\x00\xf8\x0d\x82\x0d\x56\xd9\x17\xbd\xde\xa8\x45\x36"
	"\x1f\x2d\x28\x70\xd4\x7c\xba\x18\x91\x24\x12\xa1\x38\x9f\x4d\xc6"
	"\x24\x69\xb6\xa0\x49\x14\xd6\x0a\xb4\x01\xd9\xc2\xc5\x64\x56\x90"
	"\xd1\x18\x90\xbe\x24\x5f\x78\x4b\x44\x2d\x46\x12\xdd\x25\x03\x62"
	"\x62\x4a\x80\x54\xd3\xc5\x64\x4a\xe0\x0f\x61\x65\xce\xc7\xe4\xa2"
	"\x9d\x2f\x89\x9e\x84\x85\x39\xbb\x25\x6e\xa3\x91\xb6\x9a\xf4\xc5"
	"\xee\xfa\xe5\xf8\x3f\xef\xc7\xa7\x87\xbf\x5b\x90\xe4\xff\x21\x5c"
	"\x2c\x08\xc4\xaf\x3c\x49\xda\x84\xc6\xea\x6a\x4a\xdd\x5c\x7c\x79"
	"\x3b\xbf\xfc\x1a\x9c\x5e\xdf\x5e\x4e\xbf\xbf\x23\x28\xd4\xc2\x54"
	"\x5a\x3e\x7a\xda\x33\xe8\xfb\x97\xd7\xe3\x2f\x09\xd4\x71\xfc\x7a"
	"\x93\x9c\xcf\xcf\x37\xff\x82\xca\x7f\xbe\xf9\xa3\x7d\xf9\x6b\xe7"
	"\xe5\x66\x85\xeb\x99\x95\x85\xf0\x1f\x43\x31\x97\x43\x50\x5e\xca"
	"\xb3\xae\xa1\x2e\x86\x60\xc0\xe4\x3a\x38\x14\x62\x36\xa7\xf4\x7d"
	"\x34\x26\x9e\xab\x35\x7d\x74\x5f\xe4\x03\x8a\x3e\x96\xd1\xd4\xc2"
	"\x01\x6a\xb9\xf1\xfe\x78\xfa\x7a\x7a\xfb\xdb\xd5\x13\xc1\x46\x12"
	"\xee\x54\x9b\x00\x95\x0b\x91\xdf\x45\x96\xc4\x4c\x13\xf1\x2d\xa9"
	"\xdf\x81\x34\xe9\xb7\x2e\x86\xa9\xf3\x86\x71\x08\x1e\x8f\x5f\x5e"
	"\xdf\x5f\x8e\x8f\xc7\xa7\xb7\x9b\xf7\xa7\xd3\x9b\x63\xc4\x66\xa3"
	"\xa1\x31\x99\x11\xe3\xb9\x4d\x0f\x8b\x31\xe1\x89\x02\x16\x39\x2f"
	"\x17\x23\xb0\xb3\x62\xc2\x3c\xac\x79\xd4\x18\x50\xc0\xd4\x2e\x8f"
	"\x0b\x94\x4a\xe2\x72\xf1\x86\xb6\x62\x09\x71\x31\x1a\x7c\x0e\x2a"
	"\x31\x25\xc6\x87\x25\x53\x4c\x16\x49\x20\x28\x02\xb1\xa2\x22\xbf"
	"\x28\x22\x85\x38\xf0\x36\x63\x0a\xce\xe9\xa7\xd3\xc9\x98\x70\x00"
	"\x44\x1a\x21\xb2\x80\x34\x25\x2c\x1b\x20\x2d\x16\x84\x15\x19\xf1"
	"\x09\xe3\x30\x5f\xd8\x68\xe4\xf6\x7d\x51\x28\xe5\x31\x21\xd4\x3e"
	"\x0b\x36\x9e\x10\xd9\xc9\x0a\x5e\x8c\xc8\x28\x28\xb2\xa0\x02\x98"
	"\xe4\x5c\x42\x8f\xba\x69\x1c\xde\x36\x19\x91\x64\xb0\x6c\xa7\x53"
	"\x22\xc6\x8f\xf4\xc5\x74\x46\x80\x8e\x14\x8d\xf0\xd8\x6e\xb0\xd0"
	"\x0a\x8f\xbd\x20\xf1\xd8\xb3\xf9\x94\x8a\xcb\x37\x1f\x2f\x27\x6e"
	"\x30\xe1\xce\xcf\x92\xd9\xc8\x21\x49\xae\x01\xb9\xd9\x16\x36\x6b"
	"\x84\x96\xdc\x8e\x56\x2b\x62\x2a\xd7\x3b\x9d\x94\x45\xc4\x45\x23"
	"\x8b\x60\x15\x90\x71\x8c\xa6\x73\xca\xed\xa2\x96\x9b\x58\x71\x5f"
	"\x6e\xd6\xd2\xe7\xe1\xc7\xe9\xa9\xf7\x45\x86\x2a\x79\x3e\xbf\x81"
	"\x4c\x3a\x39\x76\x6f\xa8\x3b\xad\x0e\xd6\x6a\xed\xe5\xf8\x8a\xb2"
	"\xcc\xd5\x47\x5e\xca\xa9\x18\xad\xb0\xd3\x1f\x8f\xe7\x14\x69\x4a"
	"\xd2\xc4\x7c\x41\xf4\x2c\x92\x88\xbc\x9f\x75\xdf\xd0\x59\xfa\xe4"
	"\x7c\x36\x22\x5c\x0c\x9e\x10\x52\xef\x1a\x7f\x31\x5d\x4d\x1d\xfe"
	"\xbf\x2f\xe7\xbf\x4e\x8f\x84\x06\x4a\xe2\x80\x15\x98\xdf\x28\xa4"
	"\x6e\x41\xc4\x61\x35\x77\x4c\x46\x79\x7c\x7c\x46\xab\x83\xe8\xe7"
	"\x34\x39\xac\x46\x0b\x6a\x65\xa5\x7c\x44\x78\xd3\x48\x71\x2f\x88"
	"\x75\xac\x48\xc4\x9a\xc9\xa4\xfb\x3e\x7e\x97\x86\x36\xf4\xb6\x11"
	"\x1a\xfb\xce\xd9\x0c\xfc\x68\x83\x6c\x5c\xc4\x0a\x14\x22\x7a\x77"
	"\x2d\xdd\xe7\x91\x48\x57\x11\x91\xcc\x68\x47\x1d\x6a\xed\x9b\xda"
	"\x0c\x79\x71\x87\xc9\x0c\x4c\x10\x45\xd4\x3d\x2d\xaf\x0b\x60\x24"
	"\x52\x47\xe1\xd4\x55\x06\x66\x87\x70\x96\x33\x3f\xb1\xc1\x19\x35"
	"\x25\xcb\x6b\x3c\x10\x46\xae\x94\x45\x9e\x90\x17\x9c\x9b\x7c\x5f"
	"\x87\xcb\xc3\xc6\x5b\xd7\xb2\xaa\xa0\x8b\x9a\xc5\xf0\x7b\xce\xae"
	"\x6e\x33\x5f\x41\x5d\xa1\x6c\xde\x6a\x80\xf4\x1d\x94\x0b\x82\xda"
	"\x91\x73\x06\x23\x85\x8b\xf7\xdf\x5f\x15\x6c\xe3\x72\xb8\x5b\xdf"
	"\x6b\xd8\xe1\xc0\x31\x6e\x38\x3f\xb0\x6a\xb2\xcc\x52\x15\x35\xde"
	"\x3d\x9e\x5d\xae\x52\x78\xee\xe5\xe0\xf9\x69\xb5\xcd\x33\xa6\x38"
	"\xc8\xa8\xe7\x2a\x52\xb9\x3a\xd9\xe5\x77\x4b\xd8\xb2\x55\xc2\xba"
	"\xa9\xed\x73\xc6\x8a\xf3\x30\xcc\xa9\x50\xa9\xae\xd9\xd6\xd4\x52"
	"\x5a\x73\x18\xcf\xa6\x7d\x02\x01\x9f\xfa\xfd\x9d\x28\x3f\xbe\x60"
	"\xac\x00\xe5\xfc\x04\xdb\xd8\x13\xec\x2a\xfa\x8e\x92\x38\x99\xb8"
	"\x09\xfe\x29\x88\x74\xe3\x72\x53\x66\x41\x58\x78\x79\x22\x3f\xe0"
	"\x17\xa2\xfd\x1d\xfa\xbe\x1b\x5e\x8c\x95\xe0\xfd\x09\x49\x6b\x7c"
	"\xb2\x7f\xfa\xfd\x84\xa1\x91\xfe\xfd\xfd\x7f\xeb\x3f\xfe\xfb\xf4"
	"\x55\xff\xf5\x53\xdf\xb1\xe2\x52\xef\x30\x64\x2a\x89\xbd\x6c\x17"
	"\xc4\xa9\x5b\x10\x64\x3b\x0b\x53\xd1\x31\x3d\xd2\x01\x1f\x6c\xd9"
	"\x8f\x8f\x87\x1e\x09\xe8\x74\xf6\xc7\xe9\xdb\x3b\x08\x57\xf4\xed"
	"\x13\xfd\x8c\x75\x8a\xab\xf7\xe8\xe9\xe5\x51\x01\x21\x7b\xc1\x34"
	"\xd5\x70\x09\x8c\xbc\x68\x24\x1f\x5e\xc7\x45\xba\xc7\xeb\x18\x68"
	"\x7d\x4a\x4c\x91\x18\xf3\x37\x55\xb1\xb7\x96\x03\x28\x88\x6a\x31"
	"\xb3\xc0\xe6\x1a\x0a\xe6\xfb\xd6\x4d\xa0\xfc\xad\xbe\x14\xbb\xac"
	"\xa6\xd8\x95\x61\xb6\xb1\xae\x84\x30\xcf\x8e\xc2\xf0\x9f\x7c\xb5"
	"\x01\xbf\x54\xa6\x7e\x23\x1e\x0c\x9f\x00\x45\xf1\x7d\x06\x32\xe8"
	"\xae\x8c\x8b\xd0\x80\x38\x29\xa2\xc2\x22\x44\x94\x8f\x0e\x72\x84"
	"\x75\x68\x27\x67\x24\x7f\xc5\xe1\x95\x52\x76\x2f\x6a\x54\xe1\x9a"
	"\x65\xfd\x97\xe5\xce\x08\x8c\x8a\x86\xa0\x36\x90\xdb\x79\x61\xd5"
	"\xd3\xdc\x25\xfb\xbc\xb4\x28\x2a\x97\x09\x4b\x7a\x6f\xf1\x4b\x21"
	"\xf1\xf2\x42\x04\x92\xfe\x2a\x3a\xdb\x81\x6e\x0d\xcc\x28\x91\xe4"
	"\x92\x6a\x2d\x4a\x73\x16\x67\xa6\x30\xd7\xed\x25\xd2\xb4\x74\x9b"
	"\x96\x86\x72\x93\x07\x54\xdd\x30\x4c\xa5\x1f\x06\x30\xdb\x8a\x40"
	"\xcd\xe1\x3c\x4b\x4c\x91\x8f\x19\x0e\x73\x30\xaf\xa2\xd8\x11\x51"
	"\x6d\x7d\x42\xcf\x37\xa5\x3c\xba\x57\x83\xfa\x9a\x69\x9f\x17\x41"
	"\xad\x21\x0d\x17\x94\x83\x9c\x50\xde\x47\x40\x9b\xba\xd3\x38\x00"
	"\x65\x66\x84\x13\x57\x05\xa5\x08\xf1\xf2\x5c\xd5\x69\xbd\x03\xb9"
	"\x2b\x0c\x6f\x7c\x40\x15\x4e\xd7\xa8\x51\x30\xb1\xbc\xb7\xaa\x0e"
	"\x33\xbf\xb8\xe7\x32\xee\x4e\xb6\xe6\x91\x21\x1a\xde\x8f\x1b\x74"
	"\xb3\x51\x14\x1e\xe7\xb3\x17\x18\x5f\x80\xbf\x49\x66\x8c\xd3\xee"
	"\xa9\x4e\x36\x54\x47\x18\x8b\xb0\xc0\xf8\xd9\xee\xce\xfd\x4c\x93"
	"\x0e\x34\x09\xd6\x22\x39\x5c\xb9\x3f\x40\xf4\xe4\x40\x5b\xb2\x38"
	"\x19\x78\x74\x3d\xa1\x9f\x5c\x63\x74\xcc\x83\xbb\x53\xda\xe1\xbe"
	"\x0c\x0b\xa6\x0f\x41\x20\xde\xd6\x42\xf8\x19\xa3\xe8\xac\x4d\x81"
	"\x1c\x3a\xb3\x22\xb0\x0b\x62\x5d\xa0\x2e\xa6\x8d\xaa\x99\x26\xb8"
	"\x24\x7d\x99\xcb\x8e\x4f\x95\xfa\x89\x21\x25\x14\x92\xae\x0b\x6e"
	"\xbc\x84\x4d\xc8\x64\xcd\x06\xcb\x33\xb3\x61\x8a\x8a\x40\xcd\x12"
	"\x4d\x95\x45\x68\xcc\x92\xbb\x75\x2a\xab\xdd\xd8\xc5\xaf\x28\x13"
	"\xab\x79\xbe\x34\xa5\x5e\x29\xf3\xb5\x98\xb9\x17\xe9\x5a\xad\x47"
	"\x63\xb5\xfb\x54\x8e\xa7\x7c\x17\x16\x09\xbb\xb7\x2a\xaa\xfd\xea"
	"\x1f\xbe\x9b\x39\xe2\xd6\x42\xcd\xf6\x3e\x67\xf0\x4b\x91\xa7\xbf"
	"\x06\xbb\x40\x89\xa2\x8b\x24\xea\x28\xde\x7c\xb5\x58\x8c\xa8\xd9"
	"\x54\x06\x6b\x57\x0b\x82\x5c\xfc\xba\x66\xf2\xd7\x4c\x5a\xf5\xb6"
	"\x43\x2c\x0d\x61\x94\x0a\x78\xc2\x28\xd9\xd9\x2c\xf8\xbb\x89\x4d"
	"\xe9\xe7\x41\xc8\x31\xc1\xc2\x6c\x7a\xeb\xa2\xc7\xb9\x0f\x02\x19"
	"\x2c\xf9\x4f\x3f\x9d\x5e\xcf\xcb\xe5\x7c\xf5\xcb\xf8\xa7\xee\x26"
	"\xad\xb7\x3c\xb4\xcd\xf9\x7a\x7c\xff\x7a\xbe\xf9\xc3\xd5\x62\x54"
	"\x79\xd6\xd0\xa8\xa2\xad\x9d\x38\xaf\x4b\xc4\x08\xa5\x32\xe9\x4e"
	"\xc7\x1c\x43\x95\x47\x61\x83\x0c\xed\x55\x07\x1b\xb3\x04\x31\x18"
	"\x54\x8d\x65\xd7\x2a\x45\x30\xd2\xda\x70\x12\x36\xc2\x33\xc2\xee"
	"\xb6\xf7\xd3\xb5\xc4\x35\xe1\xc0\xa4\x34\xda\xb3\x29\x23\x58\x58"
	"\x1e\x31\xf0\x35\x55\x7d\x8d\xd3\x81\xad\xc9\x45\xd0\x1d\x65\xb0"
	"\xe2\x74\x3e\x22\x85\x27\x33\x3a\x93\x05\xb4\xc8\x62\xeb\x1e\xad"
	"\x51\x09\x4a\x02\x99\x7a\xad\x29\x02\xcd\x2d\x04\x33\x21\xd3\x02"
	"\x54\x2b\x28\x55\x73\x1c\x37\xf4\x9b\x81\x84\xc9\xa6\x49\x11\x1d"
	"\xd2\x8f\x7a\x34\x69\xe0\x29\x30\x4b\x09\x8a\x5f\xb0\x94\x20\x89"
	"\xbb\x92\x89\x0d\x41\xdc\x0d\xe8\x26\xc4\xc4\x1e\x48\xe5\x94\x0e"
	"\xf4\x0b\xa7\x69\x77\xd9\x61\x36\x48\x5d\xd0\xd4\x62\xe8\xa5\x1c"
	"\x53\x3f\xb8\x85\x21\x4c\xa8\x1d\x29\xa2\xa8\xc9\x03\x7a\x03\x4c"
	"\xac\x2d\x35\x23\xb3\x01\xed\xbb\x26\x82\xbc\xfb\x21\xdf\x50\x0f"
	"\xf9\x31\x55\x9b\xcf\xc9\x67\xf2\x80\xd1\xab\x82\xfa\xae\xae\xfb"
	"\x00\xfc\x68\xc4\xa2\x21\x0c\x3b\xe4\x46\x9a\x56\x20\x4d\x8d\x0e"
	"\xe8\xd2\x6e\x89\xf3\x43\x93\x89\x38\xf5\x35\x98\x96\xc4\xc5\x82"
	"\xc5\x34\xf9\x08\xd3\x87\x5e\xf7\x81\x86\x53\xe1\xc8\x2d\xa6\xf1"
	"\x47\x98\x3e\xd2\x70\xe2\xa4\xde\x62\x9a\x7d\x84\xe9\x23\x5d\x40"
	"\xe0\x61\x2c\xa6\xd5\x75\xa6\xd5\xf4\x03\x35\xad\x3e\x32\xc0\xab"
	"\xe9\x07\xfa\x69\x35\xfb\x40\x9b\x96\xb7\x74\x3f\x81\xf5\x82\x13"
	"\xbe\x5a\x5e\xaf\x66\x3c\xf9\x48\xb3\x81\x8b\x9e\x04\x4c\xf8\x71"
	"\xec\x5e\x90\x6d\x4b\xc6\xf6\x0a\x6b\x08\x93\xab\x1f\x31\xbd\xca"
	"\x71\xbd\x23\xe6\x57\x39\x16\x57\x39\x6e\xaf\x72\xac\xae\x72\x8c"
	"\xaf\x7f\xcc\xf8\xfa\xd7\x8c\xe9\xcf\xd9\xe6\xf1\xb2\x2a\x86\xc9"
	"\x25\x49\xc6\x28\x80\xa0\x8b\x88\x44\x23\x0d\x87\x1f\x26\x92\x38"
	"\xc3\xbd\xb0\xc0\xa6\xa4\x24\xf2\x2d\xb5\x4c\x45\xce\x64\x7c\xed"
	"\x65\xf7\x45\x9c\x24\x57\x5e\x17\xb1\xf0\x2a\x0b\xec\x67\xb6\x83"
	"\x1c\xb0\x03\x4f\xac\xd8\xe7\x7d\x9e\xac\x24\xbc\x70\x8d\xee\xbb"
	"\xf6\x51\xb2\x2c\xb6\x54\xdc\x10\xe4\x29\xe5\xda\xbd\x74\x83\xc4"
	"\x7d\xa0\xa9\xb6\xab\xda\x9b\x94\x3e\x35\xc2\x20\x7d\x25\x4b\xe2"
	"\xdf\x7a\x4e\x8d\x6a\x1b\xb0\x3d\xbe\x3c\x1d\x7f\xdc\x7c\xff\xf2"
	"\xf0\xe7\xe9\xe9\x5b\x73\x0d\xf8\xfc\x72\x7a\x7a\xfb\xf3\xe6\xcb"
	"\xd3\xd7\x9b\xaf\x8f\xc7\xd7\x6f\x37\xe7\x67\x3c\x16\x35\xb6\x08"
	"\xb0\xd9\xdc\x2a\x67\x82\x8e\xcd\xab\x8c\x50\xdc\x42\x47\x49\xb8"
	"\x0b\x93\x56\x19\xcf\x3a\xa6\x22\x3a\xcc\xd4\x4f\x07\x21\x95\x8d"
	"\x37\xb8\xcf\x18\x1e\x26\xb9\xc3\x7a\xfa\xe7\xc7\x67\xd8\xb7\xfc"
	"\xf2\x76\x7a\x3c\xde\xc0\xf6\xef\xe1\xcf\x57\xd5\xd6\x07\x5d\xfe"
	"\xd2\x6f\xae\xf6\x76\x8d\xb3\x75\x6e\x42\x9e\x9b\xd2\xe6\x6c\xcb"
	"\xdd\x98\x0b\x1b\x58\xc8\xc4\x54\xe8\x30\xe1\xe1\xd8\xda\xbd\xa0"
	"\xa3\xc0\xab\x84\x5f\xc4\x5c\x3a\x2d\xfc\x4c\x0d\x26\x6e\xde\xa1"
	"\x3e\x5e\x84\x3e\x93\xdd\x4c\x10\x35\x3d\x2d\x05\x6c\x0b\x37\x61"
	"\x37\x51\xd3\x1a\x2c\x66\xfd\xe4\xa7\xc9\x68\xb6\xec\x9e\x86\xc3"
	"\xdb\x40\x5a\xe3\x5d\x1b\x91\x9b\xab\x08\x59\xa0\x2a\x66\x82\x48"
	"\x9f\x95\xc1\xc6\x3c\xc0\x0a\xbc\x9c\x00\x6e\x28\x85\x91\xef\x33"
	"\xa7\x87\x4e\x93\x71\xd5\xd8\x88\x84\xe8\xf4\x23\xf4\x77\x0c\xf4"
	"\xa8\x08\x55\xa6\x34\xdc\x4f\xa5\xe8\x5c\xe7\x3c\xb9\x36\x59\x74"
	"\x07\xd6\x87\x93\xdd\xeb\xb0\x3d\xcb\x64\xdd\x53\x3c\x57\x27\x28"
	"\xc2\xee\xc1\xba\xbc\x3f\x4b\x6a\xb7\x9b\x90\x6d\xd1\x39\xc1\x4e"
	"\x42\x71\xb9\xb5\x8f\xd5\x4e\xd8\xb8\xb8\xbb\x14\xb6\x9b\x76\x3d"
	"\x92\x9f\x46\x7f\x8d\xcd\x3e\xd2\x2e\x37\x6d\xca\xae\xe3\xe3\xf9"
	"\xe5\xef\x9b\xe0\xf8\xfb\xfb\xb7\x6f\x7a\x79\x9a\x1d\x1e\x1e\x64"
	"\x98\x09\xca\x59\x59\x57\x89\x8c\x2a\xb2\x14\x3d\x6e\xf0\xd1\x22"
	"\xc7\xf3\xa2\x81\x6a\x72\xef\x33\x74\x33\xb1\x27\x4b\x4a\x4f\xfb"
	"\xdf\xb8\xa2\x47\xe0\xdd\x44\xfd\x75\xe8\x0a\x60\xf9\xc8\x98\x94"
	"\xa1\x89\x20\xf1\xb2\xb3\x14\x54\x3e\x3c\xcd\xb5\x4b\x07\x88\xb5"
	"\x17\xa5\x9d\x33\xcd\xee\x30\x3d\xbc\x30\x6e\x9c\xfc\x1e\x35\x9d"
	"\xb6\x98\x9d\xab\xfb\x2d\x5b\x32\x5d\x57\xfd\x09\x1b\x2b\x1a\xad"
	"\x3e\x3f\xc2\xe1\xbd\x41\x40\xe0\xfb\xb3\x96\x63\x9b\x2f\x4f\xdf"
	"\x4c\xc0\x40\xee\x6f\x4b\x5e\xfb\x37\x12\x79\x7a\xea\xa0\x6a\x9b"
	"\x32\x8b\x40\x29\x08\x77\x57\xee\xef\x5a\x17\x55\x62\x3a\xd4\x9e"
	"\x46\x79\xee\xfc\x78\x83\xae\x03\xb7\x7d\x1a\x99\x44\x54\x09\x79"
	"\x29\x3f\xcd\xdb\xe5\x09\x4b\x3c\xb0\x83\x10\xe8\x42\x5b\x20\xb7"
	"\xd5\x6b\x32\xa5\xd3\x5a\xb6\x42\x56\x72\x53\xe4\x12\xcf\x44\x5d"
	"\xa7\x9a\x7a\xd1\xd1\x0d\xe8\xb9\x74\x6a\x56\x3d\xd5\xc2\x2c\xb8"
	"\x2a\x9d\xf0\x63\xb7\x61\xc8\x87\xd7\x0e\x48\xf2\x30\xe5\xfd\xbb"
	"\x58\x1c\xf3\xcb\xea\xbe\xf9\xd7\x6b\x1d\x4d\xe5\xf5\xdf\x37\x8f"
	"\xef\x6f\xc7\xbf\x8e\xf0\xc7\xf1\xed\xe1\x3f\xff\xf9\xcf\xcf\xa6"
	"\x9f\x0c\x56\x0a\xdf\x9e\x96\x32\x3c\x10\x09\xaf\xeb\x19\x57\x87"
	"\x56\x19\x5a\x14\x57\x2b\xd9\xef\x35\x13\x5e\x3c\xed\x39\x23\xd2"
	"\x62\x6a\x5e\x15\xc7\x65\x40\xdc\xa8\x80\x17\xf5\x11\x3b\x71\x28"
	"\x84\xe1\x09\x24\x1b\x5a\xa1\x4c\xe6\x68\x1c\x88\x04\x7a\xfe\x4a"
	"\x5b\x30\x40\x1e\xe3\x71\x7b\xd3\x2c\xe8\x97\xc2\xc2\x92\xe8\xe2"
	"\x4c\x44\x05\x51\x93\x42\x79\x65\x3a\xc4\x97\x96\x8e\xc3\xd2\x0f"
	"\xfe\xed\xf0\x52\x5e\x18\x4e\x69\x3d\x8a\xfd\x11\xb1\x18\x14\x56"
	"\xf1\x35\x0e\x31\x34\x33\x1b\xe7\xcc\xa1\xe1\xf7\xc1\x36\x02\xcb"
	"\x3e\xb6\x30\x9b\x3a\xb8\x87\x5f\x12\xea\x49\x0d\x34\x92\x9d\x0a"
	"\x83\xe3\x89\x35\x92\x1b\x85\xeb\xc6\x31\x10\x23\x72\xb1\x5c\xa0"
	"\x82\x2b\xc3\x86\x2c\x28\xcd\x61\xf8\x92\xa4\x15\x4e\x93\xb1\x59"
	"\x89\xa6\xb6\xde\xfb\x1e\x95\xe7\x54\xbd\x10\xe7\x00\x49\x0d\xef"
	"\xc4\x80\x35\x5e\x8f\xb7\x9a\x6f\x2a\xd4\x5c\xb8\x23\x76\x16\xf5"
	"\xc0\x60\xbc\x81\xbc\x00\x41\xf9\x59\x1b\x39\xee\x8d\x80\xbe\x08"
	"\x70\xf1\xb4\xd5\xf1\xda\xa3\xd8\x02\x0d\x34\x99\x68\xaf\x50\xa3"
	"\x82\xf1\x8d\x9b\xa7\x31\xd5\xd7\xcd\xda\x30\x2a\x50\x85\x55\xea"
	"\xe7\x25\x98\x5e\x60\xd0\xe6\x45\x60\xb1\xe0\xbd\x81\x1a\x1a\xe4"
	"\x54\xb3\x41\xd8\x51\xf4\xea\x07\x75\x2d\x96\x8b\xb4\x0e\x7c\xd5"
	"\x01\x35\x5d\xd2\xac\x76\x0c\x67\xed\xf9\x0c\xfc\xc6\x09\x39\x5e"
	"\x96\xe3\x28\xd4\x59\xb4\xec\xcf\x43\x84\xca\x25\x10\x89\xe9\x97"
	"\x53\x48\x57\xcc\x9e\xde\x1b\x1a\xf0\x83\x5d\x75\xcd\xd8\x09\x87"
	"\xd4\x0c\x65\x4f\xc2\x58\x23\x44\x88\x55\xa5\x60\xd0\xcd\x59\x7d"
	"\x2a\x01\x96\x2f\xee\x44\xbe\x5e\x7f\xa0\xa2\x21\x16\xad\x22\x07"
	"\x18\xea\x31\xaf\xc7\x95\x40\x28\x69\xef\x76\x91\x81\x8d\xb5\x71"
	"\xa2\x19\xbc\x82\x65\x30\x26\x3a\x9d\x2e\x7a\x91\x9b\x81\x01\x9b"
	"\x72\x96\xc1\x4a\xc1\x5d\x52\xfd\x00\xa1\xc8\x5a\x76\x98\x68\x83"
	"\x8c\x5a\xf5\x0f\x7c\x9d\x97\x6c\x55\x4e\x2f\xe5\xfa\x48\x09\x02"
	"\x15\x70\xcc\x31\x14\xcd\xbc\x03\x79\xa4\xdd\x52\xf5\xc4\xab\x5b"
	"\x67\x5e\x0c\xd7\xbd\x88\x41\x08\x4a\x4e\x8b\xc0\xcb\xb2\xa9\xbc"
	"\x10\xbe\x0b\xc3\x50\xb8\x85\xd3\x65\x61\xfc\x03\xce\x8f\xbd\x1f"
	"\x6c\xa5\x32\x45\x83\x59\x9d\x49\xd0\x0b\xa3\xee\x92\x26\x9e\xb0"
	"\x56\x21\xef\x4f\x6a\x1f\x2f\x8f\xaf\x6f\x96\x12\x49\xb6\x01\x81"
	"\xe5\xc2\xe6\x28\xc5\x57\x89\xbc\x70\x37\xcc\x6b\xd4\xb5\xd2\xfd"
	"\x03\x3a\xc4\xc3\x5b\xef\x81\x20\xbe\xa8\x9e\xc0\xd2\xad\x86\xd9"
	"\x60\xd7\x80\xc3\x4a\xe7\xbf\x50\x36\x0b\x82\x12\x87\x30\x6f\xea"
	"\xbb\x36\xe1\x81\x0c\x13\xa2\x18\x70\x4f\x9f\x45\x75\x38\x19\x41"
	"\xf3\x6d\x81\x51\xe6\x07\x9a\x41\x9d\xc3\xac\x69\x7a\xb1\x61\x62"
	"\xa3\x4e\x98\x06\x5a\xcb\x88\x33\x2d\x95\x53\x65\x10\xd1\xa4\x47"
	"\x71\x3b\x30\xc4\x08\x97\x00\x31\xcd\xef\x69\x16\x8f\x0f\x7c\x40"
	"\x03\xb7\x1b\x78\x03\x7d\x08\x05\xdb\xc5\xe1\x81\x42\x33\x15\x84"
	"\xfb\x36\xbc\x17\xc3\xfb\x94\x80\x49\x86\x71\x6a\x8a\x92\x93\x4a"
	"\x5c\x6d\xb2\x3f\xc6\x2a\x18\x3a\xc8\x5f\xd9\x9c\x46\x81\x67\xec"
	"\x4d\xe1\xf7\x10\x4c\xb8\xf4\x60\xef\x0a\x35\xc3\xde\x38\xfe\x4d"
	"\x09\x4a\x23\x23\x8b\x47\xed\x6c\x59\x91\x62\x84\x0a\x49\xce\x58"
	"\x9c\xac\xbe\xb2\x74\x28\xc0\x26\x8f\x71\x27\xd8\x68\xe3\x38\x28"
	"\x06\x5e\xa4\x63\x6f\x60\x0b\x95\xe6\x06\x75\x26\x42\x49\x1e\x39"
	"\x21\xbe\x39\xcd\x83\x12\x24\x7f\x91\x67\x07\xdb\xee\x2e\x72\xec"
	"\x6d\xbb\x94\x25\x71\x94\x5d\x68\x17\x89\xac\x4e\x80\xf0\xc0\x84"
	"\x00\x1b\xa1\x7c\x50\xe4\xaa\x08\xf0\xf4\x69\xe0\x33\xea\x4e\xf1"
	"\x0a\x3c\x4f\xf2\xc2\x35\x86\x30\x4a\xd9\xd6\x8d\x2e\x28\x42\x81"
	"\x99\x51\xbb\x76\x4b\x5d\xa4\xe5\xa9\x8b\xe0\x77\xa3\xf6\x5c\x8a"
	"\x11\x3b\x24\x10\x89\x5b\x09\xfc\x8b\x62\x69\x39\x2a\x99\xfa\x66"
	"\xac\xd0\x86\x4d\x53\x79\x5c\x12\x77\xb9\x06\x5f\x28\xbd\xdd\x78"
	"\x74\x8d\x53\x07\xfa\x09\x65\x4a\x04\x23\xbf\xb0\xd6\x81\x43\x43"
	"\x99\x0e\x75\x58\x13\x9f\x86\x27\x71\x13\x5b\xad\xff\x52\x99\xba"
	"\x8a\x37\x7b\xba\x67\x65\x4c\x14\x57\x42\xd9\xc3\xb1\x30\x03\x54"
	"\x5e\x78\x24\x0f\x18\x51\x9e\xba\x7b\x19\x29\xd6\xa1\xe1\xf0\x17"
	"\xf3\xc0\xd9\xba\xba\x6f\x55\x30\xfa\x46\xf1\x8a\xe3\xc3\xfb\x0b"
	"\x7a\xa8\xf4\x4e\xcb\x51\xa0\x19\xc6\x16\x68\x19\xd0\xb5\x68\x43"
	"\x03\x09\x75\x0f\x01\x03\xa9\x9f\x75\x1e\x6d\x2b\xa8\x0a\xd8\x69"
	"\x75\xe5\x66\x34\x74\x79\x7c\xf8\xfe\x74\xfe\x71\xfe\x76\xc2\x33"
	"\x8f\xf8\xe9\x01\x31\xf1\x1a\x31\x1a\x3e\x3d\xbc\xfc\xad\x5a\x08"
	"\xf5\xd5\x2d\xee\xc5\x4b\xbf\x34\xd5\x09\x9a\xe6\x6b\xe3\xcc\xb1"
	"\x41\x71\x62\x92\x28\xa1\xfc\x20\xd4\x72\x74\x1f\x2d\x6b\x4e\x0c"
	"\x48\xd3\x58\x2f\x0d\x7f\xe7\x30\xe9\x02\x0b\xed\xbd\xc4\x09\x5b"
	"\x68\xeb\xad\x71\x19\xce\xd6\x35\x98\x8d\xc3\xba\x20\x90\xee\x6d"
	"\xeb\xac\x43\x99\xc6\x7e\x52\xb1\x89\xc1\x2a\x4b\x63\x8c\x4c\x12"
	"\x14\x9f\xa6\x93\xdb\xc5\xd2\x50\x16\x08\xe6\x85\x4d\x4a\xa0\x54"
	"\x2d\x6a\x5a\x7d\x7a\x63\xae\x97\x8b\x5a\xe9\xb1\x77\x99\xfa\xa4"
	"\xcb\x71\x7f\xef\x35\x4a\x52\x72\x96\x0d\xf5\x0e\xd8\x4a\x71\x56"
	"\x1e\x9c\xbd\x53\xd3\xd4\x85\x12\x67\x64\xfc\x22\x9b\xbd\x5e\x9e"
	"\x1f\x78\x2b\xaa\xac\x30\xc9\x79\x7f\x98\x5b\x0e\xb6\xf3\xdb\xb0"
	"\x70\x14\x8f\x3a\x42\x04\x63\x1f\xc3\x68\xb5\x27\xa6\x74\xfb\x78"
	"\x0e\xd2\xea\x3e\xf0\x54\x9c\x77\x75\xab\xe1\x04\xb0\x5e\x9e\x4b"
	"\x99\xef\x9e\x3e\x8a\x82\x61\xaf\xb2\xa8\xe4\x57\x3a\x47\xb1\xc2"
	"\x7c\x03\xf3\x9d\x3a\x8c\x69\x99\xc1\x90\xcd\xef\xf3\x61\x1e\xc6"
	"\x61\x48\xd2\xfc\x4a\x4d\xf7\xcc\x99\x96\x00\x2d\xee\xc8\x5e\x4e"
	"\x6d\x21\x68\x94\x28\x63\x78\xe4\x33\xf4\x68\xc5\xca\x20\x36\x83"
	"\xf6\x12\x49\xeb\xc2\x5d\xea\xb4\x1f\xb4\xcc\x1d\x9a\x8a\x7d\x9e"
	"\x94\x91\x47\xad\x16\xab\x3b\x81\xb6\xcd\xf6\xe9\xa7\xd7\xe3\x8f"
	"\xd3\xd3\xfb\x5f\x2d\x86\x49\x49\xd1\x76\xef\xe4\xa3\x64\x3c\xdf"
	"\x3c\x9c\x5f\x8e\x37\xe7\x97\x9b\xef\xc7\x1f\xcf\xc7\x97\x4e\x98"
	"\x6c\xc5\x0c\x0b\x3a\x32\x22\x31\x1b\xc5\x93\x7e\x79\xc8\x02\x67"
	"\x61\x9f\x15\x36\xc3\x7e\xcc\x37\xff\xdf\xd8\xb5\x2d\xb7\xcd\x02"
	"\xe1\x57\xc9\xe4\x01\xfa\xc7\x6e\x9c\xa6\x17\xbd\x40\x08\xdb\x6a"
	"\x24\x59\x05\xb9\x8e\x75\xa3\x71\x13\xb7\xf1\x74\x72\x98\xd8\xe9"
	"\xe1\xed\x7f\x16\x90\x0c\x62\xc1\x9d\xf1\x8c\x67\xf6\x5b\xce\x08"
	"\x96\x65\xd9\xb5\x35\x1b\x43\xc4\x4f\x04\x07\x06\x94\xe8\xb3\x72"
	"\x47\x5b\xd3\xd3\x50\xc6\xfe\xb2\x79\x88\x81\xeb\xd9\x0a\x69\x66"
	"\xb0\x82\xe4\xd8\x28\xcb\x22\x51\x97\x23\xb0\x09\x6b\x40\xe3\xa2"
	"\xd0\xcb\xcf\xd0\xc7\x48\x7e\x81\x08\x36\x6e\xc2\x6e\xcd\xea\xbd"
	"\x32\xbb\x5c\xb3\xe9\x68\x7c\x5d\x2c\x73\x0f\x28\x97\x39\x4e\xc4"
	"\x6a\x52\xa9\xff\x70\x5d\x60\x27\x52\xee\x33\xbd\x1c\xd5\x5f\x8a"
	"\x64\x59\x68\x24\x9c\x27\x59\xd6\x73\xe6\xc6\xe8\x31\x48\x40\x99"
	"\xdb\xa5\x03\x25\x4c\xef\x4c\x55\x3f\x6b\x7b\x3b\x3c\xc0\x8b\xe5"
	"\xbb\xcd\x61\x7b\x6f\xcb\x0c\xbf\x77\x87\x87\x33\xb2\xdf\x3f\xdf"
	"\xed\x14\x94\x6e\x0e\x1b\x27\xb2\x86\x69\x04\x2d\xc2\xe5\xcd\x5c"
	"\xa7\xb3\x5d\x92\x39\x91\xbf\xf1\x85\x5c\xb1\xd7\xc3\x18\xcb\x2e"
	"\xa7\x60\x5f\xb2\xaf\x5e\xbf\x31\x99\x3a\x2b\x15\xa0\x2a\x94\x28"
	"\xbf\x22\x8f\xcf\xf7\x76\xb0\xd2\xae\xac\x84\xfa\x9f\x0c\xf3\x3f"
	"\x23\x5a\x73\x84\x26\x90\xb2\x13\xa4\x45\x39\x5f\x05\xcc\x71\xcd"
	"\x14\x49\x68\xb8\x91\xb7\xee\x4d\x9a\xa1\x4a\x69\x6f\xc5\x89\x1f"
	"\xed\x76\xbe\xd9\x3f\x84\xda\x2a\x57\x51\xbf\xb1\x18\xf1\x56\x77"
	"\xcb\xb0\xcc\xaf\x83\x98\xa7\xdd\xcb\xf6\xed\xfe\xe0\x17\xc6\xe9"
	"\xfb\x31\x96\x89\x02\x62\xbd\x21\x19\xea\xd1\x45\x8a\xbe\xa5\xeb"
	"\xe6\x8d\x59\xea\xbc\x8e\x3c\x39\x63\x8a\xf4\xd2\x5f\x46\xd2\x09"
	"\xf6\x91\x65\x72\x1a\xb1\x1c\xfe\x63\xb5\xe5\x45\x3a\x0a\x84\xb7"
	"\xb3\x38\x02\x96\xa1\x47\x8e\xf1\xe4\xea\x04\xc7\x7b\xd7\xdf\xc9"
	"\xe0\x43\x98\x93\x91\xd7\x2e\x49\x94\xd9\x62\xe4\xc9\x08\x5b\xa9"
	"\xea\x19\x0f\x45\x71\xec\xd6\xaa\x6a\x82\x38\x55\xa3\xbb\x97\x07"
	"\x37\x8a\x44\xb7\xb5\x61\x13\x97\x94\xcb\x24\x13\x91\x35\x88\xd3"
	"\x4b\x24\x59\x92\x2f\x56\xe1\xe8\x50\x66\xe6\x90\x82\xe5\x79\x46"
	"\xe2\x3c\xa2\x9e\x9c\x62\xb8\x0a\x57\x2f\x45\x1b\x35\xf5\x16\x79"
	"\xef\x7b\x9d\x93\x86\xa4\x31\x0e\x41\x72\x41\xc6\xd1\x89\xd2\xad"
	"\x8c\xd1\x6c\x18\x8b\x17\xc3\x78\x35\x70\xcc\xe8\x6f\x12\x91\xcd"
	"\x58\x1e\x9d\x60\x1c\xbc\x69\x65\xe8\xc6\x4f\xbf\x15\x81\xe9\x05"
	"\x1c\x58\x68\x17\x4e\xc3\xae\x9c\xe6\xa4\x66\x48\x77\x36\x83\x78"
	"\xb2\x83\xd5\xb4\x59\x20\x69\xae\x2f\xa3\x53\x37\x6f\x2e\x4f\xc0"
	"\xf3\xe8\x77\xde\x08\x77\xc3\xd5\x2a\xf6\xcd\xd3\xfd\xf3\xe3\x59"
	"\xf9\xf6\xf8\x4d\x9e\xaa\x8d\xe7\x2a\xac\xa9\xa4\x14\x59\x4b\x2b"
	"\x4c\xec\x4a\x79\x02\x1a\xd1\x72\x89\x23\x66\x7d\x1e\x56\x47\x63"
	"\x24\xfe\x3d\x28\x26\xb9\x73\x45\x66\xb3\xe4\xf0\xca\xfd\x9c\xd5"
	"\xf2\xac\x02\xde\xcd\x07\x67\x4d\x4b\xb6\x52\x0a\xe8\x53\xe5\xf7"
	"\x8c\xc2\x08\x7e\xff\xc4\xcc\x03\x06\x0c\x43\x3e\x90\x9c\xc3\x2d"
	"\x83\xba\x75\x66\x30\x03\x64\xe5\xf7\x34\x03\xd7\xac\x6c\x72\xe1"
	"\xbe\x28\xaf\x44\x44\x35\x64\xa7\xec\xce\x0e\x18\x06\xaf\x7f\xc1"
	"\x2f\x33\x65\xa1\x62\xe5\x1f\x0a\xc1\xc3\xc1\x3e\x6b\x6f\x6c\x25"
	"\x03\xa5\x55\x74\xf8\x75\xf6\xa7\x2a\x0f\xde\x1a\xec\xca\x11\xb1"
	"\x2e\x0a\x06\x8a\x18\x10\x32\xda\x7a\x5d\xe1\x60\xb5\x4c\x72\xc3"
	"\x23\x96\x89\xcb\x66\x61\xf2\x34\xa4\xc4\xfb\x23\x78\x3b\xb9\xf8"
	"\xd8\x52\xc6\xe1\x22\x1e\x0c\x31\x5b\x65\xb4\x60\xc9\x57\xd5\x0d"
	"\x15\x1f\x7a\xa3\xd7\x1e\x3d\xea\xa2\x14\xae\x6f\x62\xd8\x3a\xe0"
	"\x20\x6c\x06\x4a\x91\x8a\x69\x63\x5e\x79\xe6\xd7\x85\x61\xa6\xba"
	"\x14\x9c\x86\x7d\x57\x12\xee\xfe\xec\x3b\xb8\x88\xd8\xfd\x78\xd2"
	"\xbe\x60\x94\x0d\xac\xbe\x3c\xeb\xc3\x17\x2a\xad\xb7\xd0\x1a\xb9"
	"\x4f\xe7\x77\x32\xf1\xfe\x3f\x48\x21\xd9\xda\x9f\xdb\xbf\xef\x5e"
	"\xb6\x8f\xe7\x96\x9d\x14\xf8\x3c\xaf\xf9\x52\x18\x15\x1d\x77\x9f"
	"\x92\x79\xb8\xf8\x74\xfe\x6b\x0b\xba\xb8\x77\x7f\x64\x37\x39\x99"
	"\x69\x0d\x77\x60\xb2\x81\x04\xd0\x71\x30\x54\x14\x08\xa3\x4a\x9c"
	"\x0a\xc3\x20\x55\xb5\x71\x16\xb9\xd5\xff\x1b\x08\xe7\x81\x38\x43"
	"\x92\xdf\x44\x18\x4a\xb6\x28\x51\x16\x25\x56\x6a\xa6\x23\x96\x64"
	"\x25\xe1\x6b\x73\x1b\xd7\x6d\x49\xf9\xee\xdb\xeb\xe6\xf5\xef\xd9"
	"\xeb\xf3\xdb\x61\xf7\x64\xcb\xc9\x49\x56\x73\x06\xea\x21\x86\x69"
	"\xe8\x30\x94\xab\x19\x45\x72\xdf\x30\x41\xd4\xbc\xa4\xd5\xba\x9d"
	"\x72\xf0\x63\xe2\x4c\x6f\x9b\x25\x67\x65\x00\x85\x68\x8e\x83\x28"
	"\x2e\xbd\x43\x18\x9a\x41\x38\x21\x52\xf9\x90\x13\x4e\x16\x6a\x0d"
	"\x8f\x81\x69\x51\xdd\xd2\xb9\xb6\xc6\xe2\xcc\x8e\xed\xc5\xa9\x1c"
	"\x10\xb9\xdc\x3b\xa4\xd1\x95\xbb\xde\xd0\xd6\x97\xc7\x1d\x38\xab"
	"\x97\x2d\x7e\xaa\x94\x63\x32\xc8\x4b\x0e\x52\x24\x42\x94\x61\x90"
	"\x6b\x07\x4b\xd6\xd7\x48\x52\x8d\x84\xb6\x72\xc5\x42\xf8\x8a\x04"
	"\xac\x8c\x34\x47\x92\x85\xa4\x1f\xfa\x01\x53\xf6\x66\x09\x76\x98"
	"\xa1\x58\x4c\x0b\xa5\x1c\xf3\x03\x12\x68\xb2\x1a\x0f\xd0\x99\x90"
	"\x20\x8b\x87\x5a\x2e\x69\xe0\x7e\x2e\xde\x7b\x20\x36\xc1\x9e\x67"
	"\xa4\x2a\x9b\x7a\x94\xb5\xba\x56\x35\x0b\x55\x1a\x67\x76\x7c\x01"
	"\xa0\xa6\xcc\xa2\x1f\x9d\x13\x34\x00\xe0\x7e\x0b\x14\xd4\x26\xf4"
	"\x33\xaa\x79\xeb\x72\x6b\x67\x4d\xe6\x78\x32\xef\x81\x44\x02\x63"
	"\x14\xc9\x9b\x82\xf8\x93\x1c\x51\xa4\x73\x06\xe6\xa5\x8b\x7c\xe1"
	"\x38\x90\xb7\xa9\x90\xed\xb5\x65\x28\xc4\xe4\xb9\x9a\xc1\x90\x60"
	"\xb4\xf6\xc6\x8e\xfa\x62\xd1\x93\x02\x25\x4f\x85\xed\xe3\x4a\x88"
	"\x05\xcd\x74\x34\x27\xc2\x39\x71\x54\xf9\x02\xbe\x5c\x3b\x62\x95"
	"\x26\xa9\x50\xb1\xce\x17\x0d\xf4\xd4\x6e\x3d\x58\x41\x70\x87\x25"
	"\xfd\x92\xdb\x6f\x34\xcd\xdb\xeb\xe1\x05\x74\x6f\x20\x01\x83\x94"
	"\x4d\xd5\xe3\x6d\xa8\x9b\x1d\xcd\xaf\x81\xe7\x2e\x83\x9b\xb2\x34"
	"\x70\xf0\x4d\x53\x34\x58\x48\x95\xc9\x79\x66\xcd\xa4\x2c\x99\xa6"
	"\xd6\xba\x02\x0e\x8a\xc0\x7f\x89\x5c\xf4\xdc\xdb\x9c\x99\xff\xf6"
	"\x63\xd8\x02\x01\xf1\x7f\x49\x66\x0d\x2c\xc4\x5c\x60\x25\x95\x2d"
	"\x72\x0c\xc8\x7a\xaa\x6f\x1b\xf1\x3f\xf2\x45\x9b\x59\x1c\x1f\x02"
	"\x00"
MAGIC_END;
